file;sample;latitude;longitude;date;notes;source;reference;x1;y1;x2;y2;x3;y3;x4;y4;x5;y5;x6;y6;x7;y7;x8;y8;x9;y9;x10;y10;x11;y11;x12;y12;x13;y13;x14;y14;x15;y15;x16;y16;x17;y17;x18;y18;x19;y19
MA-0001-EAoR1r1m_01.dw.png;MA-0001;31.689083;-4.17165;2020;desert;colony;Aglagane et al. 2022;514;691;563;685;637;872;669;753;682;551;830;888;945;965;911;912;1008;842;949;792;1040;712;1059;617;1108;549;1101;951;1186;874;1389;786;1471;780;1492;706;207;850
MA-0001-EAoR1r1m_02.dw.png;MA-0001;31.689083;-4.17165;2020;desert;colony;Aglagane et al. 2022;440;795;483;787;577;967;601;843;603;647;773;969;893;1039;859;990;968;910;880;855;973;777;989;680;1025;600;1037;1015;1146;913;1338;811;1396;798;1411;725;129;981
MA-0001-EAoR1r1m_03.dw.png;MA-0001;31.689083;-4.17165;2020;desert;colony;Aglagane et al. 2022;540;793;589;789;655;972;692;851;720;660;862;988;974;1070;941;1015;1059;941;979;884;1077;816;1096;717;1142;648;1135;1053;1237;961;1427;878;1493;870;1520;797;214;946
MA-0001-EAoR1r1m_04.dw.png;MA-0001;31.689083;-4.17165;2020;desert;colony;Aglagane et al. 2022;539;811;581;806;657;981;680;860;703;666;846;988;963;1058;926;1009;1052;929;969;877;1062;799;1072;704;1114;635;1120;1034;1224;937;1403;836;1464;827;1483;752;221;983
MA-0001-EAoR1r1m_05.dw.png;MA-0001;31.689083;-4.17165;2020;desert;colony;Aglagane et al. 2022;486;676;527;668;607;847;635;729;643;528;801;848;924;908;882;864;991;775;916;729;999;653;1013;557;1050;484;1077;883;1174;786;1364;678;1427;668;1443;596;168;866
MA-0001-EAoR1r1m_06.dw.png;MA-0001;31.689083;-4.17165;2020;desert;colony;Aglagane et al. 2022;529;856;573;847;681;1031;690;905;696;711;866;1024;975;1092;934;1039;1033;959;965;917;1053;832;1062;738;1101;660;1113;1066;1207;971;1398;864;1481;849;1486;772;243;1050
MA-0001-EAoR1r1m_07.dw.png;MA-0001;31.689083;-4.17165;2020;desert;colony;Aglagane et al. 2022;415;772;459;768;570;955;573;833;594;634;741;958;871;1036;829;981;933;903;851;853;946;777;957;683;1002;614;1017;1010;1100;918;1315;822;1399;809;1423;748;129;956
MA-0001-EAoR1r1m_08.dw.png;MA-0001;31.689083;-4.17165;2020;desert;colony;Aglagane et al. 2022;488;687;528;683;626;881;626;748;675;560;806;892;936;973;897;922;1023;849;928;789;1035;723;1052;627;1096;557;1105;956;1197;871;1381;786;1463;781;1486;714;185;871
MA-0001-EAoR1r1m_09.dw.png;MA-0001;31.689083;-4.17165;2020;desert;colony;Aglagane et al. 2022;475;789;510;784;584;975;621;856;631;654;778;988;892;1070;861;1015;966;941;917;896;1003;820;1009;717;1047;651;1043;1055;1135;977;1347;879;1418;874;1444;808;153;949
MA-0001-EAoR1r1m_10.dw.png;MA-0001;31.689083;-4.17165;2020;desert;colony;Aglagane et al. 2022;590;736;636;731;721;914;729;789;759;598;913;924;1021;999;989;949;1105;872;1028;821;1115;742;1134;646;1178;582;1164;986;1273;892;1463;798;1525;794;1548;724;275;896
MA-0002-EIbR1r1m_01.dw.png;MA-0002;31.979092;-4.476538;2020;desert;colony;Aglagane et al. 2022;476;854;525;852;629;1053;628;918;661;723;797;1063;917;1138;876;1089;992;1009;922;960;1013;883;1023;782;1063;705;1062;1126;1158;1040;1368;947;1442;941;1477;877;170;1024
MA-0002-EIbR1r1m_02.dw.png;MA-0002;31.979092;-4.476538;2020;desert;colony;Aglagane et al. 2022;517;770;563;767;667;952;684;837;684;641;864;967;964;1039;924;985;1037;906;970;861;1043;777;1052;685;1090;610;1115;1017;1205;930;1394;832;1473;823;1492;752;233;949
MA-0002-EIbR1r1m_03.dw.png;MA-0002;31.979092;-4.476538;2020;desert;colony;Aglagane et al. 2022;457;838;516;833;616;1024;617;894;650;695;800;1030;923;1111;888;1057;991;972;911;922;999;838;1006;738;1048;665;1069;1087;1166;990;1353;893;1428;884;1447;814;141;1028
MA-0002-EIbR1r1m_04.dw.png;MA-0002;31.979092;-4.476538;2020;desert;colony;Aglagane et al. 2022;482;818;522;811;631;1002;623;867;652;671;817;1001;939;1077;900;1021;991;935;924;888;1018;798;1028;695;1067;617;1091;1046;1171;951;1365;835;1450;821;1461;738;195;1015
MA-0002-EIbR1r1m_05.dw.png;MA-0002;31.979092;-4.476538;2020;desert;colony;Aglagane et al. 2022;439;797;487;792;585;992;594;861;611;658;771;998;890;1073;853;1024;969;944;887;892;965;810;974;711;1020;636;1031;1049;1118;958;1302;860;1399;850;1416;783;139;992
MA-0002-EIbR1r1m_06.dw.png;MA-0002;31.979092;-4.476538;2020;desert;colony;Aglagane et al. 2022;487;803;529;797;624;974;628;855;640;668;795;971;936;1039;899;993;1001;917;929;869;1001;796;1013;707;1044;637;1068;1017;1149;935;1338;837;1423;824;1441;760;204;985
MA-0002-EIbR1r1m_07.dw.png;MA-0002;31.979092;-4.476538;2020;desert;colony;Aglagane et al. 2022;495;784;541;779;635;963;643;836;680;646;813;966;943;1041;902;988;1008;910;936;866;1026;794;1037;694;1079;627;1093;1021;1179;932;1363;837;1440;828;1470;763;212;978
MA-0002-EIbR1r1m_08.dw.png;MA-0002;31.979092;-4.476538;2020;desert;colony;Aglagane et al. 2022;470;795;506;786;626;972;622;847;645;648;805;971;929;1036;890;990;987;903;922;862;1001;780;1009;683;1040;611;1079;1005;1172;917;1349;816;1427;804;1447;736;185;990
MA-0002-EIbR1r1m_09.dw.png;MA-0002;31.979092;-4.476538;2020;desert;colony;Aglagane et al. 2022;441;770;502;767;572;939;596;813;611;632;768;944;890;1015;857;968;953;881;883;838;960;759;967;665;1013;590;1042;988;1127;900;1329;805;1402;793;1427;723;166;958
MA-0002-EIbR1r1m_10.dw.png;MA-0002;31.979092;-4.476538;2020;desert;colony;Aglagane et al. 2022;440;786;476;781;590;958;591;839;613;647;764;959;885;1034;836;978;936;900;877;854;962;781;968;692;1010;619;1023;1009;1103;920;1290;827;1375;815;1386;748;156;966
MA-0003-EKlR1r1m_01.dw.png;MA-0003;31.4466;-5.169717;2020;semiarid;colony;Aglagane et al. 2022;513;806;560;799;643;989;659;862;691;673;848;1000;959;1071;914;1021;1040;947;973;902;1052;821;1055;726;1091;656;1099;1055;1195;971;1409;874;1476;869;1494;800;216;981
MA-0003-EKlR1r1m_02.dw.png;MA-0003;31.4466;-5.169717;2020;semiarid;colony;Aglagane et al. 2022;398;686;446;677;571;861;547;729;560;535;750;856;861;922;824;871;934;787;851;742;941;662;940;562;961;489;1028;884;1096;792;1274;689;1365;676;1381;615;144;893
MA-0003-EKlR1r1m_03.dw.png;MA-0003;31.4466;-5.169717;2020;semiarid;colony;Aglagane et al. 2022;500;797;539;794;635;978;641;861;662;673;803;984;937;1056;890;1005;1003;928;933;885;1023;811;1030;724;1071;651;1076;1035;1156;949;1360;851;1447;839;1460;770;192;969
MA-0003-EKlR1r1m_04.dw.png;MA-0003;31.4466;-5.169717;2020;semiarid;colony;Aglagane et al. 2022;430;803;469;797;563;994;587;866;604;654;742;1007;876;1087;827;1031;936;954;875;908;957;818;975;721;1016;644;1020;1068;1113;986;1323;884;1396;874;1417;800;136;993
MA-0003-EKlR1r1m_05.dw.png;MA-0003;31.4466;-5.169717;2020;semiarid;colony;Aglagane et al. 2022;495;842;544;837;632;1030;645;900;681;707;826;1041;946;1118;909;1068;1029;992;948;940;1034;859;1045;770;1091;699;1099;1098;1184;1011;1381;922;1470;915;1501;855;195;1014
MA-0003-EKlR1r1m_06.dw.png;MA-0003;31.4466;-5.169717;2020;semiarid;colony;Aglagane et al. 2022;476;725;529;717;614;903;630;779;653;578;819;908;934;976;897;927;1011;846;936;796;1024;717;1037;620;1064;554;1088;953;1178;857;1375;757;1452;746;1475;680;195;923
MA-0003-EKlR1r1m_07.dw.png;MA-0003;31.4466;-5.169717;2020;semiarid;colony;Aglagane et al. 2022;458;789;511;781;614;958;626;842;618;650;785;966;907;1036;866;986;962;908;900;865;983;788;985;697;1021;625;1052;1017;1138;931;1324;842;1418;829;1433;763;154;963
MA-0003-EKlR1r1m_08.dw.png;MA-0003;31.4466;-5.169717;2020;semiarid;colony;Aglagane et al. 2022;492;728;539;721;626;905;652;787;673;600;817;920;934;995;904;942;1011;864;939;818;1020;746;1035;656;1081;590;1094;975;1174;889;1361;801;1444;794;1464;727;189;888
MA-0003-EKlR1r1m_09.dw.png;MA-0003;31.4466;-5.169717;2020;semiarid;colony;Aglagane et al. 2022;471;768;522;767;614;969;618;832;655;644;804;983;909;1065;873;1005;976;937;914;885;996;813;1018;721;1067;651;1059;1053;1147;973;1338;893;1422;890;1457;826;176;931
MA-0003-EKlR1r1m_10.dw.png;MA-0003;31.4466;-5.169717;2020;semiarid;colony;Aglagane et al. 2022;487;716;534;716;637;917;628;782;686;593;811;936;912;1022;884;967;1008;901;922;840;1021;765;1035;675;1084;600;1062;1015;1157;925;1360;847;1438;847;1466;775;190;877
MA-0004-EKoR1r1m_01.dw.png;MA-0004;31.3008;-4.324667;2020;desert;colony;Aglagane et al. 2022;444;724;490;714;607;917;618;779;618;576;799;926;882;998;849;942;960;860;890;808;975;726;990;628;1032;549;1033;977;1125;878;1322;786;1399;779;1418;694;153;918
MA-0004-EKoR1r1m_02.dw.png;MA-0004;31.3008;-4.324667;2020;desert;colony;Aglagane et al. 2022;476;750;527;746;626;933;619;801;636;612;797;932;907;1000;866;949;975;862;914;824;991;741;987;644;1025;571;1076;973;1145;879;1327;772;1404;759;1428;688;170;935
MA-0004-EKoR1r1m_03.dw.png;MA-0004;31.3008;-4.324667;2020;desert;colony;Aglagane et al. 2022;500;777;558;775;644;959;663;840;682;644;837;967;947;1042;904;983;1001;901;943;860;1030;789;1037;694;1081;617;1091;1019;1174;923;1361;827;1451;814;1473;761;207;958
MA-0004-EKoR1r1m_04.dw.png;MA-0004;31.3008;-4.324667;2020;desert;colony;Aglagane et al. 2022;464;838;514;835;614;1016;626;896;643;694;805;1022;924;1097;880;1044;997;966;928;923;1008;845;1018;740;1057;666;1067;1075;1140;991;1362;885;1459;872;1474;803;182;1019
MA-0004-EKoR1r1m_05.dw.png;MA-0004;31.3008;-4.324667;2020;desert;colony;Aglagane et al. 2022;489;791;548;791;626;981;643;852;698;656;822;994;941;1075;895;1017;1010;939;942;889;1036;813;1048;717;1103;649;1078;1060;1184;966;1374;875;1466;872;1493;803;182;973
MA-0004-EKoR1r1m_06.dw.png;MA-0004;31.3008;-4.324667;2020;desert;colony;Aglagane et al. 2022;466;762;506;754;606;935;611;816;623;624;786;942;904;1018;870;966;978;892;909;841;989;762;994;665;1025;591;1057;998;1146;913;1339;814;1419;806;1430;737;185;946
MA-0004-EKoR1r1m_07.dw.png;MA-0004;31.3008;-4.324667;2020;desert;colony;Aglagane et al. 2022;442;721;481;714;568;899;589;776;607;581;765;913;888;990;849;937;958;859;890;814;970;736;982;632;1023;564;1033;968;1113;888;1316;788;1396;779;1417;708;149;897
MA-0004-EKoR1r1m_08.dw.png;MA-0004;31.3008;-4.324667;2020;desert;colony;Aglagane et al. 2022;364;755;417;752;505;943;521;818;548;625;703;967;816;1048;776;988;890;921;829;876;912;797;928;695;970;622;957;1036;1052;949;1269;857;1350;853;1370;780;63;917
MA-0004-EKoR1r1m_09.dw.png;MA-0004;31.3008;-4.324667;2020;desert;colony;Aglagane et al. 2022;462;658;506;653;612;852;613;723;645;528;782;861;900;937;863;884;972;801;896;753;991;671;994;571;1040;501;1042;918;1130;823;1333;724;1408;717;1433;644;189;845
MA-0004-EKoR1r1m_10.dw.png;MA-0004;31.3008;-4.324667;2020;desert;colony;Aglagane et al. 2022;510;848;560;846;630;1028;657;906;667;716;815;1039;922;1119;890;1065;1013;1000;945;949;1025;874;1035;787;1072;716;1086;1106;1168;1026;1369;946;1447;939;1471;872;221;1022
MA-0005-EKoR1r2m_01.dw.png;MA-0005;31.3008;-4.324667;2020;desert;colony;Aglagane et al. 2022;456;668;507;661;603;858;616;731;626;530;794;860;907;934;865;879;974;801;901;754;988;671;997;576;1040;501;1052;912;1147;814;1346;711;1421;703;1441;632;156;867
MA-0005-EKoR1r2m_02.dw.png;MA-0005;31.3008;-4.324667;2020;desert;colony;Aglagane et al. 2022;451;832;508;825;576;997;616;884;613;694;783;997;905;1061;865;1014;967;934;897;895;972;819;975;729;1009;660;1055;1033;1129;952;1307;848;1386;834;1399;769;171;1015
MA-0005-EKoR1r2m_03.dw.png;MA-0005;31.3008;-4.324667;2020;desert;colony;Aglagane et al. 2022;475;772;526;765;588;952;628;830;641;637;791;964;921;1041;884;991;999;912;925;860;1016;786;1026;691;1074;622;1082;1021;1168;937;1358;843;1449;830;1475;758;180;937
MA-0005-EKoR1r2m_04.dw.png;MA-0005;31.3008;-4.324667;2020;desert;colony;Aglagane et al. 2022;443;901;490;900;590;1099;582;961;633;767;769;1124;868;1206;839;1153;960;1072;877;1012;967;936;982;845;1026;772;1018;1194;1113;1102;1309;1018;1381;1015;1408;940;141;1055
MA-0005-EKoR1r2m_05.dw.png;MA-0005;31.3008;-4.324667;2020;desert;colony;Aglagane et al. 2022;461;750;510;746;594;940;613;813;638;612;777;953;885;1034;853;976;963;902;897;850;982;774;997;685;1043;607;1050;1019;1134;929;1323;843;1415;837;1442;765;168;929
MA-0005-EKoR1r2m_06.dw.png;MA-0005;31.3008;-4.324667;2020;desert;colony;Aglagane et al. 2022;415;707;463;701;543;886;565;765;585;568;749;901;868;975;827;925;934;847;870;809;950;726;962;624;999;551;1013;958;1098;872;1312;780;1387;774;1402;702;124;886
MA-0005-EKoR1r2m_07.dw.png;MA-0005;31.3008;-4.324667;2020;desert;colony;Aglagane et al. 2022;441;794;495;789;608;987;601;853;630;656;788;986;905;1057;861;1002;989;915;911;871;998;790;996;697;1030;620;1067;1024;1159;929;1340;828;1420;816;1439;747;153;992
MA-0005-EKoR1r2m_08.dw.png;MA-0005;31.3008;-4.324667;2020;desert;colony;Aglagane et al. 2022;427;748;478;746;558;939;575;806;603;606;755;953;871;1038;832;980;957;903;885;855;968;774;989;670;1030;591;1019;1020;1113;930;1341;835;1414;829;1435;755;132;937
MA-0005-EKoR1r2m_09.dw.png;MA-0005;31.3008;-4.324667;2020;desert;colony;Aglagane et al. 2022;460;754;506;745;609;937;597;803;631;622;783;944;904;1012;854;961;972;889;890;832;985;760;992;671;1035;602;1047;993;1131;905;1317;815;1398;808;1418;743;183;932
MA-0005-EKoR1r2m_10.dw.png;MA-0005;31.3008;-4.324667;2020;desert;colony;Aglagane et al. 2022;476;796;519;791;613;981;621;850;631;660;800;982;924;1055;876;1000;985;927;914;880;992;808;1006;712;1042;644;1060;1034;1137;949;1314;855;1398;845;1425;772;180;981
MA-0006-EMeR1r1m_01.dw.png;MA-0006;31.0724;-4.035383;2020;desert;colony;Aglagane et al. 2022;500;874;541;872;643;1063;653;940;667;741;817;1070;939;1152;899;1097;1015;1024;938;970;1029;892;1038;797;1086;726;1100;1135;1173;1049;1379;952;1464;941;1485;875;206;1061
MA-0006-EMeR1r1m_02.dw.png;MA-0006;31.0724;-4.035383;2020;desert;colony;Aglagane et al. 2022;432;694;474;685;590;876;577;745;607;549;761;878;883;953;839;900;953;820;883;770;974;695;987;600;1026;523;1037;929;1132;836;1325;744;1407;734;1431;670;131;884
MA-0006-EMeR1r1m_03.dw.png;MA-0006;31.0724;-4.035383;2020;desert;colony;Aglagane et al. 2022;476;704;522;699;638;898;626;769;670;578;822;908;939;986;903;934;1001;858;922;802;1027;733;1037;634;1081;562;1090;971;1181;881;1382;794;1464;786;1491;718;189;888
MA-0006-EMeR1r1m_04.dw.png;MA-0006;31.0724;-4.035383;2020;desert;colony;Aglagane et al. 2022;471;792;519;787;631;972;626;846;641;652;813;971;929;1044;896;992;1008;906;927;858;1006;775;1016;682;1051;605;1088;1014;1181;916;1366;812;1445;796;1466;729;183;998
MA-0006-EMeR1r1m_05.dw.png;MA-0006;31.0724;-4.035383;2020;desert;colony;Aglagane et al. 2022;515;649;558;647;650;832;664;714;689;525;822;846;931;918;900;871;1007;792;948;749;1027;674;1042;586;1077;515;1081;906;1171;823;1356;744;1455;737;1486;677;212;823
MA-0006-EMeR1r1m_06.dw.png;MA-0006;31.0724;-4.035383;2020;desert;colony;Aglagane et al. 2022;506;719;546;714;646;912;666;794;683;594;834;930;934;1003;897;949;993;875;958;837;1031;758;1042;661;1089;593;1073;993;1159;911;1353;829;1450;821;1475;751;204;889
MA-0006-EMeR1r1m_07.dw.png;MA-0006;31.0724;-4.035383;2020;desert;colony;Aglagane et al. 2022;556;695;594;685;672;877;691;750;715;572;868;895;989;976;951;922;1071;851;997;797;1086;731;1096;631;1137;557;1142;964;1234;879;1425;788;1507;780;1525;728;262;859
MA-0006-EMeR1r1m_08.dw.png;MA-0006;31.0724;-4.035383;2020;desert;colony;Aglagane et al. 2022;466;830;507;826;637;1027;614;893;662;699;802;1032;926;1112;883;1058;997;983;914;929;1020;850;1030;748;1076;670;1067;1094;1156;1004;1382;906;1462;897;1493;830;183;1022
MA-0006-EMeR1r1m_09.dw.png;MA-0006;31.0724;-4.035383;2020;desert;colony;Aglagane et al. 2022;498;738;544;736;647;929;648;803;688;613;831;938;952;1020;909;963;1025;890;947;833;1033;760;1047;663;1094;595;1104;1003;1181;915;1379;821;1479;811;1502;743;187;917
MA-0006-EMeR1r1m_10.dw.png;MA-0006;31.0724;-4.035383;2020;desert;colony;Aglagane et al. 2022;469;767;517;762;613;952;626;823;648;627;803;951;923;1022;887;971;1016;891;928;840;1008;762;1016;663;1055;586;1076;997;1173;898;1370;795;1437;781;1466;712;183;969
MA-0007-EMeR1r2m_01.dw.png;MA-0007;31.0724;-4.035383;2020;desert;colony;Aglagane et al. 2022;430;699;492;697;592;889;603;761;607;556;790;898;895;968;854;915;963;835;909;791;979;708;981;609;1018;532;1057;949;1144;855;1341;757;1412;750;1441;688;149;896
MA-0007-EMeR1r2m_02.dw.png;MA-0007;31.0724;-4.035383;2020;desert;colony;Aglagane et al. 2022;396;760;456;758;551;946;568;821;583;607;750;958;867;1036;824;978;930;900;862;848;949;773;962;672;1008;598;1009;1019;1105;923;1311;822;1376;814;1394;741;114;934
MA-0007-EMeR1r2m_03.dw.png;MA-0007;31.0724;-4.035383;2020;desert;colony;Aglagane et al. 2022;441;777;505;765;620;955;633;830;621;619;811;948;931;1017;893;967;987;879;914;832;998;757;1004;651;1045;576;1076;992;1159;895;1366;786;1438;777;1454;705;199;981
MA-0007-EMeR1r2m_04.dw.png;MA-0007;31.0724;-4.035383;2020;desert;colony;Aglagane et al. 2022;460;670;508;664;599;869;602;724;640;527;793;881;909;958;870;903;995;824;914;770;1016;695;1030;600;1074;522;1072;940;1168;852;1367;758;1442;755;1469;677;154;850
MA-0007-EMeR1r2m_05.dw.png;MA-0007;31.0724;-4.035383;2020;desert;colony;Aglagane et al. 2022;581;776;636;774;741;970;743;842;771;639;933;982;1048;1060;1015;1009;1113;922;1054;874;1152;803;1157;699;1207;622;1211;1041;1305;950;1488;854;1574;845;1593;772;287;949
MA-0007-EMeR1r2m_06.dw.png;MA-0007;31.0724;-4.035383;2020;desert;colony;Aglagane et al. 2022;478;782;539;777;644;968;656;844;663;637;849;974;962;1043;921;990;1018;908;943;860;1030;787;1038;682;1083;607;1111;1022;1197;923;1381;824;1462;813;1489;743;199;969
MA-0007-EMeR1r2m_07.dw.png;MA-0007;31.0724;-4.035383;2020;desert;colony;Aglagane et al. 2022;442;852;505;845;604;1041;604;905;613;707;813;1044;926;1114;892;1061;993;971;924;925;1003;842;1006;745;1043;669;1077;1082;1168;983;1357;878;1428;868;1455;798;148;1055
MA-0007-EMeR1r2m_08.dw.png;MA-0007;31.0724;-4.035383;2020;desert;colony;Aglagane et al. 2022;424;716;473;711;575;908;577;772;604;574;765;918;885;990;848;939;944;848;876;801;966;725;982;631;1025;556;1033;966;1117;876;1314;779;1396;771;1426;697;129;906
MA-0007-EMeR1r2m_09.dw.png;MA-0007;31.0724;-4.035383;2020;desert;colony;Aglagane et al. 2022;468;693;520;688;630;896;618;755;643;554;808;910;924;990;889;936;994;849;934;802;1021;721;1037;625;1079;549;1071;969;1169;881;1364;786;1444;780;1474;710;171;866
MA-0007-EMeR1r2m_10.dw.png;MA-0007;31.0724;-4.035383;2020;desert;colony;Aglagane et al. 2022;481;755;531;746;633;945;626;801;652;602;825;948;949;1017;907;963;1025;880;937;828;1036;748;1047;651;1088;573;1108;990;1196;896;1390;792;1465;782;1486;705;189;956
MA-0008-EMeR1r3m_01.dw.png;MA-0008;31.0724;-4.035383;2020;desert;colony;Aglagane et al. 2022;446;717;498;715;597;903;590;775;626;583;764;903;895;980;854;927;963;854;888;807;971;728;978;629;1014;549;1039;957;1132;869;1319;780;1396;768;1426;696;137;898
MA-0008-EMeR1r3m_02.dw.png;MA-0008;31.0724;-4.035383;2020;desert;colony;Aglagane et al. 2022;416;729;467;728;553;922;572;792;610;594;753;932;866;1009;837;956;957;877;882;828;968;748;979;646;1020;562;1025;991;1118;903;1327;804;1407;799;1435;728;108;905
MA-0008-EMeR1r3m_03.dw.png;MA-0008;31.0724;-4.035383;2020;desert;colony;Aglagane et al. 2022;468;825;517;821;615;1009;624;884;638;685;796;1012;914;1073;878;1029;979;943;912;902;987;819;992;719;1025;639;1054;1048;1147;956;1318;859;1406;842;1429;776;182;1024
MA-0008-EMeR1r3m_04.dw.png;MA-0008;31.0724;-4.035383;2020;desert;colony;Aglagane et al. 2022;441;746;490;741;615;931;604;805;633;603;792;935;922;1014;882;956;987;879;914;833;997;747;1008;649;1055;564;1077;988;1159;900;1343;799;1442;787;1464;710;141;929
MA-0008-EMeR1r3m_05.dw.png;MA-0008;31.0724;-4.035383;2020;desert;colony;Aglagane et al. 2022;484;784;536;780;609;970;635;847;662;654;803;986;917;1063;878;1005;998;934;929;885;1009;811;1020;711;1052;639;1062;1049;1161;959;1352;863;1420;859;1438;787;200;959
MA-0008-EMeR1r3m_06.dw.png;MA-0008;31.0724;-4.035383;2020;desert;colony;Aglagane et al. 2022;450;718;506;713;592;905;607;774;619;576;773;910;897;988;859;933;982;852;900;803;992;726;997;624;1038;544;1052;964;1148;868;1345;775;1438;763;1457;689;153;915
MA-0008-EMeR1r3m_07.dw.png;MA-0008;31.0724;-4.035383;2020;desert;colony;Aglagane et al. 2022;462;883;509;879;622;1069;613;935;637;743;790;1071;913;1143;878;1094;967;1005;902;964;988;885;1001;786;1045;712;1050;1121;1143;1026;1328;927;1408;917;1428;847;190;1085
MA-0008-EMeR1r3m_08.dw.png;MA-0008;31.0724;-4.035383;2020;desert;colony;Aglagane et al. 2022;473;886;526;886;610;1081;627;951;655;755;791;1092;908;1168;873;1116;975;1039;910;989;997;915;1013;818;1060;746;1046;1156;1142;1067;1336;980;1417;976;1444;910;195;1077
MA-0008-EMeR1r3m_09.dw.png;MA-0008;31.0724;-4.035383;2020;desert;colony;Aglagane et al. 2022;446;827;489;825;585;1022;597;893;639;694;777;1029;898;1107;866;1054;968;978;899;927;985;852;999;758;1047;671;1052;1086;1139;1000;1318;908;1423;899;1449;826;166;1010
MA-0008-EMeR1r3m_10.dw.png;MA-0008;31.0724;-4.035383;2020;desert;colony;Aglagane et al. 2022;466;823;521;815;626;1008;632;873;655;669;810;1007;934;1080;890;1029;1008;940;931;893;1012;812;1014;710;1051;631;1080;1050;1178;950;1356;854;1458;839;1481;769;182;1032
MA-0009-EMeR1r4m_01.dw.png;MA-0009;31.0724;-4.035383;2020;desert;colony;Aglagane et al. 2022;475;876;509;869;623;1050;627;933;628;734;793;1051;926;1126;885;1073;985;990;917;938;1009;869;1016;769;1054;697;1082;1099;1163;1007;1365;910;1453;901;1462;837;192;1075
MA-0009-EMeR1r4m_02.dw.png;MA-0009;31.0724;-4.035383;2020;desert;colony;Aglagane et al. 2022;464;722;498;717;615;901;613;779;621;583;778;901;897;975;861;923;972;842;908;800;989;717;993;620;1037;549;1059;951;1140;860;1341;762;1412;752;1423;686;182;913
MA-0009-EMeR1r4m_03.dw.png;MA-0009;31.0724;-4.035383;2020;desert;colony;Aglagane et al. 2022;476;826;527;818;631;1003;639;884;650;692;801;1005;929;1080;887;1026;992;948;931;897;1011;829;1018;732;1062;655;1085;1055;1163;971;1343;875;1453;860;1472;796;177;1009
MA-0009-EMeR1r4m_04.dw.png;MA-0009;31.0724;-4.035383;2020;desert;colony;Aglagane et al. 2022;451;694;503;687;588;881;613;757;636;568;784;894;900;971;861;916;975;845;906;792;999;719;1009;625;1054;550;1050;956;1134;877;1335;780;1428;774;1446;704;136;860
MA-0009-EMeR1r4m_05.dw.png;MA-0009;31.0724;-4.035383;2020;desert;colony;Aglagane et al. 2022;458;792;508;789;612;982;617;863;631;665;778;992;909;1075;871;1019;974;949;899;893;995;818;1013;723;1059;646;1054;1061;1142;971;1355;877;1433;870;1450;800;153;975
MA-0009-EMeR1r4m_06.dw.png;MA-0009;31.0724;-4.035383;2020;desert;colony;Aglagane et al. 2022;420;678;466;670;585;861;575;731;594;535;768;866;888;940;848;886;962;813;879;758;963;682;974;581;1021;506;1034;920;1115;830;1307;733;1389;726;1415;656;139;874
MA-0009-EMeR1r4m_07.dw.png;MA-0009;31.0724;-4.035383;2020;desert;colony;Aglagane et al. 2022;471;708;509;700;614;892;626;762;645;559;795;894;908;969;879;919;991;833;916;789;1006;707;1018;610;1059;534;1073;944;1166;854;1374;750;1442;742;1461;672;178;900
MA-0009-EMeR1r4m_08.dw.png;MA-0009;31.0724;-4.035383;2020;desert;colony;Aglagane et al. 2022;475;748;528;744;626;934;641;811;652;613;811;943;941;1023;899;968;1004;885;945;840;1035;763;1039;658;1072;585;1089;1003;1182;914;1388;821;1476;818;1496;746;175;930
MA-0009-EMeR1r4m_09.dw.png;MA-0009;31.0724;-4.035383;2020;desert;colony;Aglagane et al. 2022;483;688;531;684;621;884;632;755;673;568;804;895;934;971;900;923;1017;848;950;803;1033;724;1050;631;1089;559;1081;959;1163;874;1382;786;1468;778;1490;713;175;872
MA-0009-EMeR1r4m_10.dw.png;MA-0009;31.0724;-4.035383;2020;desert;colony;Aglagane et al. 2022;480;781;525;771;653;966;644;841;660;649;817;968;950;1039;909;990;1025;910;953;862;1035;787;1043;688;1077;615;1096;1018;1176;927;1381;828;1462;817;1480;747;182;975
MA-0010-EMeR1r5m_01.dw.png;MA-0010;31.0724;-4.035383;2020;desert;colony;Aglagane et al. 2022;456;849;505;845;606;1031;611;908;628;713;774;1044;897;1121;854;1068;970;988;895;934;984;860;987;763;1031;684;1067;1095;1141;1004;1337;905;1421;895;1447;824;173;1024
MA-0010-EMeR1r5m_02.dw.png;MA-0010;31.0724;-4.035383;2020;desert;colony;Aglagane et al. 2022;510;780;560;775;668;962;664;836;682;641;835;966;949;1047;908;987;1014;906;944;860;1028;777;1035;685;1072;605;1106;1019;1191;924;1364;825;1450;813;1475;743;219;968
MA-0010-EMeR1r5m_03.dw.png;MA-0010;31.0724;-4.035383;2020;desert;colony;Aglagane et al. 2022;432;768;484;763;567;946;597;832;611;631;757;956;880;1032;834;978;944;897;892;862;970;775;968;677;1006;605;1046;1012;1118;928;1324;821;1403;812;1416;745;146;952
MA-0010-EMeR1r5m_04.dw.png;MA-0010;31.0724;-4.035383;2020;desert;colony;Aglagane et al. 2022;485;734;539;730;615;920;635;792;667;595;796;940;918;1024;882;968;999;883;930;834;1024;757;1033;658;1083;581;1089;1005;1181;915;1380;822;1478;815;1505;750;192;898
MA-0010-EMeR1r5m_05.dw.png;MA-0010;31.0724;-4.035383;2020;desert;colony;Aglagane et al. 2022;471;792;525;786;607;982;616;847;653;656;791;998;921;1073;879;1024;992;934;920;882;1013;801;1023;701;1064;627;1093;1051;1181;962;1373;863;1466;850;1486;780;182;983
MA-0010-EMeR1r5m_06.dw.png;MA-0010;31.0724;-4.035383;2020;desert;colony;Aglagane et al. 2022;412;799;464;796;578;980;563;857;587;666;710;981;839;1065;796;1007;918;932;846;884;941;806;945;709;982;634;998;1043;1089;946;1275;855;1373;842;1394;777;136;983
MA-0010-EMeR1r5m_07.dw.png;MA-0010;31.0724;-4.035383;2020;desert;colony;Aglagane et al. 2022;493;756;548;756;634;954;640;821;681;624;802;968;926;1048;885;990;988;910;932;864;1014;779;1027;687;1072;617;1082;1027;1168;942;1363;841;1454;826;1465;760;212;939
MA-0010-EMeR1r5m_08.dw.png;MA-0010;31.0724;-4.035383;2020;desert;colony;Aglagane et al. 2022;400;830;454;828;538;1022;560;895;582;695;723;1031;846;1106;808;1053;919;964;861;927;938;837;948;736;991;659;1014;1080;1086;992;1300;880;1375;869;1386;798;107;1019
MA-0010-EMeR1r5m_09.dw.png;MA-0010;31.0724;-4.035383;2020;desert;colony;Aglagane et al. 2022;492;723;546;724;637;925;636;789;675;598;819;944;933;1026;892;971;1028;898;937;832;1033;761;1059;670;1108;598;1100;1011;1192;925;1402;834;1483;827;1505;753;189;900
MA-0010-EMeR1r5m_10.dw.png;MA-0010;31.0724;-4.035383;2020;desert;colony;Aglagane et al. 2022;454;746;510;746;587;935;607;811;641;617;778;958;887;1041;848;981;972;900;914;854;996;773;1009;677;1055;600;1064;1019;1152;929;1350;838;1442;831;1461;759;168;922
MA-0011-EMeR1r6m_01.dw.png;MA-0011;31.0724;-4.035383;2020;desert;colony;Aglagane et al. 2022;498;823;540;817;649;996;655;872;654;678;820;993;941;1063;902;1012;1013;927;927;881;999;792;1004;699;1043;625;1098;1024;1178;935;1353;825;1438;810;1447;741;221;1029
MA-0011-EMeR1r6m_02.dw.png;MA-0011;31.0724;-4.035383;2020;desert;colony;Aglagane et al. 2022;487;820;538;820;622;1011;630;883;663;696;789;1028;904;1111;867;1057;975;970;932;925;1008;852;1014;752;1054;685;1064;1094;1161;1007;1355;908;1438;905;1451;841;202;992
MA-0011-EMeR1r6m_03.dw.png;MA-0011;31.0724;-4.035383;2020;desert;colony;Aglagane et al. 2022;479;733;529;729;616;919;627;786;652;593;799;928;917;1002;876;951;989;859;926;809;1007;732;1012;633;1052;561;1067;980;1166;878;1356;772;1442;761;1458;696;206;920
MA-0011-EMeR1r6m_04.dw.png;MA-0011;31.0724;-4.035383;2020;desert;colony;Aglagane et al. 2022;526;777;572;777;594;943;659;838;684;665;779;963;899;1048;854;989;991;925;925;871;1005;805;1012;721;1054;656;1059;1031;1145;951;1323;871;1407;866;1420;803;224;937
MA-0011-EMeR1r6m_05.dw.png;MA-0011;31.0724;-4.035383;2020;desert;colony;Aglagane et al. 2022;383;835;438;833;505;1028;538;905;567;708;708;1050;823;1137;778;1073;893;999;836;944;929;871;950;775;996;700;992;1121;1081;1035;1287;940;1365;931;1391;864;85;1017
MA-0011-EMeR1r6m_06.dw.png;MA-0011;31.0724;-4.035383;2020;desert;colony;Aglagane et al. 2022;473;750;529;748;587;939;631;809;659;622;788;956;914;1034;873;981;996;900;929;845;1016;771;1028;673;1066;608;1074;1015;1151;927;1352;832;1436;826;1457;756;175;939
MA-0011-EMeR1r6m_07.dw.png;MA-0011;31.0724;-4.035383;2020;desert;colony;Aglagane et al. 2022;454;789;507;785;578;983;599;852;640;661;768;1007;878;1087;844;1032;967;955;899;901;988;829;1006;737;1052;666;1047;1072;1139;988;1323;898;1416;892;1439;825;140;952
MA-0011-EMeR1r6m_08.dw.png;MA-0011;31.0724;-4.035383;2020;desert;colony;Aglagane et al. 2022;512;733;560;728;642;916;665;795;684;602;824;937;931;1017;897;959;1020;883;953;835;1046;757;1062;656;1106;585;1101;1000;1184;914;1391;819;1464;814;1479;745;214;901
MA-0011-EMeR1r6m_09.dw.png;MA-0011;31.0724;-4.035383;2020;desert;colony;Aglagane et al. 2022;463;750;518;748;585;939;604;809;645;612;760;953;884;1041;846;983;965;903;895;846;991;774;999;677;1047;605;1043;1024;1139;934;1352;835;1429;830;1452;760;174;924
MA-0011-EMeR1r6m_10.dw.png;MA-0011;31.0724;-4.035383;2020;desert;colony;Aglagane et al. 2022;418;777;485;777;559;979;577;845;609;639;744;997;867;1083;829;1024;951;937;881;884;985;809;991;704;1045;627;1041;1063;1129;973;1343;876;1428;867;1452;796;120;954
MA-0012-EMeR2r1m_01.dw.png;MA-0012;31.071838;-4.035732;2020;desert;colony;Aglagane et al. 2022;459;787;506;785;584;970;618;855;643;653;793;983;914;1056;878;1007;982;930;921;884;996;805;1009;705;1047;632;1062;1041;1146;954;1343;859;1431;850;1449;782;183;958
MA-0012-EMeR2r1m_02.dw.png;MA-0012;31.071838;-4.035732;2020;desert;colony;Aglagane et al. 2022;439;808;487;801;586;985;590;852;606;656;793;985;912;1054;876;1003;983;918;912;873;991;787;1004;695;1038;612;1066;1022;1149;933;1348;825;1424;813;1450;743;163;998
MA-0012-EMeR2r1m_03.dw.png;MA-0012;31.071838;-4.035732;2020;desert;colony;Aglagane et al. 2022;498;691;544;687;643;879;650;754;660;569;813;888;927;967;893;913;997;840;929;787;1015;716;1030;622;1059;547;1077;951;1166;867;1360;775;1439;769;1467;702;219;864
MA-0012-EMeR2r1m_04.dw.png;MA-0012;31.071838;-4.035732;2020;desert;colony;Aglagane et al. 2022;430;746;480;743;569;933;587;810;596;617;748;946;859;1025;817;966;939;893;878;844;958;763;970;665;1002;590;1014;1007;1100;922;1298;822;1385;811;1415;738;132;920
MA-0012-EMeR2r1m_05.dw.png;MA-0012;31.071838;-4.035732;2020;desert;colony;Aglagane et al. 2022;431;830;493;820;600;1010;602;876;611;675;783;1003;909;1073;870;1024;989;940;907;888;996;801;1008;704;1052;622;1067;1048;1151;952;1364;849;1448;835;1468;758;141;1034
MA-0012-EMeR2r1m_06.dw.png;MA-0012;31.071838;-4.035732;2020;desert;colony;Aglagane et al. 2022;483;732;533;723;612;915;628;784;651;597;808;925;931;1002;885;947;998;875;932;824;1017;743;1033;653;1078;582;1073;986;1171;894;1354;800;1428;790;1455;720;182;910
MA-0012-EMeR2r1m_07.dw.png;MA-0012;31.071838;-4.035732;2020;desert;colony;Aglagane et al. 2022;433;773;475;763;583;957;588;828;607;634;776;959;902;1031;866;979;963;895;894;849;986;766;997;668;1045;590;1050;1005;1140;916;1348;812;1418;803;1444;727;161;971
MA-0012-EMeR2r1m_08.dw.png;MA-0012;31.071838;-4.035732;2020;desert;colony;Aglagane et al. 2022;439;741;487;736;580;938;590;809;616;610;761;952;871;1029;831;973;955;898;883;847;974;768;984;670;1026;592;1024;1014;1109;924;1306;829;1399;820;1425;748;134;920
MA-0012-EMeR2r1m_09.dw.png;MA-0012;31.071838;-4.035732;2020;desert;colony;Aglagane et al. 2022;471;851;517;840;633;1028;623;896;639;708;812;1032;941;1106;893;1053;1006;969;928;925;1014;839;1013;737;1048;654;1084;1083;1169;985;1352;886;1440;872;1457;792;182;1043
MA-0012-EMeR2r1m_10.dw.png;MA-0012;31.071838;-4.035732;2020;desert;colony;Aglagane et al. 2022;481;826;529;821;619;1013;634;887;662;693;813;1032;941;1109;908;1057;1009;979;943;930;1046;855;1057;753;1101;678;1088;1098;1186;1012;1398;918;1470;912;1491;838;194;998
MA-0013-EMeR2r2m_01.dw.png;MA-0013;31.071838;-4.035732;2020;desert;colony;Aglagane et al. 2022;449;730;498;724;584;918;607;791;619;589;776;928;889;1002;857;952;952;862;903;825;983;742;994;642;1038;566;1038;981;1127;889;1334;788;1413;782;1442;716;148;910
MA-0013-EMeR2r2m_02.dw.png;MA-0013;31.071838;-4.035732;2020;desert;colony;Aglagane et al. 2022;454;825;517;814;597;1007;614;877;633;675;782;1010;923;1085;873;1032;991;945;910;896;1003;811;1016;719;1062;642;1083;1060;1169;961;1351;862;1450;852;1479;776;171;1019
MA-0013-EMeR2r2m_03.dw.png;MA-0013;31.071838;-4.035732;2020;desert;colony;Aglagane et al. 2022;479;848;527;843;606;1032;621;900;645;709;794;1038;914;1115;882;1065;986;980;922;937;1008;856;1018;758;1052;683;1069;1094;1156;1005;1347;908;1432;903;1450;835;192;1043
MA-0013-EMeR2r2m_04.dw.png;MA-0013;31.071838;-4.035732;2020;desert;colony;Aglagane et al. 2022;462;823;511;816;618;1006;615;877;632;680;795;1010;911;1078;873;1031;962;938;923;907;1001;816;1005;720;1037;641;1074;1049;1153;961;1341;857;1427;848;1453;777;178;1022
MA-0013-EMeR2r2m_05.dw.png;MA-0013;31.071838;-4.035732;2020;desert;colony;Aglagane et al. 2022;469;745;513;739;608;931;619;804;633;610;786;937;906;1011;871;961;974;876;916;835;1004;751;1013;656;1050;581;1061;990;1141;903;1343;798;1429;789;1453;723;187;935
MA-0013-EMeR2r2m_06.dw.png;MA-0013;31.071838;-4.035732;2020;desert;colony;Aglagane et al. 2022;475;774;525;768;607;971;630;838;653;632;795;985;917;1061;883;1014;991;925;938;883;1026;799;1038;700;1077;622;1070;1046;1160;956;1368;862;1459;859;1482;785;182;959
MA-0013-EMeR2r2m_07.dw.png;MA-0013;31.071838;-4.035732;2020;desert;colony;Aglagane et al. 2022;456;756;507;751;599;939;609;811;623;622;786;944;903;1017;868;969;966;879;909;842;988;757;994;661;1028;585;1060;990;1141;902;1332;799;1409;791;1431;722;177;949
MA-0013-EMeR2r2m_08.dw.png;MA-0013;31.071838;-4.035732;2020;desert;colony;Aglagane et al. 2022;493;754;536;748;637;943;626;808;653;620;813;952;919;1024;892;976;985;892;930;851;1011;766;1020;670;1066;597;1076;1002;1161;913;1341;816;1431;806;1454;738;212;947
MA-0013-EMeR2r2m_09.dw.png;MA-0013;31.071838;-4.035732;2020;desert;colony;Aglagane et al. 2022;461;804;512;799;590;1002;612;870;635;675;774;1019;882;1100;858;1049;970;966;910;924;993;840;1007;742;1052;666;1049;1082;1134;998;1333;906;1423;903;1452;838;170;992
MA-0013-EMeR2r2m_10.dw.png;MA-0013;31.071838;-4.035732;2020;desert;colony;Aglagane et al. 2022;510;782;560;777;668;976;667;842;674;639;854;982;972;1055;934;1003;1043;915;988;877;1062;785;1062;685;1105;605;1134;1026;1205;934;1409;825;1489;816;1513;748;229;990
MA-0014-EMeR2r3m_01.dw.png;MA-0014;31.071838;-4.035732;2020;desert;colony;Aglagane et al. 2022;382;721;437;712;520;903;540;772;549;573;710;909;836;980;791;930;910;841;830;790;934;714;950;614;984;535;994;956;1084;855;1276;749;1372;736;1394;665;78;920
MA-0014-EMeR2r3m_02.dw.png;MA-0014;31.071838;-4.035732;2020;desert;colony;Aglagane et al. 2022;486;731;533;727;623;911;640;791;660;593;805;921;922;997;888;944;996;862;936;816;1033;746;1043;646;1081;572;1091;978;1180;889;1375;794;1460;790;1476;724;199;910
MA-0014-EMeR2r3m_03.dw.png;MA-0014;31.071838;-4.035732;2020;desert;colony;Aglagane et al. 2022;467;776;526;770;611;956;626;835;631;642;785;968;893;1041;858;988;964;904;907;864;997;784;1008;687;1047;614;1045;1026;1141;935;1365;840;1440;835;1456;766;173;956
MA-0014-EMeR2r3m_04.dw.png;MA-0014;31.071838;-4.035732;2020;desert;colony;Aglagane et al. 2022;504;909;560;907;645;1093;660;973;681;773;819;1111;933;1189;902;1138;1033;1063;955;1012;1045;935;1052;840;1093;774;1100;1179;1196;1091;1389;1006;1475;1002;1493;939;203;1070
MA-0014-EMeR2r3m_05.dw.png;MA-0014;31.071838;-4.035732;2020;desert;colony;Aglagane et al. 2022;497;736;549;729;655;909;654;784;660;592;825;913;940;982;902;930;1014;845;945;803;1031;719;1040;624;1069;545;1100;958;1187;865;1401;757;1472;750;1490;681;214;932
MA-0014-EMeR2r3m_06.dw.png;MA-0014;31.071838;-4.035732;2020;desert;colony;Aglagane et al. 2022;494;734;550;732;613;931;647;803;677;604;803;960;925;1051;885;992;1011;917;939;859;1044;790;1074;695;1113;620;1084;1043;1190;952;1382;872;1480;871;1503;796;179;898
MA-0014-EMeR2r3m_07.dw.png;MA-0014;31.071838;-4.035732;2020;desert;colony;Aglagane et al. 2022;461;808;514;803;599;1002;617;870;643;666;787;1016;905;1094;865;1041;989;959;916;910;1008;828;1023;731;1071;661;1071;1081;1159;983;1343;899;1445;892;1472;818;170;985
MA-0014-EMeR2r3m_08.dw.png;MA-0014;31.071838;-4.035732;2020;desert;colony;Aglagane et al. 2022;459;766;517;760;613;944;614;817;625;623;776;949;890;1024;864;975;991;894;908;846;997;765;1001;671;1046;596;1060;1005;1154;912;1345;820;1428;814;1449;745;166;940
MA-0014-EMeR2r3m_09.dw.png;MA-0014;31.071838;-4.035732;2020;desert;colony;Aglagane et al. 2022;450;821;491;815;592;1010;600;877;623;678;768;1019;892;1090;855;1046;970;954;895;904;989;825;1001;726;1033;651;1051;1070;1139;973;1338;873;1425;864;1444;792;165;1007
MA-0014-EMeR2r3m_10.dw.png;MA-0014;31.071838;-4.035732;2020;desert;colony;Aglagane et al. 2022;468;723;521;719;592;908;609;777;641;590;769;928;888;1009;856;958;977;886;890;825;991;757;1016;665;1067;598;1047;998;1139;919;1339;831;1417;830;1444;760;170;888
MA-0015-EMeR2r4m_01.dw.png;MA-0015;31.071838;-4.035732;2020;desert;colony;Aglagane et al. 2022;462;843;513;836;617;1025;623;893;624;692;815;1024;939;1095;904;1044;994;949;940;908;1016;825;1020;729;1062;653;1089;1067;1173;966;1366;859;1444;851;1459;779;190;1044
MA-0015-EMeR2r4m_02.dw.png;MA-0015;31.071838;-4.035732;2020;desert;colony;Aglagane et al. 2022;449;842;498;835;581;1014;613;903;614;716;769;1027;893;1105;842;1049;946;971;886;928;971;845;984;755;1025;678;1031;1086;1115;995;1314;897;1391;885;1409;815;168;1019
MA-0015-EMeR2r4m_03.dw.png;MA-0015;31.071838;-4.035732;2020;desert;colony;Aglagane et al. 2022;486;837;529;830;627;1023;638;893;648;689;819;1024;920;1092;883;1041;989;956;917;909;994;823;1002;728;1040;651;1053;1068;1158;970;1344;873;1433;863;1449;789;206;1027
MA-0015-EMeR2r4m_04.dw.png;MA-0015;31.071838;-4.035732;2020;desert;colony;Aglagane et al. 2022;408;667;454;665;541;866;570;741;597;540;725;885;845;973;800;912;917;837;853;792;944;718;965;615;1018;545;995;959;1088;874;1308;789;1408;785;1429;714;122;832
MA-0015-EMeR2r4m_05.dw.png;MA-0015;31.071838;-4.035732;2020;desert;colony;Aglagane et al. 2022;479;738;511;734;604;914;629;795;638;604;800;925;912;999;875;944;982;863;913;819;999;740;1008;646;1052;566;1058;972;1145;885;1329;784;1425;772;1445;700;197;930
MA-0015-EMeR2r4m_06.dw.png;MA-0015;31.071838;-4.035732;2020;desert;colony;Aglagane et al. 2022;454;755;498;750;604;935;602;807;627;614;780;936;892;1007;853;953;950;875;888;833;962;755;970;658;1014;590;1031;983;1115;894;1312;797;1391;789;1410;724;194;940
MA-0015-EMeR2r4m_07.dw.png;MA-0015;31.071838;-4.035732;2020;desert;colony;Aglagane et al. 2022;406;833;444;826;544;1015;574;893;577;682;742;1019;873;1097;824;1041;934;961;859;916;941;835;953;733;996;656;1020;1073;1110;981;1311;883;1400;871;1416;799;139;1021
MA-0015-EMeR2r4m_08.dw.png;MA-0015;31.071838;-4.035732;2020;desert;colony;Aglagane et al. 2022;499;730;545;727;634;928;660;805;682;607;815;952;916;1038;885;978;999;905;941;854;1021;780;1026;675;1071;607;1054;1025;1159;939;1367;855;1441;853;1475;788;211;912
MA-0015-EMeR2r4m_09.dw.png;MA-0015;31.071838;-4.035732;2020;desert;colony;Aglagane et al. 2022;488;798;532;793;628;987;644;857;659;654;820;992;920;1070;891;1015;998;936;921;881;1007;804;1020;705;1062;631;1055;1052;1159;955;1343;864;1448;854;1459;782;199;969
MA-0015-EMeR2r4m_10.dw.png;MA-0015;31.071838;-4.035732;2020;desert;colony;Aglagane et al. 2022;485;875;529;869;617;1063;628;934;669;745;800;1078;912;1160;874;1103;994;1029;928;983;1008;904;1016;805;1069;731;1057;1147;1144;1061;1364;964;1428;962;1458;895;209;1049
MA-0016-EMeR2r5m_01.dw.png;MA-0016;31.071838;-4.035732;2020;desert;colony;Aglagane et al. 2022;485;714;524;711;647;895;623;768;645;576;795;895;915;970;871;915;988;837;917;791;987;712;997;617;1033;537;1055;948;1140;857;1335;756;1403;745;1426;672;211;908
MA-0016-EMeR2r5m_02.dw.png;MA-0016;31.071838;-4.035732;2020;desert;colony;Aglagane et al. 2022;481;662;528;658;633;857;640;731;662;534;813;867;934;950;890;893;1007;817;936;760;1023;685;1035;581;1083;513;1090;932;1177;837;1380;741;1471;731;1495;661;182;842
MA-0016-EMeR2r5m_03.dw.png;MA-0016;31.071838;-4.035732;2020;desert;colony;Aglagane et al. 2022;449;734;497;728;575;912;597;786;626;590;779;917;891;985;858;935;950;849;900;815;987;734;985;629;1026;554;1047;963;1140;870;1327;771;1405;760;1423;690;168;893
MA-0016-EMeR2r5m_04.dw.png;MA-0016;31.071838;-4.035732;2020;desert;colony;Aglagane et al. 2022;446;772;490;772;579;951;592;838;626;644;749;964;868;1043;834;988;930;911;886;872;960;792;968;702;1014;622;1008;1029;1101;940;1294;850;1384;843;1403;775;146;927
MA-0016-EMeR2r5m_05.dw.png;MA-0016;31.071838;-4.035732;2020;desert;colony;Aglagane et al. 2022;422;709;475;705;555;905;570;774;609;576;750;912;861;988;825;935;924;854;881;820;969;739;975;639;1020;564;1013;971;1103;884;1309;790;1394;783;1409;713;120;872
MA-0016-EMeR2r5m_06.dw.png;MA-0016;31.071838;-4.035732;2020;desert;colony;Aglagane et al. 2022;491;703;545;699;630;896;645;765;683;565;832;906;948;986;912;930;1016;850;963;807;1043;733;1056;628;1103;560;1105;966;1200;879;1392;790;1485;778;1502;710;192;876
MA-0016-EMeR2r5m_07.dw.png;MA-0016;31.071838;-4.035732;2020;desert;colony;Aglagane et al. 2022;469;707;512;707;621;911;619;775;653;571;795;923;911;1003;873;946;985;859;924;810;1019;735;1030;627;1073;553;1070;982;1168;884;1385;790;1466;782;1475;711;141;876
MA-0016-EMeR2r5m_08.dw.png;MA-0016;31.071838;-4.035732;2020;desert;colony;Aglagane et al. 2022;473;691;521;688;611;886;616;751;651;557;785;896;891;972;863;917;960;833;914;792;999;705;1007;605;1054;535;1040;951;1133;863;1320;760;1413;753;1443;678;183;871
MA-0016-EMeR2r5m_09.dw.png;MA-0016;31.071838;-4.035732;2020;desert;colony;Aglagane et al. 2022;473;709;519;705;621;894;644;776;648;573;812;901;925;980;892;922;992;845;940;802;1018;726;1019;629;1064;549;1073;961;1163;869;1367;772;1453;762;1472;695;178;886
MA-0016-EMeR2r5m_10.dw.png;MA-0016;31.071838;-4.035732;2020;desert;colony;Aglagane et al. 2022;467;800;523;796;611;983;616;859;633;677;781;992;884;1064;846;1010;956;937;894;889;975;814;985;721;1016;639;1030;1047;1122;959;1324;865;1409;857;1439;788;189;973
MA-0017-ERiR1r1m_01.dw.png;MA-0017;31.278083;-4.203867;2020;desert;colony;Aglagane et al. 2022;475;769;531;768;603;959;619;833;656;648;798;978;907;1054;866;1000;983;927;920;879;1003;803;1023;709;1071;639;1065;1038;1154;954;1354;863;1445;857;1481;790;195;946
MA-0017-ERiR1r1m_02.dw.png;MA-0017;31.278083;-4.203867;2020;desert;colony;Aglagane et al. 2022;490;695;546;690;644;878;647;753;664;557;841;883;944;953;899;900;1017;823;945;780;1031;695;1040;600;1074;527;1095;927;1186;835;1372;740;1458;731;1473;657;206;889
MA-0017-ERiR1r1m_03.dw.png;MA-0017;31.278083;-4.203867;2020;desert;colony;Aglagane et al. 2022;448;748;490;741;601;942;584;804;623;614;767;953;876;1029;832;976;954;895;875;842;977;768;991;675;1034;599;1026;1010;1120;918;1313;838;1408;833;1420;758;144;929
MA-0017-ERiR1r1m_04.dw.png;MA-0017;31.278083;-4.203867;2020;desert;colony;Aglagane et al. 2022;533;758;594;754;695;941;693;813;718;617;873;950;975;1019;934;964;1059;893;968;844;1074;767;1083;670;1118;595;1129;997;1217;905;1402;809;1484;803;1501;729;238;944
MA-0017-ERiR1r1m_05.dw.png;MA-0017;31.278083;-4.203867;2020;desert;colony;Aglagane et al. 2022;446;777;490;774;594;965;602;842;623;651;783;981;887;1055;859;1005;960;926;882;879;974;804;989;712;1030;637;1040;1037;1134;949;1326;862;1408;857;1427;787;149;942
MA-0017-ERiR1r1m_06.dw.png;MA-0017;31.278083;-4.203867;2020;desert;colony;Aglagane et al. 2022;456;847;502;841;623;1042;611;900;631;694;813;1043;926;1107;887;1060;999;971;922;925;1009;835;1011;731;1052;653;1074;1081;1164;983;1358;869;1433;857;1464;784;175;1056
MA-0017-ERiR1r1m_07.dw.png;MA-0017;31.278083;-4.203867;2020;desert;colony;Aglagane et al. 2022;509;794;556;792;661;983;674;860;672;656;826;991;932;1069;887;1009;1023;932;933;877;1028;806;1039;709;1076;636;1088;1047;1178;950;1364;854;1444;847;1478;775;216;971
MA-0017-ERiR1r1m_08.dw.png;MA-0017;31.278083;-4.203867;2020;desert;colony;Aglagane et al. 2022;481;798;528;793;633;985;631;854;655;653;825;986;936;1058;901;1007;1009;926;922;877;1013;797;1026;709;1066;636;1086;1031;1166;937;1350;837;1432;827;1454;758;206;993
MA-0017-ERiR1r1m_09.dw.png;MA-0017;31.278083;-4.203867;2020;desert;colony;Aglagane et al. 2022;427;726;479;721;575;920;590;789;601;591;757;932;871;1007;827;951;943;870;885;826;977;741;991;639;1035;562;1015;988;1108;895;1326;794;1409;791;1432;715;127;915
MA-0017-ERiR1r1m_10.dw.png;MA-0017;31.278083;-4.203867;2020;desert;colony;Aglagane et al. 2022;464;830;506;827;614;1010;613;883;628;692;797;1009;912;1075;870;1026;979;942;903;894;990;815;991;719;1028;639;1072;1042;1146;946;1348;846;1434;832;1448;760;182;1034
MA-0018-ERiR1r2m_01.dw.png;MA-0018;31.278083;-4.203867;2020;desert;colony;Aglagane et al. 2022;476;830;530;828;594;1009;626;891;659;707;787;1022;890;1102;858;1048;974;970;911;925;992;848;1008;760;1047;688;1038;1082;1141;983;1321;897;1397;886;1421;817;194;998
MA-0018-ERiR1r2m_02.dw.png;MA-0018;31.278083;-4.203867;2020;desert;colony;Aglagane et al. 2022;460;823;498;816;612;999;592;867;616;670;789;1005;902;1082;866;1026;977;947;907;899;989;814;1007;723;1052;651;1064;1053;1144;966;1340;860;1411;852;1434;779;166;1000
MA-0018-ERiR1r2m_03.dw.png;MA-0018;31.278083;-4.203867;2020;desert;colony;Aglagane et al. 2022;493;778;540;780;622;973;627;844;677;656;793;997;905;1084;875;1032;1000;967;921;907;1013;830;1040;738;1094;671;1056;1076;1147;1000;1345;911;1434;909;1458;835;190;932
MA-0018-ERiR1r2m_04.dw.png;MA-0018;31.278083;-4.203867;2020;desert;colony;Aglagane et al. 2022;498;922;551;915;652;1104;655;978;669;775;842;1109;958;1183;911;1126;1025;1046;939;993;1030;920;1047;814;1095;739;1104;1157;1198;1056;1404;956;1478;947;1498;878;192;1101
MA-0018-ERiR1r2m_05.dw.png;MA-0018;31.278083;-4.203867;2020;desert;colony;Aglagane et al. 2022;386;783;442;783;515;980;536;852;577;656;710;1003;825;1090;786;1031;904;964;846;915;936;845;957;743;1006;671;968;1085;1066;997;1286;922;1361;921;1398;855;85;937
MA-0018-ERiR1r2m_06.dw.png;MA-0018;31.278083;-4.203867;2020;desert;colony;Aglagane et al. 2022;482;763;519;759;609;948;628;826;657;632;790;965;894;1038;859;988;987;910;923;866;998;784;1010;693;1062;622;1062;1024;1152;939;1344;848;1417;840;1428;768;194;935
MA-0018-ERiR1r2m_07.dw.png;MA-0018;31.278083;-4.203867;2020;desert;colony;Aglagane et al. 2022;467;784;510;781;617;985;640;860;669;656;806;999;916;1080;876;1021;984;946;917;900;1021;819;1030;716;1074;643;1061;1066;1157;975;1355;884;1432;877;1457;801;194;958
MA-0018-ERiR1r2m_08.dw.png;MA-0018;31.278083;-4.203867;2020;desert;colony;Aglagane et al. 2022;418;723;476;723;566;929;563;784;613;593;745;942;859;1017;824;965;951;891;870;838;962;757;975;656;1021;586;1010;1004;1104;917;1305;825;1391;821;1411;752;101;887
MA-0018-ERiR1r2m_09.dw.png;MA-0018;31.278083;-4.203867;2020;desert;colony;Aglagane et al. 2022;454;779;496;775;572;972;592;848;639;662;749;1003;849;1082;815;1031;943;959;875;903;961;826;980;729;1031;666;1010;1075;1101;996;1313;904;1388;901;1411;838;149;942
MA-0018-ERiR1r2m_10.dw.png;MA-0018;31.278083;-4.203867;2020;desert;colony;Aglagane et al. 2022;456;809;499;805;572;995;618;884;640;683;776;1015;886;1099;855;1043;957;969;894;925;988;849;1001;751;1042;680;1032;1090;1125;1003;1324;920;1399;915;1432;848;171;973
MA-0019-ETaR1r1m_01.dw.png;MA-0019;31.3451;-4.278433;2020;desert;colony;Aglagane et al. 2022;497;775;546;770;628;952;643;828;657;641;818;951;928;1010;894;969;992;889;931;847;1004;758;1023;671;1066;600;1074;988;1152;905;1349;789;1428;777;1434;706;224;963
MA-0019-ETaR1r1m_02.dw.png;MA-0019;31.3451;-4.278433;2020;desert;colony;Aglagane et al. 2022;473;839;518;837;601;1029;631;913;667;719;783;1044;893;1128;861;1073;967;997;905;954;995;871;1010;778;1059;709;1040;1111;1137;1024;1326;930;1403;925;1439;855;180;1005
MA-0019-ETaR1r1m_03.dw.png;MA-0019;31.3451;-4.278433;2020;desert;colony;Aglagane et al. 2022;519;881;572;876;655;1067;679;946;691;740;824;1080;919;1155;888;1102;990;1028;935;979;1023;902;1045;809;1089;734;1065;1143;1151;1061;1361;969;1447;961;1470;889;224;1051
MA-0019-ETaR1r1m_04.dw.png;MA-0019;31.3451;-4.278433;2020;desert;colony;Aglagane et al. 2022;422;724;473;727;535;927;566;807;617;613;732;970;834;1062;813;1010;935;949;851;884;963;818;994;728;1047;663;997;1069;1114;996;1311;928;1394;931;1433;867;103;852
MA-0019-ETaR1r1m_05.dw.png;MA-0019;31.3451;-4.278433;2020;desert;colony;Aglagane et al. 2022;509;813;572;811;643;1003;666;876;703;671;827;1014;929;1087;892;1031;1004;949;946;906;1034;829;1045;728;1105;660;1081;1073;1177;979;1404;880;1475;877;1496;809;195;976
MA-0019-ETaR1r1m_06.dw.png;MA-0019;31.3451;-4.278433;2020;desert;colony;Aglagane et al. 2022;477;880;528;877;614;1055;635;935;656;736;795;1058;900;1128;863;1073;977;993;912;949;996;869;1001;774;1045;702;1057;1103;1148;1004;1339;899;1426;890;1435;817;177;1063
MA-0019-ETaR1r1m_07.dw.png;MA-0019;31.3451;-4.278433;2020;desert;colony;Aglagane et al. 2022;399;797;450;794;543;996;547;859;596;656;740;1011;846;1089;812;1034;943;954;870;908;953;825;967;724;1025;660;997;1072;1104;978;1313;885;1391;881;1415;811;100;973
MA-0019-ETaR1r1m_08.dw.png;MA-0019;31.3451;-4.278433;2020;desert;colony;Aglagane et al. 2022;473;814;518;808;635;996;647;889;656;688;809;1008;915;1088;883;1038;975;959;914;914;1009;837;1025;740;1074;668;1053;1077;1156;988;1350;899;1444;892;1460;818;185;980
MA-0019-ETaR1r1m_09.dw.png;MA-0019;31.3451;-4.278433;2020;desert;colony;Aglagane et al. 2022;518;808;569;801;665;984;669;859;689;665;849;986;950;1056;914;1005;1025;927;950;878;1035;801;1048;711;1094;642;1097;1031;1173;946;1354;846;1456;834;1473;765;243;992
MA-0019-ETaR1r1m_10.dw.png;MA-0019;31.3451;-4.278433;2020;desert;colony;Aglagane et al. 2022;569;1035;621;1027;717;1210;723;1088;742;893;900;1218;1001;1287;967;1238;1076;1160;1001;1109;1089;1034;1103;942;1148;873;1149;1262;1226;1179;1406;1079;1510;1068;1524;1000;294;1222
MA-0020-ETaR1r2m_01.dw.png;MA-0020;31.3451;-4.278433;2020;desert;colony;Aglagane et al. 2022;465;846;517;839;632;1023;626;899;635;700;796;1020;918;1093;881;1040;975;953;909;909;993;825;1006;731;1043;650;1064;1065;1145;971;1336;868;1425;854;1447;780;179;1035
MA-0020-ETaR1r2m_02.dw.png;MA-0020;31.3451;-4.278433;2020;desert;colony;Aglagane et al. 2022;427;803;476;800;551;988;575;859;606;665;756;997;861;1073;827;1022;955;949;861;895;955;816;968;723;1009;644;1019;1056;1111;962;1299;874;1384;868;1397;807;122;973
MA-0020-ETaR1r2m_03.dw.png;MA-0020;31.3451;-4.278433;2020;desert;colony;Aglagane et al. 2022;393;765;457;764;539;954;565;837;584;632;735;968;843;1040;808;988;913;916;846;869;941;782;958;687;1006;615;999;1026;1084;944;1287;850;1380;844;1413;777;97;934
MA-0020-ETaR1r2m_04.dw.png;MA-0020;31.3451;-4.278433;2020;desert;colony;Aglagane et al. 2022;467;799;513;799;615;1004;623;877;666;684;785;1022;894;1107;861;1051;974;980;901;924;1002;854;1025;763;1074;692;1056;1101;1151;1021;1349;939;1427;937;1453;868;175;958
MA-0020-ETaR1r2m_05.dw.png;MA-0020;31.3451;-4.278433;2020;desert;colony;Aglagane et al. 2022;429;735;477;734;568;939;584;809;618;610;749;960;841;1035;808;980;946;908;877;852;972;779;992;685;1035;614;996;1025;1093;937;1314;852;1392;852;1421;780;110;891
MA-0020-ETaR1r2m_06.dw.png;MA-0020;31.3451;-4.278433;2020;desert;colony;Aglagane et al. 2022;452;796;507;791;602;985;604;849;628;660;793;983;894;1049;861;1002;969;922;897;876;981;795;989;700;1028;622;1052;1027;1144;932;1319;835;1405;825;1419;759;156;976
MA-0020-ETaR1r2m_07.dw.png;MA-0020;31.3451;-4.278433;2020;desert;colony;Aglagane et al. 2022;502;809;545;804;672;1002;662;867;681;663;846;1003;967;1078;924;1022;1045;944;950;889;1042;809;1054;714;1104;636;1112;1057;1197;968;1410;853;1481;845;1502;772;212;1003
MA-0020-ETaR1r2m_08.dw.png;MA-0020;31.3451;-4.278433;2020;desert;colony;Aglagane et al. 2022;485;808;530;797;644;990;641;859;655;664;840;994;943;1061;912;1012;1013;934;922;881;1014;799;1026;709;1064;636;1092;1037;1173;947;1353;843;1435;829;1442;756;207;997
MA-0020-ETaR1r2m_09.dw.png;MA-0020;31.3451;-4.278433;2020;desert;colony;Aglagane et al. 2022;451;884;504;876;606;1055;613;932;621;736;786;1042;912;1102;867;1057;956;970;900;933;969;846;980;757;1012;673;1071;1065;1141;974;1303;861;1390;838;1395;764;189;1087
MA-0020-ETaR1r2m_10.dw.png;MA-0020;31.3451;-4.278433;2020;desert;colony;Aglagane et al. 2022;533;740;578;740;623;912;677;804;701;612;832;934;929;1008;895;956;1011;891;941;842;1030;765;1045;683;1091;614;1076;998;1153;915;1348;838;1438;838;1468;773;280;898
MA-0021-ETgR1r1m_01.dw.png;MA-0021;32.234156;-4.63233;2020;desert;colony;Aglagane et al. 2022;502;767;550;762;648;949;662;828;672;637;820;955;935;1030;893;978;1002;904;938;855;1024;783;1033;690;1071;616;1081;1015;1164;929;1351;838;1442;832;1459;765;212;956
MA-0021-ETgR1r1m_02.dw.png;MA-0021;32.234156;-4.63233;2020;desert;colony;Aglagane et al. 2022;451;757;496;757;586;947;603;830;646;634;778;965;888;1041;850;986;959;916;901;871;984;795;1001;702;1055;636;1038;1024;1135;939;1327;853;1394;848;1422;780;154;913
MA-0021-ETgR1r1m_03.dw.png;MA-0021;32.234156;-4.63233;2020;desert;colony;Aglagane et al. 2022;508;801;560;797;633;988;667;859;697;661;844;1000;975;1075;929;1021;1035;942;963;893;1049;814;1064;717;1111;642;1125;1055;1213;963;1415;870;1507;862;1532;794;204;986
MA-0021-ETgR1r1m_04.dw.png;MA-0021;32.234156;-4.63233;2020;desert;colony;Aglagane et al. 2022;466;879;518;876;620;1064;621;936;638;736;803;1065;938;1130;907;1085;992;1004;932;962;1021;884;1030;789;1064;709;1079;1107;1167;1024;1365;927;1448;914;1470;845;173;1089
MA-0021-ETgR1r1m_05.dw.png;MA-0021;32.234156;-4.63233;2020;desert;colony;Aglagane et al. 2022;473;833;516;828;625;1028;628;895;667;695;795;1038;921;1118;880;1061;979;985;905;933;993;855;1007;751;1052;678;1059;1099;1149;1010;1341;918;1432;908;1452;836;192;1021
MA-0021-ETgR1r1m_06.dw.png;MA-0021;32.234156;-4.63233;2020;desert;colony;Aglagane et al. 2022;481;776;522;771;625;959;647;840;659;634;820;973;953;1046;912;995;1013;912;941;864;1027;786;1038;686;1081;611;1097;1027;1195;935;1389;839;1482;828;1492;754;180;958
MA-0021-ETgR1r1m_07.dw.png;MA-0021;32.234156;-4.63233;2020;desert;colony;Aglagane et al. 2022;462;766;506;760;603;950;623;834;637;636;776;958;897;1034;858;983;976;910;895;858;974;782;984;688;1029;624;1051;1017;1140;932;1326;845;1407;840;1424;772;166;939
MA-0021-ETgR1r1m_08.dw.png;MA-0021;32.234156;-4.63233;2020;desert;colony;Aglagane et al. 2022;434;753;481;750;601;957;596;818;633;614;793;966;913;1043;876;988;1005;913;906;851;1010;773;1024;677;1066;605;1069;1027;1170;933;1375;839;1439;833;1472;765;149;940
MA-0021-ETgR1r1m_09.dw.png;MA-0021;32.234156;-4.63233;2020;desert;colony;Aglagane et al. 2022;434;777;474;769;593;948;586;825;597;635;761;945;894;1015;849;966;948;878;881;836;966;754;964;657;1006;578;1038;988;1130;889;1304;793;1401;777;1421;705;143;980
MA-0021-ETgR1r1m_10.dw.png;MA-0021;32.234156;-4.63233;2020;desert;colony;Aglagane et al. 2022;546;788;580;781;690;967;690;842;714;647;863;970;982;1044;934;989;1050;915;988;872;1074;792;1071;687;1105;615;1135;1024;1221;935;1404;843;1488;833;1511;761;240;964
MA-0022-ETiR1r1m_01.dw.png;MA-0022;31.512387;-5.027543;2020;semiarid;colony;Aglagane et al. 2022;535;748;578;743;687;927;688;801;704;605;873;936;992;1007;950;958;1051;873;978;826;1068;749;1079;653;1110;586;1146;981;1236;895;1413;803;1493;792;1520;724;229;939
MA-0022-ETiR1r1m_02.dw.png;MA-0022;31.512387;-5.027543;2020;semiarid;colony;Aglagane et al. 2022;493;847;542;841;620;1031;652;911;682;711;805;1046;923;1128;883;1072;996;995;943;947;1029;871;1049;776;1098;710;1062;1116;1159;1034;1362;944;1467;940;1487;864;202;1012
MA-0022-ETiR1r1m_03.dw.png;MA-0022;31.512387;-5.027543;2020;semiarid;colony;Aglagane et al. 2022;386;746;436;740;538;932;550;804;568;597;737;937;870;1010;822;956;924;867;847;815;944;738;953;639;992;564;1023;981;1103;891;1303;787;1394;777;1416;697;93;944
MA-0022-ETiR1r1m_04.dw.png;MA-0022;31.512387;-5.027543;2020;semiarid;colony;Aglagane et al. 2022;494;753;533;749;653;944;644;809;671;615;837;950;936;1022;904;968;1014;892;946;844;1026;760;1033;671;1076;596;1093;998;1183;910;1375;820;1459;812;1480;747;199;949
MA-0022-ETiR1r1m_05.dw.png;MA-0022;31.512387;-5.027543;2020;semiarid;colony;Aglagane et al. 2022;483;738;536;734;658;934;638;799;665;602;836;940;946;1012;911;964;1023;883;933;829;1018;747;1033;658;1072;587;1085;995;1182;903;1369;805;1450;797;1476;726;177;918
MA-0022-ETiR1r1m_06.dw.png;MA-0022;31.512387;-5.027543;2020;semiarid;colony;Aglagane et al. 2022;452;703;502;702;584;900;599;763;641;562;764;915;890;999;846;939;979;864;914;810;1007;732;1016;625;1065;546;1051;982;1151;890;1352;800;1444;798;1472;722;131;874
MA-0022-ETiR1r1m_07.dw.png;MA-0022;31.512387;-5.027543;2020;semiarid;colony;Aglagane et al. 2022;484;649;521;645;636;818;633;702;642;515;797;820;908;886;865;835;975;755;907;714;991;639;997;545;1033;469;1060;857;1147;768;1329;679;1410;665;1427;594;187;840
MA-0022-ETiR1r1m_08.dw.png;MA-0022;31.512387;-5.027543;2020;semiarid;colony;Aglagane et al. 2022;521;851;578;848;669;1044;688;919;710;711;863;1064;979;1145;944;1097;1051;1025;963;961;1061;895;1081;799;1125;731;1111;1138;1215;1060;1416;973;1508;973;1533;899;219;1003
MA-0022-ETiR1r1m_09.dw.png;MA-0022;31.512387;-5.027543;2020;semiarid;colony;Aglagane et al. 2022;500;725;553;724;611;913;641;792;691;612;791;939;912;1026;880;972;996;902;926;843;1022;778;1043;683;1093;619;1050;1017;1148;934;1340;856;1421;851;1439;782;187;886
MA-0022-ETiR1r1m_10.dw.png;MA-0022;31.512387;-5.027543;2020;semiarid;colony;Aglagane et al. 2022;485;804;531;796;661;971;636;847;653;653;832;969;955;1034;914;988;1021;903;942;861;1020;782;1021;688;1055;614;1100;1003;1181;911;1362;811;1453;796;1475;729;217;1009
MA-0023-ETiR1r2m_01.dw.png;MA-0023;31.512387;-5.027543;2020;semiarid;colony;Aglagane et al. 2022;444;802;492;796;586;982;621;864;621;661;793;993;892;1058;859;1009;967;929;895;877;978;809;986;707;1035;629;1039;1034;1130;949;1326;849;1416;836;1437;767;168;978
MA-0023-ETiR1r2m_02.dw.png;MA-0023;31.512387;-5.027543;2020;semiarid;colony;Aglagane et al. 2022;367;895;425;886;545;1085;531;942;556;750;734;1089;856;1164;818;1112;929;1021;846;967;946;888;967;791;1011;707;1007;1141;1101;1048;1304;944;1402;932;1408;850;71;1094
MA-0023-ETiR1r2m_03.dw.png;MA-0023;31.512387;-5.027543;2020;semiarid;colony;Aglagane et al. 2022;461;743;509;738;610;933;624;811;632;607;793;937;904;1014;869;958;975;876;923;837;1004;755;1004;654;1050;579;1053;991;1150;899;1334;798;1406;789;1426;717;180;934
MA-0023-ETiR1r2m_04.dw.png;MA-0023;31.512387;-5.027543;2020;semiarid;colony;Aglagane et al. 2022;478;772;533;761;638;957;658;828;641;622;823;962;933;1038;897;985;1021;907;938;856;1020;772;1028;675;1074;600;1085;1014;1174;925;1365;827;1456;818;1471;746;197;965
MA-0023-ETiR1r2m_05.dw.png;MA-0023;31.512387;-5.027543;2020;semiarid;colony;Aglagane et al. 2022;461;838;504;836;608;1031;628;908;650;702;813;1045;921;1121;882;1068;981;982;923;938;1004;860;1014;758;1045;685;1077;1101;1172;1011;1358;917;1438;908;1481;855;161;1017
MA-0023-ETiR1r2m_06.dw.png;MA-0023;31.512387;-5.027543;2020;semiarid;colony;Aglagane et al. 2022;511;791;558;788;645;986;658;848;700;655;844;1000;959;1075;926;1022;1033;942;963;887;1060;814;1073;713;1123;634;1112;1055;1202;967;1404;870;1497;862;1521;782;178;969
MA-0023-ETiR1r2m_07.dw.png;MA-0023;31.512387;-5.027543;2020;semiarid;colony;Aglagane et al. 2022;512;745;560;740;660;923;661;789;670;591;844;917;966;983;925;935;1037;850;955;805;1042;724;1047;632;1076;554;1109;954;1196;864;1394;755;1469;746;1480;673;234;947
MA-0023-ETiR1r2m_08.dw.png;MA-0023;31.512387;-5.027543;2020;semiarid;colony;Aglagane et al. 2022;416;725;466;722;552;913;568;787;592;590;756;923;880;992;842;944;950;864;875;815;955;740;970;648;1004;569;1037;969;1120;883;1311;787;1390;779;1421;715;144;910
MA-0023-ETiR1r2m_09.dw.png;MA-0023;31.512387;-5.027543;2020;semiarid;colony;Aglagane et al. 2022;483;709;530;708;624;906;628;768;670;578;805;922;922;1006;888;952;1002;877;939;823;1034;745;1052;653;1108;579;1085;994;1178;908;1382;824;1474;818;1502;746;160;877
MA-0023-ETiR1r2m_10.dw.png;MA-0023;31.512387;-5.027543;2020;semiarid;colony;Aglagane et al. 2022;424;858;476;854;560;1051;577;917;615;717;761;1062;878;1135;831;1082;951;997;876;948;963;865;980;767;1026;692;1016;1117;1119;1018;1304;920;1386;908;1411;831;122;1045
MA-0024-OAiR1r1m_01.dw.png;MA-0024;30.9824;-7.148517;2020;desert;colony;Aglagane et al. 2022;417;838;465;831;560;1012;567;881;582;695;744;1005;868;1074;829;1026;929;938;848;895;936;816;939;718;968;640;1015;1043;1103;940;1274;840;1367;830;1379;759;110;1035
MA-0024-OAiR1r1m_02.dw.png;MA-0024;30.9824;-7.148517;2020;desert;colony;Aglagane et al. 2022;503;850;549;845;657;1025;653;901;669;714;813;1025;936;1094;898;1046;997;958;925;918;1019;837;1020;740;1059;670;1081;1067;1165;973;1347;876;1446;861;1460;792;216;1044
MA-0024-OAiR1r1m_03.dw.png;MA-0024;30.9824;-7.148517;2020;desert;colony;Aglagane et al. 2022;466;814;514;809;605;996;609;866;652;678;793;1008;904;1081;866;1029;971;945;921;900;1003;824;1021;733;1062;652;1055;1062;1146;975;1366;879;1435;872;1453;797;175;981
MA-0024-OAiR1r1m_04.dw.png;MA-0024;30.9824;-7.148517;2020;desert;colony;Aglagane et al. 2022;485;806;536;800;642;986;635;855;637;664;805;981;924;1049;894;998;1004;913;922;866;994;787;1001;687;1028;612;1079;1019;1170;922;1338;823;1416;813;1435;742;190;1015
MA-0024-OAiR1r1m_05.dw.png;MA-0024;30.9824;-7.148517;2020;desert;colony;Aglagane et al. 2022;508;851;550;845;669;1048;658;907;679;714;844;1053;955;1131;921;1073;1039;992;953;941;1038;862;1053;758;1089;688;1108;1106;1200;1009;1391;913;1476;903;1501;830;206;1048
MA-0024-OAiR1r1m_06.dw.png;MA-0024;30.9824;-7.148517;2020;desert;colony;Aglagane et al. 2022;481;782;532;777;649;974;639;837;645;639;834;974;938;1038;906;989;1014;896;930;850;1017;763;1023;663;1052;586;1091;1005;1192;898;1372;796;1449;785;1467;712;187;1002
MA-0024-OAiR1r1m_07.dw.png;MA-0024;30.9824;-7.148517;2020;desert;colony;Aglagane et al. 2022;487;835;534;828;647;1028;642;891;670;687;834;1029;954;1095;915;1046;1011;954;936;906;1030;818;1026;723;1071;646;1104;1065;1197;961;1372;859;1458;844;1475;765;189;1045
MA-0024-OAiR1r1m_08.dw.png;MA-0024;30.9824;-7.148517;2020;desert;colony;Aglagane et al. 2022;519;815;569;809;672;998;659;860;676;668;844;997;953;1066;924;1018;1023;927;939;879;1021;801;1028;701;1062;620;1101;1037;1195;935;1371;840;1452;827;1465;758;240;1024
MA-0024-OAiR1r1m_09.dw.png;MA-0024;30.9824;-7.148517;2020;desert;colony;Aglagane et al. 2022;465;781;519;778;616;955;607;823;628;632;791;953;912;1017;876;971;975;878;907;835;997;758;991;656;1026;584;1059;990;1153;891;1342;790;1418;780;1431;705;177;990
MA-0024-OAiR1r1m_10.dw.png;MA-0024;30.9824;-7.148517;2020;desert;colony;Aglagane et al. 2022;496;747;543;745;642;933;640;807;667;610;806;941;922;1015;886;961;997;883;917;829;1007;755;1021;656;1066;583;1076;993;1160;898;1353;796;1444;787;1465;721;195;923
MA-0025-OAiR1r2m_01.dw.png;MA-0025;30.9824;-7.148517;2020;desert;colony;Aglagane et al. 2022;477;842;514;835;625;1016;633;890;634;696;814;1004;931;1065;892;1017;985;935;919;896;987;817;994;723;1025;645;1072;1035;1152;942;1318;835;1397;819;1404;771;202;1058
MA-0025-OAiR1r2m_02.dw.png;MA-0025;30.9824;-7.148517;2020;desert;colony;Aglagane et al. 2022;581;836;628;835;727;1018;740;902;761;709;908;1032;1015;1106;984;1055;1091;980;1023;927;1106;857;1111;761;1144;687;1176;1084;1248;1003;1443;915;1514;910;1525;835;287;1014
MA-0025-OAiR1r2m_03.dw.png;MA-0025;30.9824;-7.148517;2020;desert;colony;Aglagane et al. 2022;502;751;553;746;642;927;652;806;675;622;813;940;928;1014;900;968;1007;895;936;844;1021;772;1034;681;1078;606;1075;1000;1155;922;1360;840;1451;832;1476;763;217;927
MA-0025-OAiR1r2m_04.dw.png;MA-0025;30.9824;-7.148517;2020;desert;colony;Aglagane et al. 2022;461;843;505;837;594;1021;604;893;631;710;791;1029;900;1095;875;1048;965;967;906;923;983;842;988;745;1028;674;1048;1077;1137;990;1335;898;1411;890;1433;822;189;1029
MA-0025-OAiR1r2m_05.dw.png;MA-0025;30.9824;-7.148517;2020;desert;colony;Aglagane et al. 2022;509;782;548;778;657;956;671;842;675;646;829;953;950;1026;916;973;999;898;939;861;1022;782;1035;694;1071;624;1086;1005;1172;916;1350;827;1437;819;1445;753;223;964
MA-0025-OAiR1r2m_06.dw.png;MA-0025;30.9824;-7.148517;2020;desert;colony;Aglagane et al. 2022;488;739;529;730;640;905;645;782;655;593;815;897;939;958;899;913;995;826;925;786;1008;706;1014;619;1042;542;1079;929;1169;834;1346;736;1420;726;1441;656;229;952
MA-0025-OAiR1r2m_07.dw.png;MA-0025;30.9824;-7.148517;2020;desert;colony;Aglagane et al. 2022;477;833;521;826;633;1000;635;880;643;688;802;998;922;1065;883;1014;982;932;916;893;997;809;1006;723;1035;650;1059;1037;1148;945;1334;847;1416;835;1435;766;219;1032
MA-0025-OAiR1r2m_08.dw.png;MA-0025;30.9824;-7.148517;2020;desert;colony;Aglagane et al. 2022;537;1087;587;1081;682;1254;695;1140;704;958;846;1256;963;1327;933;1279;1041;1199;969;1155;1050;1075;1057;993;1092;920;1113;1302;1202;1210;1377;1119;1454;1108;1479;1043;272;1276
MA-0025-OAiR1r2m_09.dw.png;MA-0025;30.9824;-7.148517;2020;desert;colony;Aglagane et al. 2022;462;746;499;743;616;937;611;809;642;615;802;943;911;1005;873;961;968;883;893;837;972;751;985;665;1023;591;1043;993;1132;902;1312;810;1384;803;1409;737;170;935
MA-0025-OAiR1r2m_10.dw.png;MA-0025;30.9824;-7.148517;2020;desert;colony;Aglagane et al. 2022;463;809;512;803;603;979;608;857;624;671;779;983;890;1049;858;1005;959;926;895;885;973;803;982;711;1022;635;1030;1029;1107;948;1323;849;1400;841;1420;772;183;997
MA-0026-OAiR1r3m_01.dw.png;MA-0026;30.9824;-7.148517;2020;desert;colony;Aglagane et al. 2022;481;863;531;857;629;1035;625;913;637;724;793;1032;912;1097;870;1046;967;959;906;920;994;842;990;744;1015;670;1059;1066;1144;969;1324;867;1415;850;1431;776;189;1063
MA-0026-OAiR1r3m_02.dw.png;MA-0026;30.9824;-7.148517;2020;desert;colony;Aglagane et al. 2022;511;813;551;807;657;1010;667;874;691;678;826;1015;951;1089;914;1041;1039;954;950;901;1052;826;1054;728;1101;654;1101;1068;1202;972;1389;881;1475;871;1493;797;216;1007
MA-0026-OAiR1r3m_03.dw.png;MA-0026;30.9824;-7.148517;2020;desert;colony;Aglagane et al. 2022;560;654;604;653;698;861;712;727;737;535;876;884;978;967;946;913;1070;842;975;777;1084;715;1110;614;1152;551;1139;961;1232;874;1429;801;1508;802;1545;736;243;820
MA-0026-OAiR1r3m_04.dw.png;MA-0026;30.9824;-7.148517;2020;desert;colony;Aglagane et al. 2022;422;772;462;765;560;944;567;821;587;629;744;947;851;1021;820;971;926;896;856;849;926;771;933;677;970;607;1003;997;1081;912;1265;817;1348;808;1358;736;143;959
MA-0026-OAiR1r3m_05.dw.png;MA-0026;30.9824;-7.148517;2020;desert;colony;Aglagane et al. 2022;518;743;564;739;667;938;677;806;715;602;863;953;962;1028;929;976;1048;893;985;845;1065;770;1069;663;1106;590;1119;1007;1212;918;1429;826;1509;823;1543;753;212;932
MA-0026-OAiR1r3m_06.dw.png;MA-0026;30.9824;-7.148517;2020;desert;colony;Aglagane et al. 2022;520;1047;561;1039;650;1218;678;1096;679;901;844;1218;974;1283;934;1237;1036;1156;960;1103;1042;1032;1043;942;1079;866;1118;1254;1193;1166;1379;1067;1455;1055;1471;990;243;1238
MA-0026-OAiR1r3m_07.dw.png;MA-0026;30.9824;-7.148517;2020;desert;colony;Aglagane et al. 2022;482;813;534;811;610;1004;621;871;654;686;788;1012;900;1085;866;1036;977;959;899;905;987;835;996;740;1038;666;1055;1068;1146;979;1324;895;1411;883;1432;813;180;1003
MA-0026-OAiR1r3m_08.dw.png;MA-0026;30.9824;-7.148517;2020;desert;colony;Aglagane et al. 2022;555;762;600;755;704;949;711;818;728;627;885;957;994;1026;965;978;1074;897;988;842;1090;770;1101;675;1146;602;1146;1008;1246;915;1435;826;1520;821;1541;748;257;949
MA-0026-OAiR1r3m_09.dw.png;MA-0026;30.9824;-7.148517;2020;desert;colony;Aglagane et al. 2022;534;770;584;765;700;959;685;824;699;631;879;963;981;1032;950;985;1056;895;973;845;1067;768;1081;670;1118;598;1130;1009;1232;906;1419;811;1498;803;1522;734;240;975
MA-0026-OAiR1r3m_10.dw.png;MA-0026;30.9824;-7.148517;2020;desert;colony;Aglagane et al. 2022;503;842;551;838;658;1030;656;903;688;713;835;1038;940;1114;904;1060;1008;983;943;940;1031;866;1040;768;1072;698;1087;1096;1180;1004;1359;921;1448;915;1466;844;202;1034
MA-0027-OAmR1r1t_01.dw.png;MA-0027;31.219417;-6.585267;2020;semiarid;colony;Aglagane et al. 2022;433;881;483;877;572;1063;585;936;599;737;759;1068;888;1138;848;1087;950;1005;878;959;962;877;965;777;1006;707;1026;1116;1115;1025;1306;920;1368;909;1387;844;156;1075
MA-0027-OAmR1r1t_02.dw.png;MA-0027;31.219417;-6.585267;2020;semiarid;colony;Aglagane et al. 2022;442;859;485;850;584;1021;589;899;599;697;766;1012;903;1072;851;1026;941;946;873;904;952;817;951;718;997;643;1048;1039;1120;947;1299;837;1388;819;1406;751;165;1063
MA-0027-OAmR1r1t_03.dw.png;MA-0027;31.219417;-6.585267;2020;semiarid;colony;Aglagane et al. 2022;461;678;512;675;592;856;603;735;627;549;752;867;880;945;836;893;946;817;886;770;968;692;984;605;1033;537;1025;928;1114;842;1299;753;1389;744;1400;672;177;847
MA-0027-OAmR1r1t_04.dw.png;MA-0027;31.219417;-6.585267;2020;semiarid;colony;Aglagane et al. 2022;461;766;516;765;588;941;595;822;628;639;762;956;871;1032;832;980;950;910;887;863;977;789;985;700;1032;629;1025;1018;1117;935;1308;850;1389;845;1403;777;165;930
MA-0027-OAmR1r1t_05.dw.png;MA-0027;31.219417;-6.585267;2020;semiarid;colony;Aglagane et al. 2022;500;806;544;803;636;981;631;857;661;676;804;987;917;1058;882;1010;983;933;924;888;1004;810;1016;723;1062;653;1079;1036;1162;955;1349;862;1425;851;1430;782;214;995
MA-0027-OAmR1r1t_06.dw.png;MA-0027;31.219417;-6.585267;2020;semiarid;colony;Aglagane et al. 2022;480;873;518;864;624;1036;625;910;634;714;805;1027;940;1086;894;1041;989;948;908;908;992;818;989;723;1022;640;1088;1046;1169;947;1333;835;1412;815;1426;745;216;1078
MA-0027-OAmR1r1t_07.dw.png;MA-0027;31.219417;-6.585267;2020;semiarid;colony;Aglagane et al. 2022;458;770;521;762;607;928;616;811;613;627;774;917;911;976;875;934;965;847;890;810;970;729;976;643;999;568;1058;941;1136;851;1302;747;1387;732;1403;665;192;969
MA-0027-OAmR1r1t_08.dw.png;MA-0027;31.219417;-6.585267;2020;semiarid;colony;Aglagane et al. 2022;480;757;528;753;624;949;626;814;663;615;800;950;938;1027;897;973;997;886;935;841;1030;765;1038;665;1076;591;1083;1005;1177;905;1376;807;1459;793;1478;727;189;949
MA-0027-OAmR1r1t_09.dw.png;MA-0027;31.219417;-6.585267;2020;semiarid;colony;Aglagane et al. 2022;435;761;476;755;592;935;579;809;614;614;767;936;895;1009;849;958;947;877;872;830;958;752;962;654;1013;579;1038;981;1120;891;1308;788;1394;774;1412;710;168;963
MA-0027-OAmR1r1t_10.dw.png;MA-0027;31.219417;-6.585267;2020;semiarid;colony;Aglagane et al. 2022;517;740;569;738;653;912;659;792;674;605;818;919;942;989;900;937;1006;862;942;816;1032;746;1038;656;1083;573;1096;966;1183;881;1378;792;1452;786;1469;716;236;927
MA-0028-OAmR1r2t_01.dw.png;MA-0028;31.219417;-6.585267;2020;semiarid;colony;Aglagane et al. 2022;449;779;488;764;613;941;618;817;596;605;810;916;937;980;893;924;972;836;904;800;972;700;974;599;1001;530;1079;933;1151;828;1332;698;1407;679;1408;600;184;1000
MA-0028-OAmR1r2t_02.dw.png;MA-0028;31.219417;-6.585267;2020;semiarid;colony;Aglagane et al. 2022;641;706;678;700;784;895;771;759;817;573;950;907;1064;989;1033;937;1135;867;1061;807;1151;734;1164;634;1209;567;1208;976;1304;893;1493;804;1571;799;1591;724;343;872
MA-0028-OAmR1r2t_03.dw.png;MA-0028;31.219417;-6.585267;2020;semiarid;colony;Aglagane et al. 2022;525;719;579;716;654;905;664;779;696;598;832;916;946;993;912;940;999;864;943;814;1035;748;1050;656;1091;581;1087;977;1174;895;1358;807;1445;801;1471;736;245;888
MA-0028-OAmR1r2t_04.dw.png;MA-0028;31.219417;-6.585267;2020;semiarid;colony;Aglagane et al. 2022;448;784;485;775;597;955;599;832;608;638;791;950;907;1017;866;964;962;884;894;842;972;755;982;663;1016;591;1052;985;1134;891;1311;782;1384;765;1400;695;161;963
MA-0028-OAmR1r2t_05.dw.png;MA-0028;31.219417;-6.585267;2020;semiarid;colony;Aglagane et al. 2022;521;782;548;773;674;951;664;826;676;632;850;944;970;1009;926;958;1009;872;936;824;1025;745;1026;651;1060;577;1113;974;1188;877;1353;770;1421;752;1434;678;243;981
MA-0028-OAmR1r2t_06.dw.png;MA-0028;31.219417;-6.585267;2020;semiarid;colony;Aglagane et al. 2022;457;819;500;811;623;990;603;858;614;670;802;986;928;1050;890;1003;986;920;896;869;985;794;989;695;1028;624;1071;1026;1163;926;1333;830;1405;817;1417;747;182;1010
MA-0028-OAmR1r2t_07.dw.png;MA-0028;31.219417;-6.585267;2020;semiarid;colony;Aglagane et al. 2022;498;753;542;745;676;929;661;808;665;608;843;923;953;987;912;937;1022;858;941;809;1030;728;1038;631;1071;559;1103;959;1192;865;1375;761;1455;746;1472;676;212;958
MA-0028-OAmR1r2t_08.dw.png;MA-0028;31.219417;-6.585267;2020;semiarid;colony;Aglagane et al. 2022;463;889;499;882;616;1071;609;946;634;748;779;1077;895;1145;851;1092;963;1015;885;962;982;885;997;791;1037;717;1054;1121;1132;1032;1325;929;1404;918;1427;846;166;1073
MA-0028-OAmR1r2t_09.dw.png;MA-0028;31.219417;-6.585267;2020;semiarid;colony;Aglagane et al. 2022;471;871;514;862;621;1038;628;917;633;717;795;1032;916;1095;877;1048;970;958;902;915;987;832;985;738;1025;661;1067;1061;1149;964;1336;855;1416;838;1432;767;197;1075
MA-0028-OAmR1r2t_10.dw.png;MA-0028;31.219417;-6.585267;2020;semiarid;colony;Aglagane et al. 2022;435;735;473;727;606;908;592;786;606;590;766;908;895;979;848;925;943;848;878;801;969;725;976;630;1013;564;1023;956;1117;866;1314;761;1380;753;1401;682;151;925
MA-0029-OAmR1r3t_01.dw.png;MA-0029;31.219417;-6.585267;2020;semiarid;colony;Aglagane et al. 2022;449;726;502;721;606;908;619;786;630;581;804;915;914;989;876;935;980;857;902;807;994;727;1007;631;1040;556;1060;967;1154;878;1352;784;1426;776;1443;705;160;905
MA-0029-OAmR1r3t_02.dw.png;MA-0029;31.219417;-6.585267;2020;semiarid;colony;Aglagane et al. 2022;460;937;514;935;618;1135;629;997;654;788;821;1135;933;1206;894;1152;984;1056;930;1015;1007;924;1008;814;1046;737;1073;1174;1154;1074;1358;950;1437;940;1465;863;170;1140
MA-0029-OAmR1r3t_03.dw.png;MA-0029;31.219417;-6.585267;2020;semiarid;colony;Aglagane et al. 2022;488;755;538;750;613;942;645;814;674;610;841;954;957;1023;921;971;1014;887;934;835;1026;755;1033;650;1068;571;1098;998;1192;897;1379;797;1461;788;1481;714;182;947
MA-0029-OAmR1r3t_04.dw.png;MA-0029;31.219417;-6.585267;2020;semiarid;colony;Aglagane et al. 2022;471;689;524;687;622;879;630;751;668;560;804;889;919;966;882;912;979;837;921;788;1001;717;1018;622;1061;547;1059;946;1147;862;1336;777;1417;770;1448;701;173;866
MA-0029-OAmR1r3t_05.dw.png;MA-0029;31.219417;-6.585267;2020;semiarid;colony;Aglagane et al. 2022;403;731;463;731;554;922;560;794;596;590;748;927;863;1003;829;951;924;866;855;820;941;739;948;634;984;557;1006;980;1092;887;1297;783;1382;775;1408;704;112;918
MA-0029-OAmR1r3t_06.dw.png;MA-0029;31.219417;-6.585267;2020;semiarid;colony;Aglagane et al. 2022;388;632;433;629;531;827;551;700;573;491;724;835;848;913;803;859;918;781;844;732;936;658;950;562;982;488;994;893;1084;804;1287;710;1372;703;1407;639;76;794
MA-0029-OAmR1r3t_07.dw.png;MA-0029;31.219417;-6.585267;2020;semiarid;colony;Aglagane et al. 2022;498;764;558;761;658;958;667;826;694;614;860;968;975;1046;936;990;1037;899;953;846;1046;768;1064;656;1101;573;1119;1020;1222;915;1420;807;1497;799;1524;721;195;966
MA-0029-OAmR1r3t_08.dw.png;MA-0029;31.219417;-6.585267;2020;semiarid;colony;Aglagane et al. 2022;522;786;564;781;672;975;670;833;688;636;856;968;977;1039;938;986;1043;896;959;847;1042;760;1055;653;1088;576;1114;1008;1205;907;1411;792;1490;778;1507;699;221;988
MA-0029-OAmR1r3t_09.dw.png;MA-0029;31.219417;-6.585267;2020;semiarid;colony;Aglagane et al. 2022;498;769;548;765;666;963;654;826;682;627;835;967;962;1046;921;992;1029;906;936;854;1026;770;1045;668;1088;593;1098;1023;1198;922;1384;815;1461;805;1484;728;202;956
MA-0029-OAmR1r3t_10.dw.png;MA-0029;31.219417;-6.585267;2020;semiarid;colony;Aglagane et al. 2022;480;774;534;774;614;975;647;847;671;640;824;993;925;1074;895;1016;992;934;923;886;1010;807;1029;698;1073;619;1059;1055;1163;961;1367;860;1443;854;1472;781;165;966
MA-0030-OAmR2r1m_01.dw.png;MA-0030;31.221217;-6.581833;2020;semiarid;colony;Aglagane et al. 2022;481;893;524;885;650;1060;631;930;628;723;832;1040;967;1100;927;1050;1036;955;939;914;1027;822;1013;712;1042;629;1118;1049;1202;939;1379;808;1467;782;1468;707;200;1131
MA-0030-OAmR2r1m_02.dw.png;MA-0030;31.221217;-6.581833;2020;semiarid;colony;Aglagane et al. 2022;485;836;546;823;637;1005;657;870;658;675;843;989;973;1051;932;1004;1036;906;951;862;1029;775;1025;677;1057;598;1130;1005;1209;901;1366;785;1459;755;1467;680;219;1058
MA-0030-OAmR2r1m_03.dw.png;MA-0030;31.221217;-6.581833;2020;semiarid;colony;Aglagane et al. 2022;479;767;529;760;626;946;644;817;653;628;817;943;934;1012;895;963;997;874;928;833;1006;751;1011;651;1050;578;1084;977;1160;881;1324;777;1432;755;1440;685;216;981
MA-0030-OAmR2r1m_04.dw.png;MA-0030;31.221217;-6.581833;2020;semiarid;colony;Aglagane et al. 2022;531;746;577;741;632;929;678;809;710;619;840;952;965;1035;926;980;1041;904;974;851;1067;776;1079;683;1116;609;1119;1015;1205;931;1399;839;1485;828;1512;754;241;927
MA-0030-OAmR2r1m_05.dw.png;MA-0030;31.221217;-6.581833;2020;semiarid;colony;Aglagane et al. 2022;490;800;537;793;628;979;648;850;658;659;821;978;942;1046;900;995;1001;903;934;864;1016;787;1020;688;1057;612;1089;1016;1168;919;1343;812;1426;793;1451;723;207;1003
MA-0030-OAmR2r1m_06.dw.png;MA-0030;31.221217;-6.581833;2020;semiarid;colony;Aglagane et al. 2022;471;833;517;825;628;1007;631;877;637;688;814;998;934;1064;895;1017;996;932;909;883;1006;808;1011;709;1047;637;1086;1032;1175;942;1348;833;1429;821;1444;752;202;1031
MA-0030-OAmR2r1m_07.dw.png;MA-0030;31.221217;-6.581833;2020;semiarid;colony;Aglagane et al. 2022;436;772;489;765;574;957;594;821;607;625;773;959;890;1026;848;976;959;888;881;843;969;761;974;656;1015;585;1035;998;1116;902;1301;796;1389;778;1396;702;153;981
MA-0030-OAmR2r1m_08.dw.png;MA-0030;31.221217;-6.581833;2020;semiarid;colony;Aglagane et al. 2022;469;766;518;761;572;943;611;818;655;634;785;959;908;1038;870;986;973;905;908;852;992;779;1002;685;1043;617;1055;1019;1150;928;1336;839;1411;831;1433;761;197;937
MA-0030-OAmR2r1m_09.dw.png;MA-0030;31.221217;-6.581833;2020;semiarid;colony;Aglagane et al. 2022;482;857;526;849;611;1032;624;901;641;714;810;1034;933;1099;890;1053;1002;966;928;918;1016;838;1023;740;1052;668;1093;1065;1164;978;1352;869;1432;852;1456;785;211;1077
MA-0030-OAmR2r1m_10.dw.png;MA-0030;31.221217;-6.581833;2020;semiarid;colony;Aglagane et al. 2022;447;799;503;794;565;990;621;857;636;665;795;992;921;1070;888;1019;1017;936;926;882;1004;807;1011;707;1047;631;1083;1043;1178;953;1357;860;1451;843;1459;771;166;1010
MA-0031-OAmR2r2m_01.dw.png;MA-0031;31.221217;-6.581833;2020;semiarid;colony;Aglagane et al. 2022;488;707;539;700;645;886;657;762;653;563;844;893;965;967;921;912;1033;829;951;775;1033;698;1045;602;1074;528;1122;943;1207;848;1391;753;1474;742;1486;675;211;898
MA-0031-OAmR2r2m_02.dw.png;MA-0031;31.221217;-6.581833;2020;semiarid;colony;Aglagane et al. 2022;455;745;503;741;607;923;620;800;633;596;790;918;915;990;868;935;980;854;905;804;989;727;998;637;1042;557;1062;963;1153;871;1337;770;1431;753;1452;685;160;944
MA-0031-OAmR2r2m_03.dw.png;MA-0031;31.221217;-6.581833;2020;semiarid;colony;Aglagane et al. 2022;432;676;471;672;589;872;600;746;614;531;775;881;899;955;865;905;975;826;887;763;975;695;987;595;1030;514;1057;934;1146;844;1326;753;1408;743;1425;672;136;864
MA-0031-OAmR2r2m_04.dw.png;MA-0031;31.221217;-6.581833;2020;semiarid;colony;Aglagane et al. 2022;514;800;555;794;665;994;655;859;686;663;839;1006;946;1080;911;1027;1019;946;953;897;1035;817;1052;717;1091;644;1089;1062;1174;976;1370;882;1450;876;1482;803;214;980
MA-0031-OAmR2r2m_05.dw.png;MA-0031;31.221217;-6.581833;2020;semiarid;colony;Aglagane et al. 2022;491;766;532;761;652;959;655;832;661;624;829;966;945;1043;909;990;1012;909;946;862;1025;780;1040;678;1081;595;1096;1022;1185;930;1374;832;1457;818;1474;743;180;947
MA-0031-OAmR2r2m_06.dw.png;MA-0031;31.221217;-6.581833;2020;semiarid;colony;Aglagane et al. 2022;445;744;488;743;581;951;601;823;647;625;786;980;883;1062;858;1009;972;936;899;874;987;807;1009;714;1064;637;1044;1055;1139;975;1341;896;1422;894;1459;830;126;898
MA-0031-OAmR2r2m_07.dw.png;MA-0031;31.221217;-6.581833;2020;semiarid;colony;Aglagane et al. 2022;464;826;497;818;602;993;619;874;617;675;811;988;924;1050;876;1000;975;913;912;877;982;794;984;702;1025;629;1078;1019;1159;918;1319;824;1418;811;1428;747;200;1044
MA-0031-OAmR2r2m_08.dw.png;MA-0031;31.221217;-6.581833;2020;semiarid;colony;Aglagane et al. 2022;459;783;506;777;626;977;633;849;643;636;805;978;938;1051;902;1000;1008;918;921;863;1013;786;1024;687;1064;603;1102;1026;1186;935;1364;837;1448;822;1464;749;177;990
MA-0031-OAmR2r2m_09.dw.png;MA-0031;31.221217;-6.581833;2020;semiarid;colony;Aglagane et al. 2022;459;697;500;691;601;879;618;754;645;552;798;886;924;959;880;908;994;826;914;775;1008;700;1020;608;1062;530;1085;938;1172;848;1358;758;1445;748;1457;678;151;874
MA-0031-OAmR2r2m_10.dw.png;MA-0031;31.221217;-6.581833;2020;semiarid;colony;Aglagane et al. 2022;465;867;506;859;630;1047;630;913;634;702;810;1038;935;1107;891;1053;999;965;924;916;1005;835;1006;734;1040;658;1096;1070;1181;975;1359;869;1446;858;1463;789;170;1075
MA-0032-OAmR2r3t_01.dw.png;MA-0032;31.221217;-6.581833;2020;semiarid;colony;Aglagane et al. 2022;519;792;568;786;684;962;691;847;687;657;854;963;965;1029;932;980;1035;897;967;859;1046;777;1043;685;1073;607;1115;998;1195;911;1365;818;1452;803;1463;726;250;981
MA-0032-OAmR2r3t_02.dw.png;MA-0032;31.221217;-6.581833;2020;semiarid;colony;Aglagane et al. 2022;447;753;487;748;616;925;602;804;599;619;778;923;881;983;846;939;958;856;863;809;943;732;939;641;980;565;1014;956;1096;860;1268;761;1340;749;1358;679;170;946
MA-0032-OAmR2r3t_03.dw.png;MA-0032;31.221217;-6.581833;2020;semiarid;colony;Aglagane et al. 2022;465;767;512;758;631;929;603;797;623;623;815;917;932;973;894;930;986;840;894;797;979;714;967;620;1010;549;1058;939;1136;837;1321;727;1392;709;1404;638;214;985
MA-0032-OAmR2r3t_04.dw.png;MA-0032;31.221217;-6.581833;2020;semiarid;colony;Aglagane et al. 2022;482;774;533;772;645;952;642;835;660;642;816;959;922;1026;892;978;994;896;911;847;1001;777;1006;683;1047;610;1066;998;1149;907;1328;816;1405;806;1416;738;204;952
MA-0032-OAmR2r3t_05.dw.png;MA-0032;31.221217;-6.581833;2020;semiarid;colony;Aglagane et al. 2022;489;678;536;674;647;860;633;734;657;547;807;860;927;928;892;881;995;804;918;753;998;681;997;585;1042;510;1069;901;1146;816;1334;721;1415;711;1432;644;202;855
MA-0032-OAmR2r3t_06.dw.png;MA-0032;31.221217;-6.581833;2020;semiarid;colony;Aglagane et al. 2022;527;701;567;699;659;881;665;757;688;577;828;892;933;962;902;913;1014;833;935;783;1026;717;1033;624;1074;554;1083;942;1169;858;1344;772;1427;763;1438;690;231;864
MA-0032-OAmR2r3t_07.dw.png;MA-0032;31.221217;-6.581833;2020;semiarid;colony;Aglagane et al. 2022;474;756;526;751;651;937;650;817;660;621;831;939;952;1005;922;958;1016;875;942;832;1025;751;1021;654;1066;576;1094;980;1175;889;1361;786;1450;771;1468;701;187;937
MA-0032-OAmR2r3t_08.dw.png;MA-0032;31.221217;-6.581833;2020;semiarid;colony;Aglagane et al. 2022;467;768;524;765;643;948;627;823;642;635;802;952;919;1020;884;971;992;885;905;835;993;760;998;669;1037;595;1052;995;1144;900;1328;797;1404;786;1420;720;189;961
MA-0032-OAmR2r3t_09.dw.png;MA-0032;31.221217;-6.581833;2020;semiarid;colony;Aglagane et al. 2022;470;778;514;770;624;956;635;830;643;629;819;949;932;1010;892;963;992;876;913;829;1001;752;1006;662;1043;586;1066;983;1152;884;1328;785;1409;769;1438;697;194;988
MA-0032-OAmR2r3t_10.dw.png;MA-0032;31.221217;-6.581833;2020;semiarid;colony;Aglagane et al. 2022;473;831;514;826;614;1005;626;887;640;694;800;1008;913;1073;880;1029;975;940;907;895;982;821;992;729;1035;660;1052;1046;1140;957;1308;861;1391;851;1402;784;199;1021
MA-0033-OAsR1r1m_01.dw.png;MA-0033;30.705867;-7.307917;2020;desert;colony;Aglagane et al. 2022;458;822;507;821;621;1017;609;881;643;686;783;1019;898;1091;862;1040;967;961;901;910;980;830;992;736;1041;663;1049;1069;1127;978;1326;878;1409;868;1428;802;163;1015
MA-0033-OAsR1r1m_02.dw.png;MA-0033;30.705867;-7.307917;2020;desert;colony;Aglagane et al. 2022;440;753;491;749;563;933;587;812;619;619;745;938;877;1016;842;963;934;884;873;835;958;767;970;668;1010;600;1029;992;1108;904;1305;813;1379;806;1404;745;158;939
MA-0033-OAsR1r1m_03.dw.png;MA-0033;30.705867;-7.307917;2020;desert;colony;Aglagane et al. 2022;471;775;522;770;642;965;633;835;656;638;798;966;934;1043;895;990;1000;910;911;857;1008;784;1021;688;1064;619;1080;1018;1178;926;1358;830;1450;815;1472;747;187;961
MA-0033-OAsR1r1m_04.dw.png;MA-0033;30.705867;-7.307917;2020;desert;colony;Aglagane et al. 2022;401;684;452;680;558;877;563;748;584;550;728;884;856;959;818;909;922;825;850;775;940;704;958;602;1006;528;1000;938;1089;849;1288;752;1371;742;1391;673;124;869
MA-0033-OAsR1r1m_05.dw.png;MA-0033;30.705867;-7.307917;2020;desert;colony;Aglagane et al. 2022;420;848;469;838;576;1022;565;886;582;690;757;1009;887;1069;846;1024;936;928;872;889;952;807;965;707;997;637;1038;1030;1120;934;1286;830;1380;811;1398;743;137;1060
MA-0033-OAsR1r1m_06.dw.png;MA-0033;30.705867;-7.307917;2020;desert;colony;Aglagane et al. 2022;430;736;473;728;594;923;587;782;607;586;774;918;896;983;854;934;948;845;865;799;962;727;968;632;1017;557;1042;956;1131;853;1303;757;1383;742;1401;672;154;935
MA-0033-OAsR1r1m_07.dw.png;MA-0033;30.705867;-7.307917;2020;desert;colony;Aglagane et al. 2022;473;818;516;811;624;1003;628;871;649;676;791;1000;921;1072;882;1021;979;932;904;888;990;805;1006;711;1050;637;1070;1044;1159;944;1341;840;1425;826;1443;755;194;1014
MA-0033-OAsR1r1m_08.dw.png;MA-0033;30.705867;-7.307917;2020;desert;colony;Aglagane et al. 2022;421;789;464;786;570;985;573;845;599;648;741;987;869;1062;831;1010;923;920;856;874;947;795;964;691;1014;620;1027;1035;1117;943;1312;834;1399;821;1415;750;129;978
MA-0033-OAsR1r1m_09.dw.png;MA-0033;30.705867;-7.307917;2020;desert;colony;Aglagane et al. 2022;432;687;481;682;587;867;592;741;606;544;761;867;882;935;846;884;951;798;885;758;962;677;977;579;1019;513;1037;905;1121;816;1312;712;1407;696;1421;627;153;877
MA-0033-OAsR1r1m_10.dw.png;MA-0033;30.705867;-7.307917;2020;desert;colony;Aglagane et al. 2022;497;777;545;768;661;958;652;821;667;627;844;953;960;1019;926;968;1021;877;939;837;1026;758;1031;660;1076;585;1113;985;1197;885;1366;786;1448;770;1472;701;216;980
MA-0034-OAsR1r2m_01.dw.png;MA-0034;30.705867;-7.307917;2020;desert;colony;Aglagane et al. 2022;451;759;492;750;619;937;617;806;624;598;805;932;923;1001;887;954;988;863;897;815;985;733;997;629;1042;552;1067;971;1160;874;1364;761;1433;751;1444;680;166;956
MA-0034-OAsR1r2m_02.dw.png;MA-0034;30.705867;-7.307917;2020;desert;colony;Aglagane et al. 2022;502;712;551;707;654;897;652;770;677;576;824;908;931;990;897;932;1022;858;939;805;1026;729;1040;627;1077;561;1098;966;1185;874;1378;786;1455;779;1486;711;214;891
MA-0034-OAsR1r2m_03.dw.png;MA-0034;30.705867;-7.307917;2020;desert;colony;Aglagane et al. 2022;511;854;562;849;645;1035;660;906;679;714;830;1044;956;1119;921;1070;1040;989;951;937;1045;858;1055;757;1100;686;1112;1094;1198;1003;1385;905;1472;896;1493;821;211;1036
MA-0034-OAsR1r2m_04.dw.png;MA-0034;30.705867;-7.307917;2020;desert;colony;Aglagane et al. 2022;589;727;645;724;756;907;745;779;771;584;914;918;1027;991;996;944;1108;863;1035;816;1122;734;1135;632;1180;566;1185;969;1282;877;1482;781;1552;770;1568;699;291;913
MA-0034-OAsR1r2m_05.dw.png;MA-0034;30.705867;-7.307917;2020;desert;colony;Aglagane et al. 2022;518;695;560;687;653;874;665;745;681;545;834;879;951;951;911;900;1035;811;951;767;1033;680;1038;573;1081;503;1101;922;1193;816;1370;718;1443;706;1467;635;243;903
MA-0034-OAsR1r2m_06.dw.png;MA-0034;30.705867;-7.307917;2020;desert;colony;Aglagane et al. 2022;395;852;449;847;554;1038;550;910;582;715;725;1049;839;1123;807;1072;916;995;839;946;927;872;950;777;997;697;994;1104;1090;1013;1282;922;1363;911;1380;835;103;1026
MA-0034-OAsR1r2m_07.dw.png;MA-0034;30.705867;-7.307917;2020;desert;colony;Aglagane et al. 2022;504;739;554;734;636;915;644;787;674;603;815;923;929;998;894;947;1011;874;936;826;1015;751;1025;653;1067;583;1074;981;1168;896;1364;804;1446;795;1460;741;216;912
MA-0034-OAsR1r2m_08.dw.png;MA-0034;30.705867;-7.307917;2020;desert;colony;Aglagane et al. 2022;471;745;522;736;620;921;620;790;640;598;805;927;917;993;882;949;1006;854;914;808;1004;725;1011;622;1047;545;1074;961;1169;862;1351;757;1420;746;1444;673;185;935
MA-0034-OAsR1r2m_09.dw.png;MA-0034;30.705867;-7.307917;2020;desert;colony;Aglagane et al. 2022;437;758;476;751;574;934;578;803;597;614;764;936;877;1006;841;958;958;866;875;821;953;748;960;642;997;569;1021;978;1112;882;1305;779;1376;768;1396;697;160;958
MA-0034-OAsR1r2m_10.dw.png;MA-0034;30.705867;-7.307917;2020;desert;colony;Aglagane et al. 2022;460;814;509;804;603;984;634;865;619;671;802;981;923;1047;885;1000;985;910;904;867;980;786;991;692;1035;617;1079;1014;1155;920;1340;809;1417;793;1423;718;173;1012
MA-0035-OAsR1r3m_01.dw.png;MA-0035;30.705867;-7.307917;2020;desert;colony;Aglagane et al. 2022;500;756;537;752;619;945;645;814;670;619;810;954;931;1021;900;975;991;886;929;844;1015;759;1020;661;1057;588;1088;995;1167;912;1365;806;1439;794;1454;718;190;934
MA-0035-OAsR1r3m_02.dw.png;MA-0035;30.705867;-7.307917;2020;desert;colony;Aglagane et al. 2022;433;760;489;755;606;949;587;811;602;614;768;951;890;1019;853;971;951;886;868;830;965;755;972;656;1013;579;1050;990;1128;905;1317;800;1397;786;1416;714;158;958
MA-0035-OAsR1r3m_03.dw.png;MA-0035;30.705867;-7.307917;2020;desert;colony;Aglagane et al. 2022;514;736;567;731;672;924;676;795;694;594;849;925;970;995;931;942;1033;860;953;810;1037;733;1042;634;1077;561;1117;967;1197;874;1372;775;1448;764;1469;694;229;935
MA-0035-OAsR1r3m_04.dw.png;MA-0035;30.705867;-7.307917;2020;desert;colony;Aglagane et al. 2022;437;815;495;816;603;1000;591;873;619;682;757;1004;869;1078;832;1029;948;947;869;898;949;822;970;726;999;658;1020;1056;1112;967;1300;870;1380;857;1397;790;151;998
MA-0035-OAsR1r3m_05.dw.png;MA-0035;30.705867;-7.307917;2020;desert;colony;Aglagane et al. 2022;415;816;466;811;569;1001;579;869;596;676;756;998;870;1068;834;1017;951;937;862;885;958;808;965;712;1009;643;1036;1041;1122;949;1282;852;1362;836;1383;764;138;1001
MA-0035-OAsR1r3m_06.dw.png;MA-0035;30.705867;-7.307917;2020;desert;colony;Aglagane et al. 2022;453;797;497;794;607;978;614;857;619;656;778;983;903;1059;861;1007;965;923;898;876;971;798;991;702;1020;622;1052;1032;1130;942;1313;838;1393;824;1415;749;151;978
MA-0035-OAsR1r3m_07.dw.png;MA-0035;30.705867;-7.307917;2020;desert;colony;Aglagane et al. 2022;458;751;509;747;623;947;623;815;638;615;796;954;909;1024;876;978;986;893;896;835;991;758;1004;662;1046;585;1075;1000;1161;909;1353;812;1427;801;1451;729;175;937
MA-0035-OAsR1r3m_08.dw.png;MA-0035;30.705867;-7.307917;2020;desert;colony;Aglagane et al. 2022;456;644;499;638;631;828;619;702;625;495;795;830;917;901;878;854;992;767;908;718;982;639;1002;544;1033;460;1072;872;1160;782;1342;679;1412;663;1441;593;166;837
MA-0035-OAsR1r3m_09.dw.png;MA-0035;30.705867;-7.307917;2020;desert;colony;Aglagane et al. 2022;458;613;503;608;624;794;622;669;631;465;804;795;919;865;883;816;993;726;909;684;996;603;1007;507;1035;430;1077;832;1163;741;1346;636;1420;623;1443;551;171;806
MA-0035-OAsR1r3m_10.dw.png;MA-0035;30.705867;-7.307917;2020;desert;colony;Aglagane et al. 2022;482;743;530;738;655;928;640;797;659;603;830;928;939;990;904;944;1003;858;919;811;1002;733;1011;641;1048;556;1100;958;1172;867;1349;767;1425;751;1448;676;226;940
MA-0036-OHaR1r1m_01.dw.png;MA-0036;31.2998;-6.500117;2020;semiarid;colony;Aglagane et al. 2022;477;745;527;738;620;920;631;794;645;609;807;913;928;980;890;930;994;847;924;804;1001;728;1008;639;1037;564;1077;949;1169;854;1350;753;1429;741;1449;675;189;935
MA-0036-OHaR1r1m_02.dw.png;MA-0036;31.2998;-6.500117;2020;semiarid;colony;Aglagane et al. 2022;456;785;512;781;601;973;604;842;641;653;785;982;899;1057;856;1002;959;922;895;874;989;797;999;704;1045;625;1050;1032;1126;947;1332;841;1428;832;1445;765;141;968
MA-0036-OHaR1r1m_03.dw.png;MA-0036;31.2998;-6.500117;2020;semiarid;colony;Aglagane et al. 2022;527;815;578;810;674;996;681;868;697;675;871;997;990;1072;950;1019;1055;939;968;889;1059;808;1065;716;1111;642;1139;1044;1224;951;1411;852;1507;839;1526;765;226;995
MA-0036-OHaR1r1m_04.dw.png;MA-0036;31.2998;-6.500117;2020;semiarid;colony;Aglagane et al. 2022;498;893;549;885;659;1070;668;946;664;750;851;1072;962;1135;926;1085;1028;1002;946;956;1022;875;1030;783;1062;705;1101;1111;1189;1013;1369;915;1448;904;1457;829;202;1082
MA-0036-OHaR1r1m_05.dw.png;MA-0036;31.2998;-6.500117;2020;semiarid;colony;Aglagane et al. 2022;481;736;522;731;587;920;626;799;652;615;790;934;906;1014;875;961;977;887;911;839;1002;768;1014;685;1057;605;1066;1001;1154;915;1339;833;1433;825;1456;758;184;891
MA-0036-OHaR1r1m_06.dw.png;MA-0036;31.2998;-6.500117;2020;semiarid;colony;Aglagane et al. 2022;493;746;536;738;629;925;643;799;659;614;800;933;921;1010;878;956;979;883;915;836;1007;756;1018;670;1059;601;1063;994;1156;907;1343;821;1433;814;1449;747;183;922
MA-0036-OHaR1r1m_07.dw.png;MA-0036;31.2998;-6.500117;2020;semiarid;colony;Aglagane et al. 2022;524;827;580;825;678;1014;671;882;696;695;847;1013;972;1089;929;1031;1040;958;972;914;1057;834;1064;743;1105;665;1142;1060;1219;975;1411;879;1508;871;1524;801;221;1021
MA-0036-OHaR1r1m_08.dw.png;MA-0036;31.2998;-6.500117;2020;semiarid;colony;Aglagane et al. 2022;467;806;515;798;604;977;623;857;643;673;782;972;905;1044;863;990;974;913;905;869;987;797;985;711;1021;631;1066;1015;1152;924;1322;830;1404;816;1422;748;180;997
MA-0036-OHaR1r1m_09.dw.png;MA-0036;31.2998;-6.500117;2020;semiarid;colony;Aglagane et al. 2022;510;859;557;854;676;1056;675;925;687;726;851;1055;968;1123;928;1070;1033;988;952;941;1030;859;1048;768;1093;688;1121;1096;1202;1007;1387;895;1479;882;1491;814;216;1053
MA-0036-OHaR1r1m_10.dw.png;MA-0036;31.2998;-6.500117;2020;semiarid;colony;Aglagane et al. 2022;490;688;538;685;637;875;646;746;664;552;825;882;941;956;909;901;1014;825;933;777;1020;704;1030;610;1072;537;1084;937;1177;845;1355;756;1440;748;1467;681;187;862
MA-0037-OHaR1r2m_01.dw.png;MA-0037;31.2998;-6.500117;2020;semiarid;colony;Aglagane et al. 2022;424;755;484;753;583;944;595;821;634;617;769;955;890;1036;848;980;978;910;901;851;993;779;1001;680;1043;614;1056;1020;1152;938;1346;850;1438;843;1447;768;137;922
MA-0037-OHaR1r2m_02.dw.png;MA-0037;31.2998;-6.500117;2020;semiarid;colony;Aglagane et al. 2022;469;800;509;792;607;982;621;854;633;654;799;981;923;1053;876;1000;991;920;921;866;1001;789;1006;694;1040;614;1072;1023;1154;935;1349;830;1449;816;1459;748;171;1002
MA-0037-OHaR1r2m_03.dw.png;MA-0037;31.2998;-6.500117;2020;semiarid;colony;Aglagane et al. 2022;495;812;537;806;629;990;647;868;676;665;824;997;941;1070;899;1015;1020;937;940;888;1033;809;1035;713;1076;642;1103;1045;1197;953;1386;858;1472;850;1481;779;211;1000
MA-0037-OHaR1r2m_04.dw.png;MA-0037;31.2998;-6.500117;2020;semiarid;colony;Aglagane et al. 2022;471;757;515;749;635;927;638;806;642;601;824;925;933;995;890;943;1009;859;918;813;1006;736;1013;644;1051;574;1085;965;1173;874;1366;772;1441;763;1451;694;207;956
MA-0037-OHaR1r2m_05.dw.png;MA-0037;31.2998;-6.500117;2020;semiarid;colony;Aglagane et al. 2022;482;771;524;766;625;955;638;830;660;629;805;960;929;1036;887;984;994;903;924;846;1008;775;1025;682;1057;603;1077;1012;1159;923;1352;823;1452;810;1460;740;187;954
MA-0037-OHaR1r2m_06.dw.png;MA-0037;31.2998;-6.500117;2020;semiarid;colony;Aglagane et al. 2022;569;817;619;815;706;998;721;881;743;687;895;1011;1002;1085;963;1034;1081;966;1009;913;1101;843;1120;757;1157;685;1157;1070;1251;990;1459;901;1546;893;1552;826;269;990
MA-0037-OHaR1r2m_07.dw.png;MA-0037;31.2998;-6.500117;2020;semiarid;colony;Aglagane et al. 2022;482;760;534;753;632;938;635;809;653;617;816;943;936;1015;894;961;1000;879;918;822;1004;749;1005;648;1042;581;1084;988;1173;893;1358;784;1425;772;1433;704;189;958
MA-0037-OHaR1r2m_08.dw.png;MA-0037;31.2998;-6.500117;2020;semiarid;colony;Aglagane et al. 2022;444;817;495;813;582;995;596;872;621;683;782;1000;898;1077;859;1022;962;944;904;895;980;817;985;721;1020;653;1052;1049;1129;963;1318;860;1417;843;1413;772;149;1002
MA-0037-OHaR1r2m_09.dw.png;MA-0037;31.2998;-6.500117;2020;semiarid;colony;Aglagane et al. 2022;470;707;517;700;619;886;628;763;654;564;810;893;929;966;886;914;1013;835;936;784;1023;707;1030;612;1066;545;1089;940;1174;859;1376;763;1461;752;1471;683;187;883
MA-0037-OHaR1r2m_10.dw.png;MA-0037;31.2998;-6.500117;2020;semiarid;colony;Aglagane et al. 2022;424;697;470;692;563;883;581;754;609;549;769;888;878;957;840;908;955;823;886;776;967;695;976;598;1017;520;1043;927;1131;836;1328;735;1402;725;1410;655;143;898
MA-0038-OHaR1r3m_01.dw.png;MA-0038;31.2998;-6.500117;2020;semiarid;colony;Aglagane et al. 2022;456;818;518;814;606;997;611;866;637;676;804;993;925;1061;884;1014;1003;930;905;876;989;805;1003;709;1045;633;1070;1035;1158;947;1352;841;1428;830;1427;754;158;1012
MA-0038-OHaR1r3m_02.dw.png;MA-0038;31.2998;-6.500117;2020;semiarid;colony;Aglagane et al. 2022;465;765;506;758;616;942;620;814;643;621;799;942;919;1010;873;959;977;877;913;830;997;753;999;658;1038;584;1072;981;1152;892;1334;795;1428;785;1440;714;175;951
MA-0038-OHaR1r3m_03.dw.png;MA-0038;31.2998;-6.500117;2020;semiarid;colony;Aglagane et al. 2022;485;859;543;854;641;1032;640;906;661;715;835;1026;952;1090;911;1041;1012;958;938;913;1019;835;1023;741;1060;667;1091;1063;1176;971;1366;869;1457;853;1471;783;212;1053
MA-0038-OHaR1r3m_04.dw.png;MA-0038;31.2998;-6.500117;2020;semiarid;colony;Aglagane et al. 2022;441;731;491;724;587;908;601;780;613;583;775;905;889;973;846;922;960;838;885;794;969;710;978;610;1018;539;1038;946;1131;848;1333;743;1403;731;1405;652;143;917
MA-0038-OHaR1r3m_05.dw.png;MA-0038;31.2998;-6.500117;2020;semiarid;colony;Aglagane et al. 2022;501;795;556;789;657;964;661;841;671;652;848;953;963;1015;924;965;1011;883;948;842;1026;755;1024;665;1055;587;1104;980;1189;885;1373;775;1441;759;1441;688;212;995
MA-0038-OHaR1r3m_06.dw.png;MA-0038;31.2998;-6.500117;2020;semiarid;colony;Aglagane et al. 2022;485;774;542;769;614;953;650;834;670;641;828;955;947;1026;905;978;1024;897;955;853;1025;776;1038;686;1079;615;1104;1002;1188;920;1371;827;1467;820;1474;750;190;956
MA-0038-OHaR1r3m_07.dw.png;MA-0038;31.2998;-6.500117;2020;semiarid;colony;Aglagane et al. 2022;483;679;538;673;634;843;645;720;652;532;832;828;958;891;914;842;1022;754;944;715;1006;634;1018;547;1055;472;1103;855;1188;758;1357;653;1446;635;1448;565;194;886
MA-0038-OHaR1r3m_08.dw.png;MA-0038;31.2998;-6.500117;2020;semiarid;colony;Aglagane et al. 2022;509;863;563;856;656;1043;675;917;691;723;864;1046;984;1119;943;1068;1066;985;976;934;1044;854;1063;759;1109;685;1134;1092;1223;1004;1406;898;1494;885;1500;814;211;1049
MA-0038-OHaR1r3m_09.dw.png;MA-0038;31.2998;-6.500117;2020;semiarid;colony;Aglagane et al. 2022;509;939;560;934;650;1113;660;985;669;801;826;1112;943;1184;900;1129;1006;1043;938;997;1025;926;1030;827;1062;751;1101;1152;1180;1058;1375;952;1453;942;1466;868;219;1133
MA-0038-OHaR1r3m_10.dw.png;MA-0038;31.2998;-6.500117;2020;semiarid;colony;Aglagane et al. 2022;516;786;566;782;659;961;670;839;690;646;856;960;978;1024;939;980;1030;895;958;847;1045;769;1046;673;1093;600;1109;1001;1193;909;1391;807;1483;791;1486;717;221;966
MA-0039-OImR1r1m_01.dw.png;MA-0039;31.047533;-6.594533;2020;semiarid;colony;Aglagane et al. 2022;468;721;518;720;585;906;608;779;644;591;787;923;905;995;871;945;980;865;920;820;1004;735;1018;644;1057;575;1059;977;1159;888;1349;794;1422;787;1441;713;160;900
MA-0039-OImR1r1m_02.dw.png;MA-0039;31.047533;-6.594533;2020;semiarid;colony;Aglagane et al. 2022;426;779;482;778;560;963;582;839;619;649;768;973;885;1049;846;997;967;926;870;865;969;791;983;696;1030;629;1034;1026;1131;939;1315;839;1388;827;1401;762;102;940
MA-0039-OImR1r1m_03.dw.png;MA-0039;31.047533;-6.594533;2020;semiarid;colony;Aglagane et al. 2022;507;762;577;759;661;940;663;807;700;623;859;940;964;1004;933;958;1038;873;957;827;1042;751;1055;660;1088;590;1114;976;1203;886;1379;783;1452;773;1469;705;229;947
MA-0039-OImR1r1m_04.dw.png;MA-0039;31.047533;-6.594533;2020;semiarid;colony;Aglagane et al. 2022;453;723;517;720;604;903;610;769;643;585;801;903;913;967;878;917;987;835;911;794;992;710;1001;615;1032;547;1067;937;1153;847;1322;746;1403;731;1416;659;182;913
MA-0039-OImR1r1m_05.dw.png;MA-0039;31.047533;-6.594533;2020;semiarid;colony;Aglagane et al. 2022;455;730;529;728;608;916;616;784;659;600;811;927;921;1000;885;951;988;875;918;824;999;748;1016;661;1057;592;1069;981;1157;899;1330;811;1419;802;1443;734;166;900
MA-0039-OImR1r1m_06.dw.png;MA-0039;31.047533;-6.594533;2020;semiarid;colony;Aglagane et al. 2022;442;820;505;816;585;1002;599;876;641;682;776;1010;897;1085;859;1034;971;954;903;905;980;826;991;737;1030;661;1043;1064;1137;983;1321;883;1406;873;1423;805;153;1010
MA-0039-OImR1r1m_07.dw.png;MA-0039;31.047533;-6.594533;2020;semiarid;colony;Aglagane et al. 2022;483;819;536;814;621;1001;642;879;668;686;817;1011;931;1083;902;1036;1002;947;939;905;1020;830;1035;734;1070;663;1090;1059;1173;980;1355;881;1449;869;1461;794;185;995
MA-0039-OImR1r1m_08.dw.png;MA-0039;31.047533;-6.594533;2020;semiarid;colony;Aglagane et al. 2022;536;732;599;733;687;917;696;786;733;603;882;927;991;995;953;947;1069;874;984;823;1072;749;1086;660;1125;591;1132;978;1235;896;1415;809;1490;800;1511;734;244;895
MA-0039-OImR1r1m_09.dw.png;MA-0039;31.047533;-6.594533;2020;semiarid;colony;Aglagane et al. 2022;462;777;530;775;602;958;621;829;650;642;803;964;919;1034;883;988;989;910;909;856;997;785;1008;692;1040;617;1071;1012;1171;924;1340;830;1410;820;1425;746;173;961
MA-0039-OImR1r1m_10.dw.png;MA-0039;31.047533;-6.594533;2020;semiarid;colony;Aglagane et al. 2022;473;747;530;744;611;922;631;804;653;616;807;929;927;1003;897;952;1005;876;921;826;1000;747;1005;652;1049;580;1073;978;1166;891;1352;790;1418;779;1438;713;163;920
MA-0040-OImR1r2m_01.dw.png;MA-0040;31.11105;-6.581467;2020;semiarid;colony;Aglagane et al. 2022;443;807;497;801;597;978;587;852;617;666;782;972;903;1034;865;988;957;904;888;863;963;784;974;694;1009;620;1038;1005;1130;911;1308;808;1388;794;1408;728;182;998
MA-0040-OImR1r2m_02.dw.png;MA-0040;31.11105;-6.581467;2020;semiarid;colony;Aglagane et al. 2022;449;958;488;953;592;1136;594;1012;611;820;774;1141;896;1212;859;1164;954;1079;883;1033;960;952;965;856;1003;787;1046;1186;1125;1095;1306;991;1387;981;1413;917;163;1131
MA-0040-OImR1r2m_03.dw.png;MA-0040;31.11105;-6.581467;2020;semiarid;colony;Aglagane et al. 2022;454;763;511;762;608;948;610;824;635;639;798;958;912;1032;876;983;977;908;903;857;985;782;1008;697;1042;624;1050;1017;1146;930;1335;848;1418;839;1441;768;180;929
MA-0040-OImR1r2m_04.dw.png;MA-0040;31.11105;-6.581467;2020;semiarid;colony;Aglagane et al. 2022;509;726;566;724;652;917;680;794;689;589;849;925;975;1003;941;949;1049;869;959;818;1042;733;1059;639;1100;566;1131;979;1222;885;1402;788;1475;779;1505;706;229;912
MA-0040-OImR1r2m_05.dw.png;MA-0040;31.11105;-6.581467;2020;semiarid;colony;Aglagane et al. 2022;443;710;491;705;604;893;590;757;609;568;789;890;908;960;875;910;975;818;904;775;975;689;982;595;1013;517;1049;931;1143;834;1327;727;1403;713;1425;641;161;901
MA-0040-OImR1r2m_06.dw.png;MA-0040;31.11105;-6.581467;2020;semiarid;colony;Aglagane et al. 2022;444;695;503;692;597;888;621;762;643;564;779;898;905;969;857;918;970;833;911;789;1003;709;1017;615;1058;542;1049;951;1157;855;1357;763;1441;756;1463;686;141;874
MA-0040-OImR1r2m_07.dw.png;MA-0040;31.11105;-6.581467;2020;semiarid;colony;Aglagane et al. 2022;469;811;521;807;604;993;635;869;649;680;812;1000;924;1068;892;1021;999;944;913;893;998;815;1018;723;1055;658;1085;1045;1175;956;1333;866;1406;854;1418;786;212;997
MA-0040-OImR1r2m_08.dw.png;MA-0040;31.11105;-6.581467;2020;semiarid;colony;Aglagane et al. 2022;421;636;471;630;563;800;575;684;585;491;753;804;868;869;831;821;926;737;867;698;937;613;948;522;989;455;1024;841;1103;754;1280;651;1367;642;1391;577;132;816
MA-0040-OImR1r2m_09.dw.png;MA-0040;31.11105;-6.581467;2020;semiarid;colony;Aglagane et al. 2022;536;900;592;894;687;1073;687;946;708;763;868;1070;987;1141;953;1090;1054;1005;974;961;1051;879;1062;790;1094;714;1126;1115;1220;1016;1397;920;1475;906;1506;840;269;1082
MA-0040-OImR1r2m_10.dw.png;MA-0040;31.11105;-6.581467;2020;semiarid;colony;Aglagane et al. 2022;459;743;512;735;637;918;616;785;628;585;808;913;916;980;887;932;1002;840;902;792;982;701;980;603;1025;528;1080;944;1168;841;1339;736;1416;722;1437;646;197;937
MA-0041-OImR1r3m_01.dw.png;MA-0041;31.11105;-6.581467;2020;semiarid;colony;Aglagane et al. 2022;446;790;506;781;612;964;609;835;622;638;796;961;922;1028;886;978;991;888;913;848;980;754;984;654;1011;576;1092;983;1173;889;1344;782;1422;763;1429;690;175;997
MA-0041-OImR1r3m_02.dw.png;MA-0041;31.11105;-6.581467;2020;semiarid;colony;Aglagane et al. 2022;437;714;480;708;586;895;601;772;620;574;773;899;899;969;859;918;950;837;888;797;977;714;982;614;1015;537;1036;948;1123;858;1323;756;1405;744;1427;671;161;903
MA-0041-OImR1r3m_03.dw.png;MA-0041;31.11105;-6.581467;2020;semiarid;colony;Aglagane et al. 2022;441;737;484;727;594;917;589;784;607;588;770;923;887;992;849;946;960;857;884;809;982;729;994;629;1021;556;1031;969;1123;876;1321;768;1403;756;1433;692;144;927
MA-0041-OImR1r3m_04.dw.png;MA-0041;31.11105;-6.581467;2020;semiarid;colony;Aglagane et al. 2022;441;832;490;830;570;1017;590;888;622;699;758;1025;871;1097;834;1047;950;966;877;922;972;845;977;745;1011;675;1044;1073;1135;984;1314;890;1394;882;1420;817;156;1021
MA-0041-OImR1r3m_05.dw.png;MA-0041;31.11105;-6.581467;2020;semiarid;colony;Aglagane et al. 2022;450;787;494;780;609;969;608;842;620;649;807;972;911;1035;873;986;971;906;888;857;977;777;987;684;1021;610;1071;1005;1158;909;1339;811;1427;800;1451;734;160;976
MA-0041-OImR1r3m_06.dw.png;MA-0041;31.11105;-6.581467;2020;semiarid;colony;Aglagane et al. 2022;424;817;473;811;557;1003;587;877;613;677;781;1009;890;1075;851;1027;958;937;882;889;972;813;982;711;1023;631;1059;1049;1146;954;1319;853;1414;838;1432;767;143;1015
MA-0041-OImR1r3m_07.dw.png;MA-0041;31.11105;-6.581467;2020;semiarid;colony;Aglagane et al. 2022;485;780;539;783;607;979;635;855;684;661;810;1000;913;1073;880;1022;997;948;920;892;1014;818;1029;720;1064;648;1063;1059;1160;971;1372;877;1444;870;1460;804;185;958
MA-0041-OImR1r3m_08.dw.png;MA-0041;31.11105;-6.581467;2020;semiarid;colony;Aglagane et al. 2022;464;687;515;686;597;878;631;758;664;557;824;902;922;972;885;918;1001;840;932;796;1011;707;1020;612;1052;540;1084;951;1178;862;1373;763;1448;753;1476;683;180;866
MA-0041-OImR1r3m_09.dw.png;MA-0041;31.11105;-6.581467;2020;semiarid;colony;Aglagane et al. 2022;500;683;555;683;643;875;658;753;679;556;822;892;922;969;888;917;988;839;917;787;1023;715;1037;617;1083;548;1089;953;1169;872;1374;779;1445;774;1466;706;204;849
MA-0041-OImR1r3m_10.dw.png;MA-0041;31.11105;-6.581467;2020;semiarid;colony;Aglagane et al. 2022;503;1038;552;1035;649;1226;672;1107;684;912;833;1237;940;1310;907;1261;1009;1182;943;1135;1023;1060;1039;967;1084;898;1105;1290;1184;1207;1367;1114;1443;1106;1466;1042;214;1201
MA-0042-OOaR1r1t_01.dw.png;MA-0042;31.11105;-6.581467;2020;semiarid;colony;Aglagane et al. 2022;420;813;464;806;534;980;578;865;590;676;757;980;875;1044;845;995;946;912;871;872;951;795;950;705;975;624;1026;1012;1105;926;1278;825;1360;810;1385;743;137;1009
MA-0042-OOaR1r1t_02.dw.png;MA-0042;31.11105;-6.581467;2020;semiarid;colony;Aglagane et al. 2022;454;746;500;738;584;910;602;789;606;595;769;903;888;968;851;918;958;833;890;796;975;707;975;612;1002;539;1043;934;1122;843;1304;742;1395;727;1416;658;178;944
MA-0042-OOaR1r1t_03.dw.png;MA-0042;31.11105;-6.581467;2020;semiarid;colony;Aglagane et al. 2022;556;823;600;821;685;1005;701;884;723;694;877;1021;979;1096;951;1045;1066;972;1002;927;1079;848;1098;751;1134;687;1132;1082;1219;1006;1417;920;1506;918;1530;854;248;993
MA-0042-OOaR1r1t_04.dw.png;MA-0042;31.11105;-6.581467;2020;semiarid;colony;Aglagane et al. 2022;480;697;531;695;614;882;637;760;660;560;815;893;929;968;895;913;989;832;922;788;1014;704;1021;608;1065;529;1084;946;1175;854;1352;763;1446;753;1475;685;171;864
MA-0042-OOaR1r1t_05.dw.png;MA-0042;31.11105;-6.581467;2020;semiarid;colony;Aglagane et al. 2022;430;771;477;766;566;952;587;828;609;635;768;956;885;1027;848;973;946;893;879;850;963;768;972;671;1005;595;1033;1002;1121;911;1295;818;1388;807;1415;734;136;961
MA-0042-OOaR1r1t_06.dw.png;MA-0042;31.11105;-6.581467;2020;semiarid;colony;Aglagane et al. 2022;453;728;502;722;587;896;612;774;609;586;798;893;924;951;886;906;994;819;913;778;983;697;990;604;1019;528;1069;921;1156;825;1336;726;1419;710;1433;639;175;942
MA-0042-OOaR1r1t_07.dw.png;MA-0042;31.11105;-6.581467;2020;semiarid;colony;Aglagane et al. 2022;449;792;502;789;573;976;592;842;619;653;766;969;885;1034;851;983;953;903;883;864;974;779;977;683;1011;610;1050;1002;1117;920;1287;816;1377;803;1398;733;151;985
MA-0042-OOaR1r1t_08.dw.png;MA-0042;31.11105;-6.581467;2020;semiarid;colony;Aglagane et al. 2022;438;756;487;751;582;934;587;802;603;600;766;924;897;990;858;940;957;853;880;811;963;721;967;620;1002;546;1047;956;1133;860;1307;757;1399;741;1424;668;143;966
MA-0042-OOaR1r1t_09.dw.png;MA-0042;31.11105;-6.581467;2020;semiarid;colony;Aglagane et al. 2022;548;718;593;709;698;887;700;757;704;554;883;871;1008;930;973;882;1068;792;992;752;1069;658;1069;556;1101;482;1163;888;1245;791;1417;681;1507;658;1527;586;262;935
MA-0042-OOaR1r1t_10.dw.png;MA-0042;31.11105;-6.581467;2020;semiarid;colony;Aglagane et al. 2022;429;775;469;770;585;978;593;843;615;637;783;979;900;1049;865;997;966;909;892;866;973;780;981;686;1018;603;1048;1024;1132;933;1335;826;1420;814;1442;746;126;981
MA-0043-OObR1r1m_01.dw.png;MA-0043;30.918683;-6.91995;2020;desert;colony;Aglagane et al. 2022;495;791;541;788;646;983;645;850;671;649;831;993;946;1073;911;1020;1011;938;931;881;1030;804;1047;702;1088;622;1091;1058;1197;967;1416;868;1491;862;1504;787;187;976
MA-0043-OObR1r1m_02.dw.png;MA-0043;30.918683;-6.91995;2020;desert;colony;Aglagane et al. 2022;436;822;487;814;600;1002;604;883;610;693;781;1008;890;1079;854;1027;967;952;880;899;972;826;987;729;1025;654;1045;1053;1137;968;1322;863;1401;856;1421;792;158;1010
MA-0043-OObR1r1m_03.dw.png;MA-0043;30.918683;-6.91995;2020;desert;colony;Aglagane et al. 2022;503;867;551;863;662;1046;663;921;676;724;840;1041;959;1109;918;1059;1018;971;947;927;1035;850;1035;748;1079;671;1115;1079;1208;981;1398;875;1467;863;1486;793;214;1080
MA-0043-OObR1r1m_04.dw.png;MA-0043;30.918683;-6.91995;2020;desert;colony;Aglagane et al. 2022;447;754;496;745;592;922;618;804;623;608;798;922;909;985;868;935;957;854;890;814;975;734;975;634;1004;559;1069;952;1135;868;1326;762;1406;748;1424;679;187;956
MA-0043-OObR1r1m_05.dw.png;MA-0043;30.918683;-6.91995;2020;desert;colony;Aglagane et al. 2022;416;701;461;690;571;870;582;750;575;549;753;864;881;925;837;881;935;794;861;754;940;672;939;576;972;499;1030;895;1107;807;1290;695;1363;682;1374;614;132;901
MA-0043-OObR1r1m_06.dw.png;MA-0043;30.918683;-6.91995;2020;desert;colony;Aglagane et al. 2022;480;761;524;755;623;937;633;814;635;622;820;934;941;1000;894;949;984;864;924;822;1009;738;1014;642;1041;570;1098;963;1170;875;1355;768;1433;753;1435;683;187;964
MA-0043-OObR1r1m_07.dw.png;MA-0043;30.918683;-6.91995;2020;desert;colony;Aglagane et al. 2022;432;835;483;827;579;1009;592;886;596;681;766;1002;897;1066;851;1019;962;929;880;886;967;804;968;704;999;624;1048;1035;1134;939;1330;823;1393;810;1404;737;141;1032
MA-0043-OObR1r1m_08.dw.png;MA-0043;30.918683;-6.91995;2020;desert;colony;Aglagane et al. 2022;477;777;529;775;599;964;629;836;650;642;798;966;914;1032;876;985;979;907;914;860;994;784;1001;685;1033;612;1061;1013;1143;928;1350;828;1439;819;1457;754;171;959
MA-0043-OObR1r1m_09.dw.png;MA-0043;30.918683;-6.91995;2020;desert;colony;Aglagane et al. 2022;411;787;454;782;576;971;587;849;582;638;746;964;873;1036;829;983;933;893;870;855;941;762;945;656;984;579;1021;1003;1104;907;1321;786;1403;773;1409;702;127;992
MA-0043-OObR1r1m_10.dw.png;MA-0043;30.918683;-6.91995;2020;desert;colony;Aglagane et al. 2022;472;757;508;751;614;937;620;817;633;620;790;942;908;1017;871;963;975;885;898;837;982;757;1001;660;1035;586;1071;989;1148;901;1333;802;1420;788;1425;714;175;944
MA-0044-OObR1r2m_01.dw.png;MA-0044;30.918683;-6.91995;2020;desert;colony;Aglagane et al. 2022;448;787;497;778;597;964;592;828;623;638;804;952;941;1015;897;968;1004;880;911;833;994;745;997;648;1025;576;1100;976;1173;884;1346;770;1427;755;1443;686;161;1007
MA-0044-OObR1r2m_02.dw.png;MA-0044;30.918683;-6.91995;2020;desert;colony;Aglagane et al. 2022;472;776;526;775;600;956;611;831;650;649;791;973;916;1053;875;1000;980;926;912;877;997;798;1014;704;1062;637;1065;1038;1159;956;1357;868;1444;858;1462;788;163;942
MA-0044-OObR1r2m_03.dw.png;MA-0044;30.918683;-6.91995;2020;desert;colony;Aglagane et al. 2022;484;763;538;760;622;946;623;813;672;626;805;949;941;1024;904;973;1016;890;943;839;1021;759;1028;663;1060;588;1096;999;1192;911;1391;808;1479;795;1503;727;173;963
MA-0044-OObR1r2m_04.dw.png;MA-0044;30.918683;-6.91995;2020;desert;colony;Aglagane et al. 2022;427;798;471;796;575;987;581;853;602;661;770;985;900;1051;852;1003;975;917;892;871;963;791;967;697;1011;625;1052;1022;1136;930;1313;835;1403;823;1425;753;149;1002
MA-0044-OObR1r2m_05.dw.png;MA-0044;30.918683;-6.91995;2020;desert;colony;Aglagane et al. 2022;442;761;485;755;581;935;572;808;615;627;748;942;877;1015;831;964;950;891;880;843;971;769;970;675;1018;603;1036;992;1112;911;1316;816;1387;807;1413;735;153;930
MA-0044-OObR1r2m_06.dw.png;MA-0044;30.918683;-6.91995;2020;desert;colony;Aglagane et al. 2022;457;819;501;812;593;1001;604;867;618;679;800;1002;923;1068;880;1019;984;928;903;878;981;800;985;709;1023;634;1072;1039;1155;942;1332;843;1431;826;1447;759;154;1007
MA-0044-OObR1r2m_07.dw.png;MA-0044;30.918683;-6.91995;2020;desert;colony;Aglagane et al. 2022;446;751;486;748;598;936;602;808;615;618;799;937;921;1002;880;954;983;871;912;826;982;740;983;649;1013;574;1074;973;1157;884;1338;782;1411;770;1430;698;158;952
MA-0044-OObR1r2m_08.dw.png;MA-0044;30.918683;-6.91995;2020;desert;colony;Aglagane et al. 2022;472;831;519;824;624;998;606;869;634;692;800;992;940;1049;895;1007;983;912;928;878;998;793;1001;699;1033;631;1092;1011;1166;924;1346;808;1425;790;1434;720;194;1036
MA-0044-OObR1r2m_09.dw.png;MA-0044;30.918683;-6.91995;2020;desert;colony;Aglagane et al. 2022;487;707;538;703;627;883;631;755;653;573;815;883;948;949;900;898;999;818;934;773;1011;692;1022;598;1052;516;1086;922;1173;829;1367;719;1452;704;1477;633;192;901
MA-0044-OObR1r2m_10.dw.png;MA-0044;30.918683;-6.91995;2020;desert;colony;Aglagane et al. 2022;451;789;498;784;593;963;590;833;608;650;781;967;904;1034;863;988;972;906;900;862;983;777;982;682;1024;609;1065;1008;1141;917;1323;818;1385;807;1415;737;166;976
MA-0045-OObR1r3m_01.dw.png;MA-0045;30.918683;-6.91995;2020;desert;colony;Aglagane et al. 2022;473;725;525;722;604;906;626;785;646;599;803;913;929;986;885;934;989;857;917;812;994;737;1002;651;1045;579;1083;963;1166;878;1329;791;1411;780;1435;714;194;915
MA-0045-OObR1r3m_02.dw.png;MA-0045;30.918683;-6.91995;2020;desert;colony;Aglagane et al. 2022;447;856;494;848;576;1020;594;893;609;701;796;1005;913;1062;865;1017;977;935;896;893;970;811;977;719;1013;644;1066;1025;1135;934;1312;821;1395;808;1404;736;166;1067
MA-0045-OObR1r3m_03.dw.png;MA-0045;30.918683;-6.91995;2020;desert;colony;Aglagane et al. 2022;434;841;485;837;562;1016;576;892;606;709;764;1022;885;1090;843;1041;944;960;883;917;961;839;972;748;1008;676;1026;1064;1112;978;1294;881;1389;868;1409;798;149;1024
MA-0045-OObR1r3m_04.dw.png;MA-0045;30.918683;-6.91995;2020;desert;colony;Aglagane et al. 2022;479;691;523;687;613;882;635;758;659;564;792;896;916;971;878;920;991;848;907;789;1013;719;1028;622;1079;552;1082;953;1168;871;1340;782;1445;770;1471;702;190;872
MA-0045-OObR1r3m_05.dw.png;MA-0045;30.918683;-6.91995;2020;desert;colony;Aglagane et al. 2022;421;752;465;745;563;932;573;803;594;606;743;934;877;1001;824;952;932;866;861;818;946;736;958;646;1004;571;1028;975;1112;882;1310;775;1388;763;1404;688;148;944
MA-0045-OObR1r3m_06.dw.png;MA-0045;30.918683;-6.91995;2020;desert;colony;Aglagane et al. 2022;486;762;532;755;621;937;633;814;655;626;810;933;938;998;900;951;995;864;925;821;1002;746;1013;661;1055;584;1099;963;1173;878;1355;773;1429;761;1445;688;206;968
MA-0045-OObR1r3m_07.dw.png;MA-0045;30.918683;-6.91995;2020;desert;colony;Aglagane et al. 2022;410;779;458;771;557;962;572;831;605;629;766;967;890;1031;843;983;965;901;876;846;980;765;987;661;1026;588;1050;1004;1141;915;1337;807;1422;794;1448;723;126;976
MA-0045-OObR1r3m_08.dw.png;MA-0045;30.918683;-6.91995;2020;desert;colony;Aglagane et al. 2022;479;768;528;766;620;961;636;833;665;631;815;968;951;1041;897;986;1014;908;942;861;1029;784;1047;690;1094;617;1100;1024;1198;929;1385;834;1481;824;1499;754;197;966
MA-0045-OObR1r3m_09.dw.png;MA-0045;30.918683;-6.91995;2020;desert;colony;Aglagane et al. 2022;406;755;461;748;541;931;558;800;577;608;752;922;885;982;842;936;941;847;863;804;941;729;941;633;985;561;1050;944;1130;855;1294;749;1373;733;1394;664;127;963
MA-0045-OObR1r3m_10.dw.png;MA-0045;30.918683;-6.91995;2020;desert;colony;Aglagane et al. 2022;410;840;459;834;561;1019;571;889;582;689;745;1012;862;1076;824;1029;935;939;859;891;949;818;954;725;997;648;1021;1043;1103;952;1303;847;1381;831;1404;765;114;1038
MA-0046-OOuR1r1m_01.dw.png;MA-0046;30.526633;-7.15195;2020;desert;colony;Aglagane et al. 2022;469;700;526;695;617;891;626;755;649;551;822;890;924;958;889;908;997;825;907;775;1006;695;1013;593;1057;522;1069;932;1162;833;1361;733;1447;723;1466;649;166;895
MA-0046-OOuR1r1m_02.dw.png;MA-0046;30.526633;-7.15195;2020;desert;colony;Aglagane et al. 2022;485;675;536;670;643;855;638;724;662;538;839;847;948;912;912;864;1028;787;936;736;1027;659;1037;566;1074;493;1106;884;1188;793;1362;694;1464;679;1483;612;211;877
MA-0046-OOuR1r1m_03.dw.png;MA-0046;30.526633;-7.15195;2020;desert;colony;Aglagane et al. 2022;461;786;512;783;594;976;621;844;646;646;794;979;902;1051;869;1000;973;917;905;871;996;790;1008;688;1052;618;1059;1025;1147;937;1339;840;1433;830;1453;758;166;976
MA-0046-OOuR1r1m_04.dw.png;MA-0046;30.526633;-7.15195;2020;desert;colony;Aglagane et al. 2022;453;795;516;793;586;972;616;852;630;666;783;973;894;1041;853;991;965;915;885;866;970;795;980;700;1016;625;1042;1018;1126;929;1308;837;1404;827;1432;767;173;990
MA-0046-OOuR1r1m_05.dw.png;MA-0046;30.526633;-7.15195;2020;desert;colony;Aglagane et al. 2022;478;715;527;715;612;924;626;784;673;596;805;945;906;1026;875;973;996;903;919;842;1023;774;1045;677;1094;612;1055;1019;1158;937;1348;860;1438;858;1484;795;168;884
MA-0046-OOuR1r1m_06.dw.png;MA-0046;30.526633;-7.15195;2020;desert;colony;Aglagane et al. 2022;479;749;533;746;621;940;623;804;657;629;817;945;920;1010;890;964;991;889;921;841;1014;767;1031;678;1068;610;1066;991;1160;909;1324;823;1430;807;1451;741;204;930
MA-0046-OOuR1r1m_07.dw.png;MA-0046;30.526633;-7.15195;2020;desert;colony;Aglagane et al. 2022;431;797;489;793;578;977;589;850;599;660;770;980;885;1047;849;1000;946;915;881;868;971;790;976;692;1013;609;1021;1026;1112;938;1331;833;1404;821;1416;750;151;980
MA-0046-OOuR1r1m_08.dw.png;MA-0046;30.526633;-7.15195;2020;desert;colony;Aglagane et al. 2022;481;727;526;719;631;910;631;772;662;574;812;905;931;968;895;920;998;838;921;790;1008;709;1016;610;1052;539;1084;939;1163;849;1352;745;1436;732;1450;657;202;920
MA-0046-OOuR1r1m_09.dw.png;MA-0046;30.526633;-7.15195;2020;desert;colony;Aglagane et al. 2022;491;844;534;835;651;1026;643;892;668;688;850;1023;943;1085;905;1037;1011;949;943;904;1019;820;1027;717;1077;634;1077;1056;1169;956;1357;850;1451;831;1465;755;202;1053
MA-0046-OOuR1r1m_10.dw.png;MA-0046;30.526633;-7.15195;2020;desert;colony;Aglagane et al. 2022;500;774;556;763;655;945;674;816;674;614;858;932;972;990;933;947;1035;854;958;811;1044;719;1050;629;1088;545;1117;954;1196;859;1395;742;1472;727;1485;648;234;986
MA-0047-OOuR1r2m_01.dw.png;MA-0047;30.526633;-7.15195;2020;desert;colony;Aglagane et al. 2022;501;721;557;711;668;885;658;760;664;569;836;879;955;944;917;895;1032;803;943;757;1026;676;1023;588;1066;508;1098;908;1186;808;1362;707;1445;691;1462;619;223;925
MA-0047-OOuR1r2m_02.dw.png;MA-0047;30.526633;-7.15195;2020;desert;colony;Aglagane et al. 2022;446;753;482;746;605;924;604;801;606;600;782;913;919;983;882;939;965;847;889;800;970;717;975;625;1012;546;1051;957;1135;856;1311;751;1400;734;1408;660;170;958
MA-0047-OOuR1r2m_03.dw.png;MA-0047;30.526633;-7.15195;2020;desert;colony;Aglagane et al. 2022;441;811;497;805;589;989;609;862;634;661;786;987;912;1057;871;1008;978;921;892;866;991;791;1004;695;1051;616;1067;1026;1159;929;1355;820;1430;808;1442;734;136;1002
MA-0047-OOuR1r2m_04.dw.png;MA-0047;30.526633;-7.15195;2020;desert;colony;Aglagane et al. 2022;582;749;626;747;703;942;740;818;766;614;914;962;1031;1046;999;993;1103;911;1031;856;1127;780;1142;688;1190;610;1186;1031;1284;942;1467;859;1567;853;1595;785;272;920
MA-0047-OOuR1r2m_05.dw.png;MA-0047;30.526633;-7.15195;2020;desert;colony;Aglagane et al. 2022;438;796;485;787;550;948;593;835;582;649;748;935;873;995;835;952;938;866;876;831;945;751;941;664;965;592;1024;963;1103;872;1265;779;1358;759;1379;692;189;986
MA-0047-OOuR1r2m_06.dw.png;MA-0047;30.526633;-7.15195;2020;desert;colony;Aglagane et al. 2022;448;857;485;851;605;1039;600;910;616;711;776;1042;910;1114;876;1065;974;983;884;929;980;846;990;750;1031;675;1060;1088;1144;998;1342;891;1427;880;1442;804;165;1058
MA-0047-OOuR1r2m_07.dw.png;MA-0047;30.526633;-7.15195;2020;desert;colony;Aglagane et al. 2022;410;736;458;728;556;912;564;788;578;596;737;912;861;981;822;927;918;842;861;802;938;720;945;625;980;554;1000;953;1099;857;1281;753;1367;737;1390;670;146;934
MA-0047-OOuR1r2m_08.dw.png;MA-0047;30.526633;-7.15195;2020;desert;colony;Aglagane et al. 2022;473;826;529;820;630;997;630;876;651;691;806;1006;914;1070;885;1026;989;946;930;902;1009;818;1013;725;1047;654;1063;1054;1150;969;1351;868;1423;859;1445;787;206;1009
MA-0047-OOuR1r2m_09.dw.png;MA-0047;30.526633;-7.15195;2020;desert;colony;Aglagane et al. 2022;487;745;538;738;645;924;654;800;659;597;848;927;961;997;922;944;1025;864;955;819;1035;735;1050;639;1093;562;1116;974;1207;879;1382;784;1472;774;1504;704;197;932
MA-0047-OOuR1r2m_10.dw.png;MA-0047;30.526633;-7.15195;2020;desert;colony;Aglagane et al. 2022;404;702;459;692;576;870;574;748;577;553;752;860;870;925;831;877;932;798;839;744;926;671;936;574;977;494;1014;896;1096;799;1275;695;1362;676;1369;601;139;912
MA-0048-OOuR1r3m_01.dw.png;MA-0048;30.526633;-7.15195;2020;desert;colony;Aglagane et al. 2022;476;821;524;816;621;1005;619;874;651;686;805;1017;912;1092;885;1043;1000;968;911;910;1003;844;1018;750;1059;677;1064;1077;1165;993;1362;908;1447;904;1480;831;180;988
MA-0048-OOuR1r3m_02.dw.png;MA-0048;30.526633;-7.15195;2020;desert;colony;Aglagane et al. 2022;453;702;507;699;614;882;606;757;640;566;788;881;914;951;878;903;985;821;910;775;995;693;1004;598;1034;529;1074;922;1169;834;1363;733;1438;721;1462;657;173;896
MA-0048-OOuR1r3m_03.dw.png;MA-0048;30.526633;-7.15195;2020;desert;colony;Aglagane et al. 2022;471;799;509;796;625;976;614;843;634;646;824;964;941;1032;894;980;1000;903;917;852;999;775;1011;675;1041;600;1076;1005;1162;912;1345;807;1438;789;1462;723;187;995
MA-0048-OOuR1r3m_04.dw.png;MA-0048;30.526633;-7.15195;2020;desert;colony;Aglagane et al. 2022;494;760;538;757;635;949;635;816;664;627;825;955;950;1026;911;980;1026;903;946;849;1035;772;1045;676;1076;603;1110;1007;1212;924;1404;825;1481;815;1503;746;192;954
MA-0048-OOuR1r3m_05.dw.png;MA-0048;30.526633;-7.15195;2020;desert;colony;Aglagane et al. 2022;533;765;575;762;658;948;670;820;710;631;842;956;953;1031;915;980;1024;899;947;846;1046;777;1063;678;1103;607;1097;1012;1190;924;1381;829;1478;815;1505;745;229;944
MA-0048-OOuR1r3m_06.dw.png;MA-0048;30.526633;-7.15195;2020;desert;colony;Aglagane et al. 2022;462;839;522;837;592;1025;620;899;650;705;779;1029;907;1106;865;1053;980;976;920;931;1000;850;1008;745;1046;673;1060;1084;1144;997;1341;899;1442;885;1454;809;158;1024
MA-0048-OOuR1r3m_07.dw.png;MA-0048;30.526633;-7.15195;2020;desert;colony;Aglagane et al. 2022;442;806;498;802;574;985;592;859;613;670;761;984;887;1061;846;1003;955;930;875;879;971;802;977;702;1014;625;1033;1032;1118;944;1322;837;1422;821;1437;750;143;992
MA-0048-OOuR1r3m_08.dw.png;MA-0048;30.526633;-7.15195;2020;desert;colony;Aglagane et al. 2022;495;827;551;821;655;1005;645;869;660;671;846;996;977;1067;929;1014;1034;928;956;886;1037;803;1052;699;1077;624;1115;1036;1200;937;1387;828;1481;808;1492;736;214;1034
MA-0048-OOuR1r3m_09.dw.png;MA-0048;30.526633;-7.15195;2020;desert;colony;Aglagane et al. 2022;462;687;512;682;614;867;618;737;631;549;808;859;933;923;897;879;999;792;927;745;1007;666;1018;571;1045;493;1089;889;1185;798;1375;687;1453;672;1474;607;171;893
MA-0048-OOuR1r3m_10.dw.png;MA-0048;30.526633;-7.15195;2020;desert;colony;Aglagane et al. 2022;487;774;540;770;644;963;640;825;660;624;844;955;972;1022;924;971;1024;890;943;842;1035;758;1052;660;1081;583;1108;998;1197;903;1391;794;1479;777;1501;702;200;980
MA-0049-OTiR1r1m_01.dw.png;MA-0049;31.271333;-7.13825;2020;semiarid;colony;Aglagane et al. 2022;498;796;561;789;622;965;648;843;670;649;814;966;951;1032;905;983;1019;898;962;857;1034;773;1034;683;1062;607;1099;1005;1189;909;1381;808;1472;792;1490;728;201;992
MA-0049-OTiR1r1m_02.dw.png;MA-0049;31.271333;-7.13825;2020;semiarid;colony;Aglagane et al. 2022;442;795;498;788;585;973;600;844;616;657;764;969;895;1034;858;992;962;900;883;852;965;780;969;688;1016;615;1048;1005;1120;912;1299;806;1375;792;1386;724;161;998
MA-0049-OTiR1r1m_03.dw.png;MA-0049;31.271333;-7.13825;2020;semiarid;colony;Aglagane et al. 2022;461;725;524;713;621;889;630;768;638;579;799;883;939;944;894;902;1004;810;917;762;1004;685;1009;600;1045;523;1091;912;1166;816;1339;710;1437;693;1451;624;190;932
MA-0049-OTiR1r1m_04.dw.png;MA-0049;31.271333;-7.13825;2020;semiarid;colony;Aglagane et al. 2022;471;799;532;788;631;954;635;832;641;651;802;940;936;995;896;953;992;860;911;823;988;742;987;656;1025;578;1080;954;1151;859;1316;753;1406;731;1423;660;217;1022
MA-0049-OTiR1r1m_05.dw.png;MA-0049;31.271333;-7.13825;2020;semiarid;colony;Aglagane et al. 2022;480;823;537;816;619;992;635;872;664;690;800;1002;929;1077;890;1031;1003;947;924;893;1009;820;1025;736;1064;656;1079;1056;1168;967;1359;877;1456;867;1471;794;200;1010
MA-0049-OTiR1r1m_06.dw.png;MA-0049;31.271333;-7.13825;2020;semiarid;colony;Aglagane et al. 2022;432;694;494;691;549;860;588;750;601;562;740;867;868;938;829;889;945;818;877;767;953;690;963;607;996;536;1019;917;1096;831;1294;735;1380;725;1405;661;141;866
MA-0049-OTiR1r1m_07.dw.png;MA-0049;31.271333;-7.13825;2020;semiarid;colony;Aglagane et al. 2022;470;729;530;724;610;908;631;785;652;603;788;913;917;985;875;937;998;857;917;804;1000;734;1009;642;1048;571;1074;961;1155;874;1337;783;1428;774;1447;703;185;929
MA-0049-OTiR1r1m_08.dw.png;MA-0049;31.271333;-7.13825;2020;semiarid;colony;Aglagane et al. 2022;478;808;535;800;634;987;647;850;649;642;829;968;968;1029;931;983;1035;889;934;845;1016;750;1019;644;1055;571;1122;986;1202;884;1388;759;1454;742;1471;663;221;1046
MA-0049-OTiR1r1m_09.dw.png;MA-0049;31.271333;-7.13825;2020;semiarid;colony;Aglagane et al. 2022;462;729;525;724;583;902;613;774;628;593;783;895;914;966;871;915;980;834;904;780;985;704;992;615;1028;544;1054;937;1136;844;1330;740;1420;728;1441;659;161;925
MA-0049-OTiR1r1m_10.dw.png;MA-0049;31.271333;-7.13825;2020;semiarid;colony;Aglagane et al. 2022;416;729;479;721;579;907;570;775;587;585;763;903;888;968;848;918;947;829;877;785;943;695;950;607;987;523;1028;934;1106;835;1302;718;1393;701;1404;625;137;942
MA-0050-OTiR1r1t_01.dw.png;MA-0050;31.271333;-7.13825;2020;semiarid;colony;Aglagane et al. 2022;484;835;527;829;622;1010;636;886;657;690;812;1015;922;1087;887;1034;1008;961;928;910;1007;838;1014;746;1060;680;1081;1066;1166;978;1335;892;1418;881;1437;821;214;1024
MA-0050-OTiR1r1t_02.dw.png;MA-0050;31.271333;-7.13825;2020;semiarid;colony;Aglagane et al. 2022;485;726;525;720;627;897;638;771;648;576;826;898;939;963;909;915;1017;837;947;794;1014;713;1021;622;1059;552;1098;934;1180;843;1348;752;1430;736;1451;674;202;922
MA-0050-OTiR1r1t_03.dw.png;MA-0050;31.271333;-7.13825;2020;semiarid;colony;Aglagane et al. 2022;463;882;508;872;630;1058;628;927;638;721;819;1057;934;1119;894;1073;1008;989;930;942;1013;861;1021;763;1059;690;1089;1091;1168;1007;1365;902;1450;889;1461;812;175;1080
MA-0050-OTiR1r1t_04.dw.png;MA-0050;31.271333;-7.13825;2020;semiarid;colony;Aglagane et al. 2022;449;792;490;786;612;972;609;839;621;633;812;969;927;1035;885;983;997;901;922;856;992;770;999;673;1043;606;1075;1007;1167;908;1340;811;1428;798;1445;729;165;1000
MA-0050-OTiR1r1t_05.dw.png;MA-0050;31.271333;-7.13825;2020;semiarid;colony;Aglagane et al. 2022;485;811;532;803;628;972;641;852;647;660;824;967;943;1030;900;980;995;895;937;855;1016;771;1013;678;1045;598;1091;998;1163;906;1370;799;1458;786;1469;720;197;1017
MA-0050-OTiR1r1t_06.dw.png;MA-0050;31.271333;-7.13825;2020;semiarid;colony;Aglagane et al. 2022;495;1189;538;1184;615;1377;638;1239;659;1045;815;1387;924;1460;892;1409;1003;1327;924;1275;1018;1201;1037;1109;1079;1031;1089;1436;1174;1349;1362;1250;1445;1243;1452;1166;200;1371
MA-0050-OTiR1r1t_07.dw.png;MA-0050;31.271333;-7.13825;2020;semiarid;colony;Aglagane et al. 2022;436;737;488;730;610;924;603;791;631;588;805;925;919;990;878;942;983;859;907;809;1000;731;999;629;1043;556;1062;966;1154;872;1335;773;1421;759;1432;688;156;937
MA-0050-OTiR1r1t_08.dw.png;MA-0050;31.271333;-7.13825;2020;semiarid;colony;Aglagane et al. 2022;542;698;588;695;657;889;693;757;730;556;859;905;973;981;943;929;1058;854;989;804;1072;723;1083;620;1125;551;1126;965;1218;884;1409;795;1485;787;1502;713;236;877
MA-0050-OTiR1r1t_09.dw.png;MA-0050;31.271333;-7.13825;2020;semiarid;colony;Aglagane et al. 2022;502;781;534;775;645;962;648;830;662;622;834;964;951;1032;912;980;1028;897;953;852;1031;770;1040;673;1086;600;1106;1005;1198;913;1383;816;1472;804;1486;736;203;978
MA-0050-OTiR1r1t_10.dw.png;MA-0050;31.271333;-7.13825;2020;semiarid;colony;Aglagane et al. 2022;500;838;558;833;631;1020;664;893;693;697;848;1034;949;1102;926;1056;1033;975;973;934;1057;843;1071;750;1104;684;1108;1084;1196;1001;1403;911;1485;903;1505;827;197;1021
MA-0051-OTiR1r2m_01.dw.png;MA-0051;31.271333;-7.13825;2020;semiarid;colony;Aglagane et al. 2022;513;865;561;861;626;1040;643;918;682;735;800;1050;914;1130;882;1075;989;998;918;946;1020;878;1035;787;1088;719;1077;1110;1160;1026;1360;931;1448;921;1460;849;204;1036
MA-0051-OTiR1r2m_02.dw.png;MA-0051;31.271333;-7.13825;2020;semiarid;colony;Aglagane et al. 2022;471;747;527;741;612;918;623;796;634;610;780;916;905;985;861;932;950;849;904;811;984;732;987;637;1027;565;1048;957;1122;864;1304;761;1385;745;1401;673;195;937
MA-0051-OTiR1r2m_03.dw.png;MA-0051;31.271333;-7.13825;2020;semiarid;colony;Aglagane et al. 2022;470;684;516;677;621;867;611;730;638;545;789;874;895;939;868;893;968;807;904;761;988;675;992;580;1033;503;1042;918;1136;825;1341;720;1411;708;1421;632;183;874
MA-0051-OTiR1r2m_04.dw.png;MA-0051;31.271333;-7.13825;2020;semiarid;colony;Aglagane et al. 2022;424;881;481;875;573;1055;563;920;599;738;760;1055;880;1119;844;1072;933;979;878;942;950;851;957;755;988;684;1023;1088;1097;995;1295;888;1380;871;1384;796;166;1077
MA-0051-OTiR1r2m_05.dw.png;MA-0051;31.271333;-7.13825;2020;semiarid;colony;Aglagane et al. 2022;479;745;522;737;624;912;619;784;623;607;778;906;900;971;863;923;958;833;888;789;970;709;965;615;997;537;1047;935;1128;839;1299;728;1372;712;1380;636;212;947
MA-0051-OTiR1r2m_06.dw.png;MA-0051;31.271333;-7.13825;2020;semiarid;colony;Aglagane et al. 2022;470;755;522;748;619;935;619;801;640;612;799;935;908;1005;876;958;970;862;899;818;984;734;987;634;1025;556;1065;976;1146;877;1342;767;1413;754;1419;675;200;961
MA-0051-OTiR1r2m_07.dw.png;MA-0051;31.271333;-7.13825;2020;semiarid;colony;Aglagane et al. 2022;470;909;522;898;613;1067;617;940;618;753;789;1052;905;1104;873;1063;946;963;885;930;962;837;958;745;984;668;1045;1063;1120;966;1317;833;1389;811;1383;736;216;1119
MA-0051-OTiR1r2m_08.dw.png;MA-0051;31.271333;-7.13825;2020;semiarid;colony;Aglagane et al. 2022;461;770;499;763;624;937;597;804;597;617;780;927;905;992;859;942;956;849;871;803;960;721;957;620;992;540;1052;951;1125;853;1304;734;1381;713;1385;636;182;980
MA-0051-OTiR1r2m_09.dw.png;MA-0051;31.271333;-7.13825;2020;semiarid;colony;Aglagane et al. 2022;473;763;522;752;622;922;633;799;631;605;822;900;931;950;888;910;973;819;911;785;981;696;974;602;1008;525;1068;913;1130;821;1309;701;1384;677;1390;599;217;973
MA-0051-OTiR1r2m_10.dw.png;MA-0051;31.271333;-7.13825;2020;semiarid;colony;Aglagane et al. 2022;469;845;529;835;650;1011;625;874;633;683;817;998;938;1055;902;1014;990;908;925;869;1004;778;996;677;1024;598;1086;1019;1171;916;1364;794;1437;774;1439;695;217;1063
MA-0052-OTiR1r2t_01.dw.png;MA-0052;31.271333;-7.13825;2020;semiarid;colony;Aglagane et al. 2022;487;700;526;694;613;871;631;746;647;554;809;874;913;935;880;889;992;806;923;765;992;682;997;588;1035;515;1062;913;1145;819;1324;727;1421;713;1443;649;195;883
MA-0052-OTiR1r2t_02.dw.png;MA-0052;31.271333;-7.13825;2020;semiarid;colony;Aglagane et al. 2022;470;717;518;710;618;893;628;770;653;574;813;889;924;952;887;901;976;818;916;784;994;704;996;608;1033;534;1069;923;1143;833;1320;733;1402;722;1418;647;195;918
MA-0052-OTiR1r2t_03.dw.png;MA-0052;31.271333;-7.13825;2020;semiarid;colony;Aglagane et al. 2022;459;787;503;777;598;965;602;828;633;642;804;961;915;1021;882;975;992;890;915;845;992;766;996;668;1033;590;1069;995;1149;903;1336;801;1415;789;1442;721;180;997
MA-0052-OTiR1r2t_04.dw.png;MA-0052;31.271333;-7.13825;2020;semiarid;colony;Aglagane et al. 2022;481;795;530;789;643;966;630;843;650;658;813;963;932;1034;888;980;987;899;926;862;1002;780;1004;687;1040;612;1076;1007;1152;920;1354;817;1425;805;1433;730;189;985
MA-0052-OTiR1r2t_05.dw.png;MA-0052;31.271333;-7.13825;2020;semiarid;colony;Aglagane et al. 2022;538;794;585;789;674;966;676;839;710;656;832;975;947;1049;904;995;1023;920;958;876;1037;797;1045;705;1091;629;1100;1026;1188;938;1380;851;1469;843;1488;776;231;971
MA-0052-OTiR1r2t_06.dw.png;MA-0052;31.271333;-7.13825;2020;semiarid;colony;Aglagane et al. 2022;493;733;530;731;628;915;631;786;665;593;806;916;938;981;897;934;996;852;945;809;1021;734;1023;641;1059;566;1083;961;1163;874;1361;777;1435;767;1455;693;187;920
MA-0052-OTiR1r2t_07.dw.png;MA-0052;31.271333;-7.13825;2020;semiarid;colony;Aglagane et al. 2022;500;806;541;802;638;979;647;862;674;671;825;990;945;1063;902;1013;1015;937;941;888;1026;813;1037;720;1078;646;1088;1046;1172;962;1368;870;1453;859;1465;787;200;978
MA-0052-OTiR1r2t_08.dw.png;MA-0052;31.271333;-7.13825;2020;semiarid;colony;Aglagane et al. 2022;442;729;487;723;588;901;587;782;614;591;762;906;886;980;844;927;941;852;873;806;963;727;975;634;1016;561;1027;962;1107;878;1309;780;1387;770;1400;698;153;910
MA-0052-OTiR1r2t_09.dw.png;MA-0052;31.271333;-7.13825;2020;semiarid;colony;Aglagane et al. 2022;423;687;472;682;564;867;570;738;594;552;742;876;853;944;810;892;924;816;855;772;938;689;945;598;986;530;1002;923;1080;832;1269;746;1363;736;1377;668;146;867
MA-0052-OTiR1r2t_10.dw.png;MA-0052;31.271333;-7.13825;2020;semiarid;colony;Aglagane et al. 2022;661;790;708;774;835;937;814;809;803;620;1011;911;1129;956;1079;915;1180;816;1101;785;1165;690;1157;600;1183;525;1276;902;1337;798;1503;676;1593;648;1595;577;424;1027
MA-0053-OTiR1r3m_01.dw.png;MA-0053;31.271333;-7.13825;2020;semiarid;colony;Aglagane et al. 2022;452;784;501;777;597;973;616;843;628;643;798;976;916;1043;882;995;987;904;913;858;995;782;1002;680;1042;607;1071;1016;1156;918;1335;818;1420;804;1437;728;161;995
MA-0053-OTiR1r3m_02.dw.png;MA-0053;31.271333;-7.13825;2020;semiarid;colony;Aglagane et al. 2022;469;827;511;822;582;1008;613;891;641;700;768;1027;889;1109;856;1055;967;986;906;933;994;865;1013;777;1062;702;1050;1099;1139;1021;1335;942;1419;936;1440;863;165;990
MA-0053-OTiR1r3m_03.dw.png;MA-0053;31.271333;-7.13825;2020;semiarid;colony;Aglagane et al. 2022;482;722;529;716;614;890;623;763;635;571;790;892;909;956;878;913;985;823;904;774;989;694;1001;598;1031;525;1060;923;1144;828;1335;719;1415;706;1432;634;171;912
MA-0053-OTiR1r3m_04.dw.png;MA-0053;31.271333;-7.13825;2020;semiarid;colony;Aglagane et al. 2022;485;742;529;738;599;920;626;794;645;610;786;923;914;995;876;948;991;871;915;823;1000;749;1013;654;1050;586;1069;973;1152;889;1342;789;1416;776;1430;704;189;922
MA-0053-OTiR1r3m_05.dw.png;MA-0053;31.271333;-7.13825;2020;semiarid;colony;Aglagane et al. 2022;472;687;522;685;613;881;626;748;654;553;798;889;910;959;868;908;983;831;909;778;1002;707;1020;614;1067;537;1058;944;1154;850;1339;760;1419;751;1444;671;183;888
MA-0053-OTiR1r3m_06.dw.png;MA-0053;31.271333;-7.13825;2020;semiarid;colony;Aglagane et al. 2022;483;777;532;776;622;960;624;830;660;646;805;967;924;1043;887;989;996;915;922;862;1020;796;1040;704;1082;629;1074;1024;1163;936;1356;843;1435;835;1464;768;182;942
MA-0053-OTiR1r3m_07.dw.png;MA-0053;31.271333;-7.13825;2020;semiarid;colony;Aglagane et al. 2022;396;758;451;753;562;939;570;809;572;612;770;932;879;990;839;946;943;850;867;806;941;729;945;629;985;552;1034;957;1118;854;1285;748;1367;730;1393;654;120;981
MA-0053-OTiR1r3m_08.dw.png;MA-0053;31.271333;-7.13825;2020;semiarid;colony;Aglagane et al. 2022;460;722;502;717;597;902;600;775;629;583;780;907;899;986;863;930;971;855;898;804;990;737;1008;644;1059;567;1052;966;1141;875;1328;787;1409;778;1434;705;171;908
MA-0053-OTiR1r3m_09.dw.png;MA-0053;31.271333;-7.13825;2020;semiarid;colony;Aglagane et al. 2022;529;696;587;694;677;887;684;755;713;565;853;903;959;979;926;925;1041;846;976;796;1069;727;1086;636;1127;562;1121;963;1211;883;1406;796;1495;788;1523;721;216;864
MA-0053-OTiR1r3m_10.dw.png;MA-0053;31.271333;-7.13825;2020;semiarid;colony;Aglagane et al. 2022;596;758;640;755;653;887;722;794;718;636;851;877;973;936;940;892;1005;826;967;796;1031;724;1036;649;1076;580;1088;916;1141;844;1319;748;1412;737;1431;676;359;915
MA-0054-OTiR1r3t_01.dw.png;MA-0054;31.271333;-7.13825;2020;semiarid;colony;Aglagane et al. 2022;467;710;510;705;590;886;611;763;630;574;771;893;882;965;849;915;963;838;882;790;979;714;984;622;1023;551;1038;944;1124;856;1317;760;1404;750;1425;688;170;879
MA-0054-OTiR1r3t_02.dw.png;MA-0054;31.271333;-7.13825;2020;semiarid;colony;Aglagane et al. 2022;465;743;507;735;597;918;602;786;640;601;795;923;912;994;882;940;998;864;911;814;995;731;1008;639;1045;569;1076;968;1163;876;1341;786;1429;774;1452;708;187;922
MA-0054-OTiR1r3t_03.dw.png;MA-0054;31.271333;-7.13825;2020;semiarid;colony;Aglagane et al. 2022;479;737;527;728;620;926;625;793;665;602;785;932;903;1009;870;958;994;881;920;827;1008;757;1018;656;1064;588;1069;990;1163;903;1363;812;1441;806;1457;735;192;912
MA-0054-OTiR1r3t_04.dw.png;MA-0054;31.271333;-7.13825;2020;semiarid;colony;Aglagane et al. 2022;478;826;533;819;648;1019;645;874;665;670;847;1013;960;1078;917;1029;1023;944;945;896;1028;814;1035;714;1077;637;1104;1049;1191;952;1375;851;1445;837;1462;763;216;1055
MA-0054-OTiR1r3t_05.dw.png;MA-0054;31.271333;-7.13825;2020;semiarid;colony;Aglagane et al. 2022;490;788;536;779;643;966;650;835;663;637;827;961;949;1031;904;978;1012;898;936;847;1026;767;1039;673;1069;596;1100;1000;1180;908;1375;802;1445;791;1463;715;199;1012
MA-0054-OTiR1r3t_06.dw.png;MA-0054;31.271333;-7.13825;2020;semiarid;colony;Aglagane et al. 2022;416;687;475;683;563;869;575;741;596;544;764;874;866;947;834;895;941;820;848;767;941;690;957;600;1003;525;1006;925;1098;833;1289;743;1377;731;1398;661;120;864
MA-0054-OTiR1r3t_07.dw.png;MA-0054;31.271333;-7.13825;2020;semiarid;colony;Aglagane et al. 2022;452;780;498;778;605;965;593;829;633;631;793;963;917;1035;873;980;978;897;900;848;986;763;993;668;1031;587;1060;1007;1145;911;1335;801;1418;785;1441;708;146;986
MA-0054-OTiR1r3t_08.dw.png;MA-0054;31.271333;-7.13825;2020;semiarid;colony;Aglagane et al. 2022;485;774;534;768;655;950;640;817;660;616;850;944;972;1009;934;961;1037;867;957;823;1038;736;1040;641;1071;556;1134;971;1205;876;1382;764;1472;743;1487;664;200;986
MA-0054-OTiR1r3t_09.dw.png;MA-0054;31.271333;-7.13825;2020;semiarid;colony;Aglagane et al. 2022;433;692;473;687;590;868;584;750;606;562;765;874;867;944;829;891;936;821;871;770;952;699;958;610;999;544;1009;924;1092;839;1279;747;1358;735;1373;672;153;874
MA-0054-OTiR1r3t_10.dw.png;MA-0054;31.271333;-7.13825;2020;semiarid;colony;Aglagane et al. 2022;560;692;612;692;658;858;689;739;733;563;841;869;960;944;926;895;1041;819;983;780;1060;702;1079;620;1113;547;1108;925;1202;840;1405;761;1486;757;1512;696;267;852
MA-0055-TAbR1r1m_01.dw.png;MA-0055;31.4508;-6.012117;2020;semiarid;colony;Aglagane et al. 2022;489;698;539;695;610;883;636;757;667;571;804;896;914;966;887;920;992;840;929;796;1011;721;1021;634;1072;561;1063;948;1147;866;1338;780;1431;772;1457;700;211;872
MA-0055-TAbR1r1m_02.dw.png;MA-0055;31.4508;-6.012117;2020;semiarid;colony;Aglagane et al. 2022;499;774;551;772;626;954;638;827;667;641;811;962;923;1034;894;986;997;912;938;867;1011;790;1018;692;1056;626;1073;1017;1161;935;1362;840;1458;831;1475;767;199;946
MA-0055-TAbR1r1m_03.dw.png;MA-0055;31.4508;-6.012117;2020;semiarid;colony;Aglagane et al. 2022;462;888;513;882;608;1082;633;956;645;745;805;1086;914;1153;879;1102;965;1018;911;974;993;894;997;797;1050;717;1055;1129;1138;1040;1336;937;1421;929;1437;852;170;1080
MA-0055-TAbR1r1m_04.dw.png;MA-0055;31.4508;-6.012117;2020;semiarid;colony;Aglagane et al. 2022;491;736;536;733;625;926;645;801;657;596;830;935;951;1003;907;956;1012;877;946;827;1024;747;1031;651;1076;578;1102;984;1186;899;1392;800;1477;792;1498;721;199;917
MA-0055-TAbR1r1m_05.dw.png;MA-0055;31.4508;-6.012117;2020;semiarid;colony;Aglagane et al. 2022;498;829;539;824;648;1020;648;884;676;682;841;1024;951;1097;917;1043;1018;969;946;918;1033;845;1039;738;1088;666;1102;1072;1194;987;1394;901;1484;890;1493;809;197;1009
MA-0055-TAbR1r1m_06.dw.png;MA-0055;31.4508;-6.012117;2020;semiarid;colony;Aglagane et al. 2022;467;738;511;730;630;924;627;791;636;581;829;917;946;988;904;934;1018;852;934;805;1021;726;1025;624;1062;544;1103;961;1201;862;1383;765;1473;750;1486;673;173;949
MA-0055-TAbR1r1m_07.dw.png;MA-0055;31.4508;-6.012117;2020;semiarid;colony;Aglagane et al. 2022;473;775;536;769;633;961;637;829;663;627;832;967;934;1037;905;992;1014;910;931;862;1014;783;1028;685;1067;614;1101;1017;1183;928;1372;835;1446;826;1457;754;195;973
MA-0055-TAbR1r1m_08.dw.png;MA-0055;31.4508;-6.012117;2020;semiarid;colony;Aglagane et al. 2022;493;796;541;791;645;980;647;847;674;649;839;981;958;1052;917;1000;1031;917;958;870;1038;792;1042;690;1079;614;1108;1025;1203;931;1403;831;1482;823;1491;747;194;986
MA-0055-TAbR1r1m_09.dw.png;MA-0055;31.4508;-6.012117;2020;semiarid;colony;Aglagane et al. 2022;489;799;536;794;608;994;647;865;667;670;802;998;930;1077;892;1024;999;937;940;894;1026;816;1035;728;1071;649;1077;1057;1171;966;1331;887;1449;879;1475;805;175;980
MA-0055-TAbR1r1m_10.dw.png;MA-0055;31.4508;-6.012117;2020;semiarid;colony;Aglagane et al. 2022;469;771;522;772;601;972;618;838;656;645;788;988;914;1067;878;1017;982;942;908;889;1001;806;1020;712;1073;638;1069;1048;1163;962;1352;877;1437;869;1463;794;177;951
MA-0056-TAbR1r2m_01.dw.png;MA-0056;31.4508;-6.012117;2020;semiarid;colony;Aglagane et al. 2022;438;844;495;842;577;1030;584;895;603;705;765;1033;887;1101;845;1050;932;972;863;923;962;844;974;752;1014;672;1031;1078;1100;996;1305;887;1398;876;1414;797;151;1038
MA-0056-TAbR1r2m_02.dw.png;MA-0056;31.4508;-6.012117;2020;semiarid;colony;Aglagane et al. 2022;425;711;478;711;562;903;580;778;602;588;754;922;872;997;837;942;936;873;853;821;955;748;968;655;1004;578;1024;979;1102;905;1304;809;1380;803;1407;733;129;877
MA-0056-TAbR1r2m_03.dw.png;MA-0056;31.4508;-6.012117;2020;semiarid;colony;Aglagane et al. 2022;461;764;517;763;581;936;608;816;635;634;769;946;885;1022;848;971;953;898;880;850;967;775;985;685;1028;614;1035;1005;1117;922;1298;830;1414;820;1423;746;177;947
MA-0056-TAbR1r2m_04.dw.png;MA-0056;31.4508;-6.012117;2020;semiarid;colony;Aglagane et al. 2022;470;812;530;817;597;1003;616;874;650;678;795;1014;921;1082;880;1036;974;959;911;915;991;833;1013;740;1052;668;1059;1068;1140;984;1318;896;1425;883;1446;814;187;992
MA-0056-TAbR1r2m_05.dw.png;MA-0056;31.4508;-6.012117;2020;semiarid;colony;Aglagane et al. 2022;447;751;502;745;622;923;602;790;609;593;803;913;917;978;873;923;979;840;891;795;980;714;977;612;1020;527;1066;943;1148;843;1326;738;1422;720;1447;649;177;959
MA-0056-TAbR1r2m_06.dw.png;MA-0056;31.4508;-6.012117;2020;semiarid;colony;Aglagane et al. 2022;492;786;541;785;615;973;633;843;649;658;800;983;914;1054;875;1002;989;937;905;882;1008;811;1016;716;1048;642;1064;1038;1142;959;1337;866;1424;858;1433;791;182;959
MA-0056-TAbR1r2m_07.dw.png;MA-0056;31.4508;-6.012117;2020;semiarid;colony;Aglagane et al. 2022;456;744;511;737;597;920;613;789;616;599;795;918;919;985;873;932;971;853;892;809;975;729;982;637;1016;558;1055;960;1132;877;1331;767;1410;758;1420;685;182;949
MA-0056-TAbR1r2m_08.dw.png;MA-0056;31.4508;-6.012117;2020;semiarid;colony;Aglagane et al. 2022;455;741;513;744;578;943;613;804;652;598;798;958;910;1030;875;977;977;895;915;855;1003;768;1011;666;1067;588;1055;1012;1143;921;1332;833;1438;829;1464;757;161;934
MA-0056-TAbR1r2m_09.dw.png;MA-0056;31.4508;-6.012117;2020;semiarid;colony;Aglagane et al. 2022;462;727;521;727;613;917;612;783;636;590;781;918;895;987;856;939;956;861;892;816;974;742;982;650;1024;568;1039;970;1122;884;1301;799;1409;785;1432;713;182;910
MA-0056-TAbR1r2m_10.dw.png;MA-0056;31.4508;-6.012117;2020;semiarid;colony;Aglagane et al. 2022;398;774;454;773;526;952;548;823;565;622;730;944;868;1011;822;959;911;879;841;838;924;751;932;657;975;579;1014;980;1086;889;1283;790;1373;774;1390;701;112;968
MA-0057-TAiR1r1m_01.dw.png;MA-0057;31.46985;-5.39865;2020;semiarid;colony;Aglagane et al. 2022;461;778;512;774;601;962;616;838;633;653;773;970;882;1044;848;990;968;912;902;864;994;792;987;692;1031;619;1054;1021;1137;934;1326;843;1424;828;1435;760;163;983
MA-0057-TAiR1r1m_02.dw.png;MA-0057;31.46985;-5.39865;2020;semiarid;colony;Aglagane et al. 2022;473;777;522;776;587;954;619;837;634;649;773;964;887;1035;859;986;970;913;901;864;980;789;987;696;1020;629;1053;1009;1134;930;1316;840;1384;832;1408;769;170;954
MA-0057-TAiR1r1m_03.dw.png;MA-0057;31.46985;-5.39865;2020;semiarid;colony;Aglagane et al. 2022;478;773;520;766;615;942;619;820;653;625;788;942;919;1014;876;961;991;888;912;840;999;764;1008;675;1060;599;1075;986;1150;901;1351;805;1431;794;1454;727;190;959
MA-0057-TAiR1r1m_04.dw.png;MA-0057;31.46985;-5.39865;2020;semiarid;colony;Aglagane et al. 2022;420;756;460;751;558;930;566;809;578;620;734;931;855;997;815;951;922;868;859;828;936;746;945;655;975;587;1011;971;1085;889;1273;797;1370;784;1384;715;124;939
MA-0057-TAiR1r1m_05.dw.png;MA-0057;31.46985;-5.39865;2020;semiarid;colony;Aglagane et al. 2022;462;749;524;745;607;928;628;808;630;605;791;933;904;1006;871;956;992;884;917;833;997;758;999;663;1030;590;1063;986;1148;905;1335;814;1420;804;1438;742;180;946
MA-0057-TAiR1r1m_06.dw.png;MA-0057;31.46985;-5.39865;2020;semiarid;colony;Aglagane et al. 2022;456;808;494;802;587;977;601;862;616;667;771;981;894;1050;858;998;953;923;882;875;967;799;970;705;1009;640;1043;1027;1123;942;1303;847;1408;834;1425;772;178;992
MA-0057-TAiR1r1m_07.dw.png;MA-0057;31.46985;-5.39865;2020;semiarid;colony;Aglagane et al. 2022;470;805;507;801;590;980;601;860;622;676;764;988;888;1060;849;1010;951;934;893;890;971;814;980;724;1015;660;1042;1038;1125;954;1304;865;1390;855;1413;794;187;985
MA-0057-TAiR1r1m_08.dw.png;MA-0057;31.46985;-5.39865;2020;semiarid;colony;Aglagane et al. 2022;459;784;510;780;569;954;599;835;641;649;767;964;896;1043;854;992;965;918;896;867;986;795;1001;714;1052;639;1042;1025;1130;940;1331;854;1414;845;1438;777;158;969
MA-0057-TAiR1r1m_09.dw.png;MA-0057;31.46985;-5.39865;2020;semiarid;colony;Aglagane et al. 2022;459;777;498;772;596;948;600;823;617;635;777;950;894;1014;853;964;973;884;905;838;988;761;987;666;1020;593;1056;983;1138;893;1322;791;1412;777;1435;714;165;976
MA-0057-TAiR1r1m_10.dw.png;MA-0057;31.46985;-5.39865;2020;semiarid;colony;Aglagane et al. 2022;416;810;458;806;501;955;560;854;578;680;724;956;833;1030;805;976;891;910;829;871;913;795;924;723;962;648;975;1005;1044;925;1234;838;1315;829;1332;769;166;968
MA-0058-TAiR1r2m_01.dw.png;MA-0058;31.46985;-5.39865;2020;semiarid;colony;Aglagane et al. 2022;481;775;528;769;624;960;634;838;649;645;802;969;928;1048;888;996;982;917;914;869;1004;796;1025;700;1077;632;1072;1028;1152;939;1343;850;1448;845;1475;781;158;949
MA-0058-TAiR1r2m_02.dw.png;MA-0058;31.46985;-5.39865;2020;semiarid;colony;Aglagane et al. 2022;460;904;512;896;587;1078;617;956;648;767;796;1087;913;1161;873;1106;980;1026;924;980;1004;904;1000;806;1042;733;1075;1138;1172;1044;1357;954;1437;945;1457;875;139;1075
MA-0058-TAiR1r2m_03.dw.png;MA-0058;31.46985;-5.39865;2020;semiarid;colony;Aglagane et al. 2022;492;811;547;805;632;1000;643;865;676;671;824;1006;951;1085;916;1034;1020;951;960;907;1040;828;1048;728;1094;649;1096;1070;1196;972;1369;883;1465;874;1486;804;171;993
MA-0058-TAiR1r2m_04.dw.png;MA-0058;31.46985;-5.39865;2020;semiarid;colony;Aglagane et al. 2022;461;799;502;794;610;983;611;851;638;654;797;987;909;1058;876;1007;977;923;910;874;997;796;1007;693;1052;625;1060;1034;1140;938;1342;841;1424;831;1442;762;149;986
MA-0058-TAiR1r2m_05.dw.png;MA-0058;31.46985;-5.39865;2020;semiarid;colony;Aglagane et al. 2022;463;738;514;738;587;934;590;794;647;620;769;947;890;1021;861;975;970;896;900;844;991;774;1001;678;1043;603;1052;1009;1152;920;1341;833;1408;832;1432;763;144;913
MA-0058-TAiR1r2m_06.dw.png;MA-0058;31.46985;-5.39865;2020;semiarid;colony;Aglagane et al. 2022;504;792;550;789;649;975;652;850;674;656;825;984;946;1056;909;1007;1031;932;934;878;1040;801;1043;700;1079;625;1106;1036;1196;938;1370;849;1465;840;1484;774;189;963
MA-0058-TAiR1r2m_07.dw.png;MA-0058;31.46985;-5.39865;2020;semiarid;colony;Aglagane et al. 2022;499;824;545;817;652;1006;652;873;669;680;831;1007;958;1078;919;1029;1022;939;956;894;1044;814;1052;717;1090;635;1105;1055;1200;958;1385;864;1464;853;1483;781;200;1017
MA-0058-TAiR1r2m_08.dw.png;MA-0058;31.46985;-5.39865;2020;semiarid;colony;Aglagane et al. 2022;573;798;624;796;726;995;720;857;758;664;894;1003;1016;1082;985;1031;1093;954;1030;908;1111;829;1123;734;1175;653;1169;1067;1263;975;1454;891;1529;886;1547;809;260;973
MA-0058-TAiR1r2m_09.dw.png;MA-0058;31.46985;-5.39865;2020;semiarid;colony;Aglagane et al. 2022;485;742;529;734;650;907;637;782;640;600;823;900;939;969;904;918;1018;837;942;794;1020;717;1014;627;1040;554;1083;939;1173;843;1358;758;1453;744;1462;676;189;939
MA-0058-TAiR1r2m_10.dw.png;MA-0058;31.46985;-5.39865;2020;semiarid;colony;Aglagane et al. 2022;429;780;480;774;569;958;575;833;604;639;749;964;879;1044;850;994;967;911;887;862;967;785;975;690;1017;617;1031;1023;1124;930;1314;843;1407;837;1427;770;107;963
MA-0059-TAnR1r1m_01.dw.png;MA-0059;31.292483;-5.651533;2020;semiarid;colony;Aglagane et al. 2022;444;762;476;755;565;938;594;821;605;622;758;950;891;1027;853;976;961;890;888;839;971;758;978;669;1022;591;1042;1002;1140;909;1332;816;1415;806;1433;734;158;942
MA-0059-TAnR1r1m_02.dw.png;MA-0059;31.292483;-5.651533;2020;semiarid;colony;Aglagane et al. 2022;446;772;492;765;590;952;601;832;618;631;767;963;890;1032;851;983;957;903;898;857;972;769;981;680;1023;602;1042;1014;1122;923;1335;825;1409;816;1432;745;171;951
MA-0059-TAnR1r1m_03.dw.png;MA-0059;31.292483;-5.651533;2020;semiarid;colony;Aglagane et al. 2022;436;759;482;753;588;934;594;809;602;605;771;937;901;1009;863;963;980;874;894;822;979;738;991;642;1038;568;1061;982;1142;889;1335;787;1430;773;1459;705;141;949
MA-0059-TAnR1r1m_04.dw.png;MA-0059;31.292483;-5.651533;2020;semiarid;colony;Aglagane et al. 2022;482;744;536;738;649;935;637;798;672;595;824;938;953;1010;904;957;1028;877;948;821;1039;744;1059;649;1091;566;1107;989;1203;896;1395;802;1482;791;1513;721;190;932
MA-0059-TAnR1r1m_05.dw.png;MA-0059;31.292483;-5.651533;2020;semiarid;colony;Aglagane et al. 2022;485;738;529;733;632;919;625;787;652;602;815;925;916;988;878;942;980;862;915;814;992;735;1004;646;1050;576;1066;967;1137;882;1305;791;1410;776;1429;707;197;944
MA-0059-TAnR1r1m_06.dw.png;MA-0059;31.292483;-5.651533;2020;semiarid;colony;Aglagane et al. 2022;467;745;509;737;621;927;601;787;626;600;791;930;904;993;868;949;965;865;895;815;972;729;982;639;1025;566;1045;970;1125;883;1293;783;1392;768;1417;695;180;959
MA-0059-TAnR1r1m_07.dw.png;MA-0059;31.292483;-5.651533;2020;semiarid;colony;Aglagane et al. 2022;501;898;544;891;650;1075;635;942;674;756;833;1077;948;1145;916;1097;1018;1021;947;972;1023;886;1031;792;1075;723;1101;1121;1180;1035;1349;943;1461;926;1482;858;209;1080
MA-0059-TAnR1r1m_08.dw.png;MA-0059;31.292483;-5.651533;2020;semiarid;colony;Aglagane et al. 2022;494;742;543;737;656;930;655;799;669;600;844;940;962;1010;924;962;1038;877;955;826;1042;746;1057;653;1091;579;1106;990;1203;896;1387;804;1476;793;1512;732;200;925
MA-0059-TAnR1r1m_09.dw.png;MA-0059;31.292483;-5.651533;2020;semiarid;colony;Aglagane et al. 2022;476;758;519;749;631;932;634;807;649;610;812;932;939;997;902;952;1005;859;938;813;1001;726;1002;641;1045;559;1092;966;1183;869;1371;766;1446;752;1472;683;211;958
MA-0059-TAnR1r1m_10.dw.png;MA-0059;31.292483;-5.651533;2020;semiarid;colony;Aglagane et al. 2022;524;753;573;749;682;941;665;803;703;619;859;945;972;1015;945;968;1040;888;974;842;1053;759;1058;671;1105;598;1125;993;1209;906;1370;817;1479;806;1509;738;226;942
MA-0060-TAnR1r2m_01.dw.png;MA-0060;31.292483;-5.651533;2020;semiarid;colony;Aglagane et al. 2022;481;728;519;724;618;922;635;796;661;598;816;944;922;1024;890;973;1007;901;925;845;1013;774;1040;680;1086;613;1093;1015;1185;933;1369;857;1446;854;1468;790;187;896
MA-0060-TAnR1r2m_02.dw.png;MA-0060;31.292483;-5.651533;2020;semiarid;colony;Aglagane et al. 2022;450;736;495;733;585;923;599;799;629;610;761;934;890;1011;848;958;970;883;902;831;977;750;981;663;1026;585;1039;991;1134;901;1322;811;1406;803;1425;732;168;906
MA-0060-TAnR1r2m_03.dw.png;MA-0060;31.292483;-5.651533;2020;semiarid;colony;Aglagane et al. 2022;430;758;476;752;549;930;576;806;597;619;760;945;875;1019;839;967;943;889;874;844;953;765;965;668;1004;592;1019;1001;1110;914;1300;825;1380;816;1404;746;133;936
MA-0060-TAnR1r2m_04.dw.png;MA-0060;31.292483;-5.651533;2020;semiarid;colony;Aglagane et al. 2022;456;841;505;832;616;1015;626;893;628;690;822;1024;931;1091;895;1043;1018;964;910;910;995;831;1008;736;1043;660;1079;1068;1178;971;1347;875;1423;859;1442;785;180;1022
MA-0060-TAnR1r2m_05.dw.png;MA-0060;31.292483;-5.651533;2020;semiarid;colony;Aglagane et al. 2022;448;758;496;756;597;941;621;821;622;618;803;954;919;1015;882;975;991;891;917;846;989;763;999;669;1030;595;1072;992;1155;904;1344;805;1426;790;1447;722;161;932
MA-0060-TAnR1r2m_06.dw.png;MA-0060;31.292483;-5.651533;2020;semiarid;colony;Aglagane et al. 2022;436;788;483;780;594;963;592;838;604;644;787;967;909;1036;868;987;968;908;894;864;975;782;981;686;1025;610;1055;1014;1137;926;1337;821;1411;811;1433;732;158;983
MA-0060-TAnR1r2m_07.dw.png;MA-0060;31.292483;-5.651533;2020;semiarid;colony;Aglagane et al. 2022;537;677;587;673;678;859;697;733;722;539;885;868;1007;942;972;891;1066;814;997;763;1079;687;1094;591;1139;525;1155;920;1242;841;1443;748;1516;737;1534;665;252;866
MA-0060-TAnR1r2m_08.dw.png;MA-0060;31.292483;-5.651533;2020;semiarid;colony;Aglagane et al. 2022;436;803;491;799;575;989;594;867;630;674;778;1015;904;1094;870;1044;966;968;907;921;992;847;1009;751;1061;680;1063;1083;1148;1003;1355;921;1429;916;1458;843;148;969
MA-0060-TAnR1r2m_09.dw.png;MA-0060;31.292483;-5.651533;2020;semiarid;colony;Aglagane et al. 2022;473;806;512;798;636;987;635;858;635;658;816;987;926;1058;892;1009;1006;930;919;879;1004;799;1016;699;1058;630;1072;1034;1157;947;1365;857;1437;848;1457;774;200;998
MA-0060-TAnR1r2m_10.dw.png;MA-0060;31.292483;-5.651533;2020;semiarid;colony;Aglagane et al. 2022;430;746;468;738;587;924;599;799;599;600;785;929;898;997;864;948;965;866;893;821;974;734;979;641;1023;571;1048;976;1125;883;1329;784;1402;775;1424;708;161;944
MA-0061-TAnR1r3m_01.dw.png;MA-0061;31.292483;-5.651533;2020;semiarid;colony;Aglagane et al. 2022;456;748;517;746;629;940;626;809;642;609;812;942;919;1012;876;958;987;872;905;828;998;748;1009;654;1042;574;1074;983;1156;884;1330;790;1422;777;1440;705;171;943
MA-0061-TAnR1r3m_02.dw.png;MA-0061;31.292483;-5.651533;2020;semiarid;colony;Aglagane et al. 2022;432;767;483;760;585;955;585;821;599;624;764;954;890;1023;851;973;962;884;894;838;970;755;977;659;1021;585;1057;993;1132;906;1316;805;1407;793;1425;724;153;966
MA-0061-TAnR1r3m_03.dw.png;MA-0061;31.292483;-5.651533;2020;semiarid;colony;Aglagane et al. 2022;501;794;548;789;646;977;655;845;667;653;841;980;963;1048;922;998;1031;906;952;859;1031;780;1048;682;1081;615;1125;1021;1219;922;1381;823;1475;813;1496;745;206;990
MA-0061-TAnR1r3m_04.dw.png;MA-0061;31.292483;-5.651533;2020;semiarid;colony;Aglagane et al. 2022;472;840;505;830;628;1020;627;887;633;687;800;1015;926;1080;890;1032;991;942;924;899;995;811;1009;712;1050;642;1089;1052;1173;959;1356;856;1429;847;1448;771;197;1055
MA-0061-TAnR1r3m_05.dw.png;MA-0061;31.292483;-5.651533;2020;semiarid;colony;Aglagane et al. 2022;423;738;472;732;579;920;583;796;601;600;749;922;874;995;834;942;933;860;866;816;951;744;967;649;1006;568;1033;971;1114;882;1299;787;1389;776;1397;706;134;918
MA-0061-TAnR1r3m_06.dw.png;MA-0061;31.292483;-5.651533;2020;semiarid;colony;Aglagane et al. 2022;443;749;495;741;592;929;607;803;609;610;783;935;916;1003;871;951;959;868;894;823;984;743;994;646;1028;581;1079;976;1166;887;1343;786;1424;778;1446;712;160;937
MA-0061-TAnR1r3m_07.dw.png;MA-0061;31.292483;-5.651533;2020;semiarid;colony;Aglagane et al. 2022;505;940;551;934;679;1119;672;998;685;790;854;1121;979;1192;934;1138;1033;1058;960;1012;1038;935;1048;838;1088;760;1122;1168;1207;1079;1391;983;1479;972;1491;896;228;1145
MA-0061-TAnR1r3m_08.dw.png;MA-0061;31.292483;-5.651533;2020;semiarid;colony;Aglagane et al. 2022;495;659;541;654;644;845;649;719;676;532;815;849;937;922;900;874;1001;794;946;751;1028;673;1041;587;1086;507;1084;905;1164;819;1354;730;1449;718;1465;650;214;845
MA-0061-TAnR1r3m_09.dw.png;MA-0061;31.292483;-5.651533;2020;semiarid;colony;Aglagane et al. 2022;454;739;502;734;601;909;611;787;612;594;780;908;899;972;863;924;969;839;892;793;965;717;968;627;1001;549;1055;939;1134;847;1303;747;1399;735;1414;668;190;930
MA-0061-TAnR1r3m_10.dw.png;MA-0061;31.292483;-5.651533;2020;semiarid;colony;Aglagane et al. 2022;432;693;474;684;599;875;589;746;608;546;771;876;892;947;853;895;968;808;887;762;972;679;985;585;1028;510;1050;918;1141;827;1318;730;1408;718;1427;642;154;900
MA-0062-TAtR1r1t_01.dw.png;MA-0062;31.400972;-6.274639;2020;semiarid;colony;Aglagane et al. 2022;440;774;481;769;603;961;578;823;601;627;772;965;891;1043;858;989;983;909;886;856;986;777;985;674;1023;599;1047;1016;1140;925;1328;832;1420;820;1433;745;149;959
MA-0062-TAtR1r1t_02.dw.png;MA-0062;31.400972;-6.274639;2020;semiarid;colony;Aglagane et al. 2022;441;784;486;780;555;942;597;836;604;654;745;947;860;1012;824;964;894;894;845;859;936;782;934;698;972;634;996;997;1059;915;1228;837;1334;826;1352;761;207;961
MA-0062-TAtR1r1t_03.dw.png;MA-0062;31.400972;-6.274639;2020;semiarid;colony;Aglagane et al. 2022;507;795;548;788;666;989;668;861;691;662;849;1002;973;1081;928;1022;1036;944;973;897;1057;816;1066;721;1108;644;1121;1062;1209;971;1410;877;1496;868;1516;798;219;983
MA-0062-TAtR1r1t_04.dw.png;MA-0062;31.400972;-6.274639;2020;semiarid;colony;Aglagane et al. 2022;424;732;478;731;590;927;581;794;618;602;774;937;890;1013;851;959;951;874;899;833;976;755;989;661;1041;583;1032;995;1120;906;1319;812;1419;802;1442;732;124;915
MA-0062-TAtR1r1t_05.dw.png;MA-0062;31.400972;-6.274639;2020;semiarid;colony;Aglagane et al. 2022;477;742;524;738;622;923;623;797;650;608;803;929;925;998;885;951;992;869;941;824;1014;745;1021;649;1058;579;1082;972;1159;886;1333;793;1421;779;1439;710;187;927
MA-0062-TAtR1r1t_06.dw.png;MA-0062;31.400972;-6.274639;2020;semiarid;colony;Aglagane et al. 2022;429;889;486;886;565;1078;601;956;619;758;769;1086;879;1163;844;1109;952;1031;886;985;974;908;982;809;1026;733;1045;1140;1125;1054;1310;955;1397;944;1420;876;124;1068
MA-0062-TAtR1r1t_07.dw.png;MA-0062;31.400972;-6.274639;2020;semiarid;colony;Aglagane et al. 2022;485;682;537;683;624;883;636;762;672;576;808;910;917;992;883;941;987;872;923;817;1019;755;1040;668;1093;598;1057;988;1142;912;1336;836;1437;829;1465;765;161;832
MA-0062-TAtR1r1t_08.dw.png;MA-0062;31.400972;-6.274639;2020;semiarid;colony;Aglagane et al. 2022;460;907;512;903;614;1095;609;963;638;775;800;1097;931;1171;887;1116;997;1038;920;987;989;912;1006;821;1048;741;1081;1146;1163;1054;1328;965;1433;949;1458;875;156;1103
MA-0062-TAtR1r1t_09.dw.png;MA-0062;31.400972;-6.274639;2020;semiarid;colony;Aglagane et al. 2022;451;722;492;718;602;915;601;784;634;590;787;921;911;1001;868;942;974;862;914;820;997;744;1002;646;1052;566;1050;982;1134;889;1331;796;1431;782;1441;709;163;910
MA-0062-TAtR1r1t_10.dw.png;MA-0062;31.400972;-6.274639;2020;semiarid;colony;Aglagane et al. 2022;428;811;478;803;572;986;593;863;606;659;758;983;904;1053;853;1000;965;908;890;867;982;781;985;675;1018;595;1069;1016;1156;914;1336;797;1437;775;1456;702;148;1022
MA-0063-TAtR1r2m_01.dw.png;MA-0063;31.400972;-6.274639;2020;semiarid;colony;Aglagane et al. 2022;475;791;520;783;623;974;626;840;647;642;813;969;947;1037;903;988;998;896;943;859;1019;778;1018;682;1052;608;1105;1007;1184;912;1363;813;1451;798;1471;732;180;1002
MA-0063-TAtR1r2m_02.dw.png;MA-0063;31.400972;-6.274639;2020;semiarid;colony;Aglagane et al. 2022;494;745;553;743;636;930;652;804;672;608;825;942;938;1015;899;963;1004;872;938;828;1020;748;1030;651;1069;578;1098;986;1178;889;1361;790;1447;779;1463;710;185;944
MA-0063-TAtR1r2m_03.dw.png;MA-0063;31.400972;-6.274639;2020;semiarid;colony;Aglagane et al. 2022;506;754;553;750;647;947;670;821;693;612;841;961;963;1041;929;985;1026;906;968;860;1057;783;1066;687;1110;607;1119;1022;1209;930;1393;836;1476;830;1501;762;207;939
MA-0063-TAtR1r2m_04.dw.png;MA-0063;31.400972;-6.274639;2020;semiarid;colony;Aglagane et al. 2022;477;711;524;707;616;898;631;774;662;577;796;906;913;983;876;930;981;845;916;799;1003;725;1017;631;1050;557;1070;964;1169;872;1354;784;1434;777;1454;707;185;903
MA-0063-TAtR1r2m_05.dw.png;MA-0063;31.400972;-6.274639;2020;semiarid;colony;Aglagane et al. 2022;505;750;563;750;625;937;649;809;686;624;825;952;943;1027;907;977;1020;891;956;846;1038;770;1050;677;1088;605;1105;1000;1188;913;1381;814;1463;803;1476;734;195;932
MA-0063-TAtR1r2m_06.dw.png;MA-0063;31.400972;-6.274639;2020;semiarid;colony;Aglagane et al. 2022;466;818;514;818;597;1003;613;881;643;698;796;1018;901;1093;868;1039;957;958;911;920;996;854;1004;760;1042;692;1050;1075;1134;990;1305;908;1418;899;1434;836;180;998
MA-0063-TAtR1r2m_07.dw.png;MA-0063;31.400972;-6.274639;2020;semiarid;colony;Aglagane et al. 2022;482;784;536;777;633;963;644;835;654;632;825;963;954;1034;909;981;1020;891;952;853;1038;771;1038;671;1086;590;1109;1004;1208;901;1376;806;1470;792;1490;724;189;986
MA-0063-TAtR1r2m_08.dw.png;MA-0063;31.400972;-6.274639;2020;semiarid;colony;Aglagane et al. 2022;444;705;498;700;593;899;607;762;639;553;800;906;914;978;875;922;1001;832;932;788;1007;697;1016;590;1048;508;1076;944;1166;842;1356;724;1434;713;1457;643;163;912
MA-0063-TAtR1r2m_09.dw.png;MA-0063;31.400972;-6.274639;2020;semiarid;colony;Aglagane et al. 2022;483;690;531;682;634;873;640;741;657;537;837;868;952;938;913;885;1017;793;944;752;1031;671;1033;568;1066;489;1110;907;1192;809;1384;701;1462;689;1490;617;189;898
MA-0063-TAtR1r2m_10.dw.png;MA-0063;31.400972;-6.274639;2020;semiarid;colony;Aglagane et al. 2022;444;714;489;707;599;901;594;765;619;567;794;902;912;969;870;918;984;828;909;787;992;705;991;607;1021;534;1078;937;1157;842;1343;739;1423;727;1448;658;158;923
MA-0064-TAtR1r3m_01.dw.png;MA-0064;31.400972;-6.274639;2020;semiarid;colony;Aglagane et al. 2022;459;787;509;782;591;975;615;849;626;658;788;988;902;1061;868;1009;968;935;893;880;990;804;1009;707;1054;632;1058;1040;1141;954;1322;871;1436;855;1462;786;137;956
MA-0064-TAtR1r3m_02.dw.png;MA-0064;31.400972;-6.274639;2020;semiarid;colony;Aglagane et al. 2022;478;821;519;816;587;1011;630;886;652;675;783;1022;905;1099;858;1041;959;958;912;917;994;828;1004;729;1046;660;1057;1075;1135;983;1338;884;1425;871;1436;793;170;997
MA-0064-TAtR1r3m_03.dw.png;MA-0064;31.400972;-6.274639;2020;semiarid;colony;Aglagane et al. 2022;504;748;555;740;652;927;665;804;672;605;844;927;972;1001;929;946;1013;867;963;828;1037;740;1045;648;1083;571;1111;974;1197;883;1375;784;1468;765;1481;692;228;939
MA-0064-TAtR1r3m_04.dw.png;MA-0064;31.400972;-6.274639;2020;semiarid;colony;Aglagane et al. 2022;472;708;525;705;617;908;641;777;664;576;833;916;948;986;905;935;1010;852;948;808;1033;721;1040;622;1079;547;1101;959;1184;868;1376;763;1464;747;1479;675;190;910
MA-0064-TAtR1r3m_05.dw.png;MA-0064;31.400972;-6.274639;2020;semiarid;colony;Aglagane et al. 2022;452;771;498;763;585;954;612;829;624;620;793;949;919;1017;875;968;991;885;915;840;1007;759;1006;661;1047;582;1098;986;1173;898;1361;796;1447;785;1470;717;163;971
MA-0064-TAtR1r3m_06.dw.png;MA-0064;31.400972;-6.274639;2020;semiarid;colony;Aglagane et al. 2022;472;750;519;748;600;942;614;806;651;605;783;942;917;1022;873;964;969;879;904;837;994;756;1004;656;1043;576;1065;996;1151;901;1354;805;1437;796;1448;723;163;940
MA-0064-TAtR1r3m_07.dw.png;MA-0064;31.400972;-6.274639;2020;semiarid;colony;Aglagane et al. 2022;485;668;529;664;604;863;631;728;667;530;788;869;909;949;865;893;975;809;918;762;1013;685;1023;585;1064;510;1068;928;1144;840;1348;745;1440;736;1454;663;173;850
MA-0064-TAtR1r3m_08.dw.png;MA-0064;31.400972;-6.274639;2020;semiarid;colony;Aglagane et al. 2022;502;672;547;668;610;861;646;731;690;530;807;877;934;960;892;901;1001;818;945;774;1030;693;1047;595;1084;528;1093;940;1177;847;1371;757;1462;748;1480;678;192;847
MA-0064-TAtR1r3m_09.dw.png;MA-0064;31.400972;-6.274639;2020;semiarid;colony;Aglagane et al. 2022;451;770;500;765;587;954;611;826;625;620;794;950;916;1020;878;968;992;886;914;840;1008;757;1004;660;1047;583;1098;986;1173;899;1361;796;1447;784;1468;717;165;975
MA-0064-TAtR1r3m_10.dw.png;MA-0064;31.400972;-6.274639;2020;semiarid;colony;Aglagane et al. 2022;451;771;499;763;589;953;611;826;624;620;791;949;921;1017;876;969;993;886;914;839;1006;758;1006;661;1045;581;1098;986;1172;898;1360;797;1447;784;1469;718;166;969
MA-0065-TAtR2r1t_01.dw.png;MA-0065;31.451283;-6.326083;2020;semiarid;colony;Aglagane et al. 2022;429;850;472;845;590;1036;583;903;611;705;788;1043;912;1114;873;1065;983;989;895;933;978;857;994;762;1033;685;1067;1092;1147;1012;1338;914;1425;907;1443;839;126;1038
MA-0065-TAtR2r1t_02.dw.png;MA-0065;31.451283;-6.326083;2020;semiarid;colony;Aglagane et al. 2022;447;777;488;771;580;961;597;830;641;637;787;971;904;1047;863;993;962;912;901;863;994;784;1002;695;1047;624;1053;1026;1144;936;1342;842;1413;834;1434;762;171;968
MA-0065-TAtR2r1t_03.dw.png;MA-0065;31.451283;-6.326083;2020;semiarid;colony;Aglagane et al. 2022;469;732;508;728;574;890;618;791;633;608;762;906;876;978;840;927;918;861;870;825;960;750;964;669;1001;605;1006;966;1083;888;1255;818;1355;813;1375;753;217;901
MA-0065-TAtR2r1t_04.dw.png;MA-0065;31.451283;-6.326083;2020;semiarid;colony;Aglagane et al. 2022;459;706;503;703;595;885;613;762;650;566;806;896;920;968;883;915;988;831;922;786;1009;710;1011;609;1064;537;1074;944;1171;847;1388;757;1453;749;1476;678;177;895
MA-0065-TAtR2r1t_05.dw.png;MA-0065;31.451283;-6.326083;2020;semiarid;colony;Aglagane et al. 2022;483;801;541;799;647;991;657;859;677;658;834;1000;939;1075;905;1019;1013;942;945;889;1032;805;1047;717;1096;642;1094;1056;1180;968;1391;879;1476;870;1509;805;197;981
MA-0065-TAtR2r1t_06.dw.png;MA-0065;31.451283;-6.326083;2020;semiarid;colony;Aglagane et al. 2022;478;804;524;799;632;990;626;858;653;671;808;995;931;1067;897;1021;1008;940;934;893;1021;818;1023;719;1066;644;1096;1047;1176;960;1365;868;1448;860;1458;791;185;993
MA-0065-TAtR2r1t_07.dw.png;MA-0065;31.451283;-6.326083;2020;semiarid;colony;Aglagane et al. 2022;427;746;474;743;543;924;575;799;594;611;756;932;873;1005;834;952;925;874;874;832;958;755;979;668;1018;588;1019;985;1109;896;1306;809;1385;797;1412;725;134;918
MA-0065-TAtR2r1t_08.dw.png;MA-0065;31.451283;-6.326083;2020;semiarid;colony;Aglagane et al. 2022;454;743;498;734;645;914;610;781;622;587;821;903;931;963;887;916;980;823;906;783;985;690;982;598;1020;516;1071;927;1150;827;1336;714;1411;699;1430;625;194;958
MA-0065-TAtR2r1t_09.dw.png;MA-0065;31.451283;-6.326083;2020;semiarid;colony;Aglagane et al. 2022;529;861;563;855;681;1044;673;916;709;722;848;1052;956;1121;921;1074;1010;993;962;951;1047;874;1062;780;1106;714;1094;1102;1172;1017;1384;925;1454;920;1478;859;238;1038
MA-0065-TAtR2r1t_10.dw.png;MA-0065;31.451283;-6.326083;2020;semiarid;colony;Aglagane et al. 2022;485;798;532;793;648;978;646;857;662;671;819;989;929;1058;899;1009;998;939;928;891;1008;810;1014;716;1062;651;1079;1041;1157;961;1350;867;1416;861;1452;797;217;975
MA-0066-TAtR2r2t_01.dw.png;MA-0066;31.451283;-6.326083;2020;semiarid;colony;Aglagane et al. 2022;464;619;509;616;600;805;624;685;641;491;790;818;904;895;874;845;970;764;908;716;1000;646;1013;559;1050;478;1056;878;1153;790;1320;712;1419;702;1445;635;155;795
MA-0066-TAtR2r2t_02.dw.png;MA-0066;31.451283;-6.326083;2020;semiarid;colony;Aglagane et al. 2022;430;758;485;753;575;930;585;811;609;617;776;933;889;999;859;949;951;867;892;825;973;751;979;661;1011;585;1052;969;1124;885;1301;791;1400;776;1420;709;134;940
MA-0066-TAtR2r2t_03.dw.png;MA-0066;31.451283;-6.326083;2020;semiarid;colony;Aglagane et al. 2022;446;636;486;629;571;816;587;690;623;501;762;829;887;903;854;854;968;781;885;723;982;650;994;561;1041;484;1047;885;1130;801;1314;716;1411;703;1426;634;144;818
MA-0066-TAtR2r2t_04.dw.png;MA-0066;31.451283;-6.326083;2020;semiarid;colony;Aglagane et al. 2022;441;761;492;759;582;952;596;825;635;635;772;967;883;1047;851;995;955;918;885;864;987;796;1008;704;1050;634;1046;1031;1129;947;1319;865;1415;860;1442;789;132;932
MA-0066-TAtR2r2t_05.dw.png;MA-0066;31.451283;-6.326083;2020;semiarid;colony;Aglagane et al. 2022;442;687;496;688;550;867;590;751;619;573;742;884;856;961;822;908;930;840;870;792;955;728;965;636;1006;564;1014;943;1096;864;1263;789;1369;777;1388;708;137;845
MA-0066-TAtR2r2t_06.dw.png;MA-0066;31.451283;-6.326083;2020;semiarid;colony;Aglagane et al. 2022;458;689;511;683;603;863;606;738;631;549;781;865;911;937;871;889;973;806;902;758;993;680;997;591;1043;519;1066;911;1150;819;1323;728;1420;717;1434;648;180;886
MA-0066-TAtR2r2t_07.dw.png;MA-0066;31.451283;-6.326083;2020;semiarid;colony;Aglagane et al. 2022;503;712;559;711;616;885;645;768;676;581;808;903;931;980;895;929;1005;861;929;807;1021;738;1033;642;1075;573;1077;962;1160;881;1335;803;1438;790;1461;725;195;877
MA-0066-TAtR2r2t_08.dw.png;MA-0066;31.451283;-6.326083;2020;semiarid;colony;Aglagane et al. 2022;463;787;512;785;587;968;608;845;636;651;762;979;893;1057;854;1003;967;928;900;878;985;797;997;705;1037;636;1048;1035;1132;947;1313;862;1394;854;1413;781;160;959
MA-0066-TAtR2r2t_09.dw.png;MA-0066;31.451283;-6.326083;2020;semiarid;colony;Aglagane et al. 2022;475;746;531;747;606;940;626;813;665;627;794;957;909;1041;878;988;990;915;924;862;1021;792;1030;697;1074;622;1069;1027;1156;947;1349;862;1432;858;1459;789;154;896
MA-0066-TAtR2r2t_10.dw.png;MA-0066;31.451283;-6.326083;2020;semiarid;colony;Aglagane et al. 2022;470;767;529;763;619;944;631;825;652;636;812;948;933;1017;900;968;996;893;921;847;1004;770;1014;683;1052;607;1082;991;1159;903;1325;817;1435;798;1448;727;189;954
MA-0067-TAtR2r3t_01.dw.png;MA-0067;31.451283;-6.326083;2020;semiarid;colony;Aglagane et al. 2022;485;789;527;784;621;984;647;857;674;657;825;1000;934;1072;896;1017;1008;938;935;893;1024;808;1036;711;1083;637;1100;1048;1190;952;1366;863;1446;854;1467;790;187;976
MA-0067-TAtR2r3t_02.dw.png;MA-0067;31.451283;-6.326083;2020;semiarid;colony;Aglagane et al. 2022;573;753;620;747;706;927;726;802;734;606;912;927;1031;995;996;944;1104;870;1026;816;1111;736;1118;642;1154;568;1198;966;1270;883;1469;777;1536;769;1543;697;296;940
MA-0067-TAtR2r3t_03.dw.png;MA-0067;31.451283;-6.326083;2020;semiarid;colony;Aglagane et al. 2022;475;698;521;694;630;884;639;755;652;554;820;879;944;946;904;895;1008;808;931;770;1021;678;1023;586;1059;510;1106;912;1188;817;1367;711;1448;697;1465;627;177;898
MA-0067-TAtR2r3t_04.dw.png;MA-0067;31.451283;-6.326083;2020;semiarid;colony;Aglagane et al. 2022;478;833;528;831;613;1033;638;909;676;706;808;1058;923;1138;892;1085;1006;1014;931;960;1025;888;1045;792;1093;717;1075;1127;1164;1042;1362;955;1445;950;1464;899;182;1005
MA-0067-TAtR2r3t_05.dw.png;MA-0067;31.451283;-6.326083;2020;semiarid;colony;Aglagane et al. 2022;447;811;494;809;582;1003;607;879;640;678;786;1015;900;1092;858;1036;961;957;902;916;994;828;1002;734;1050;660;1063;1069;1146;974;1339;880;1422;872;1437;801;141;988
MA-0067-TAtR2r3t_06.dw.png;MA-0067;31.451283;-6.326083;2020;semiarid;colony;Aglagane et al. 2022;462;767;510;762;610;950;628;823;644;617;810;948;933;1016;892;966;992;882;937;843;1011;758;1018;661;1054;586;1080;990;1166;901;1365;805;1451;790;1458;719;171;958
MA-0067-TAtR2r3t_07.dw.png;MA-0067;31.451283;-6.326083;2020;semiarid;colony;Aglagane et al. 2022;494;823;541;816;645;1014;638;876;684;681;836;1015;953;1090;919;1037;1018;958;954;909;1038;826;1048;727;1093;653;1114;1067;1194;978;1394;875;1484;861;1500;789;200;1022
MA-0067-TAtR2r3t_08.dw.png;MA-0067;31.451283;-6.326083;2020;semiarid;colony;Aglagane et al. 2022;453;836;505;828;608;1011;605;878;633;685;807;1010;921;1080;885;1027;984;945;917;899;1006;816;1016;717;1045;641;1089;1049;1169;966;1377;858;1448;847;1466;782;177;1022
MA-0067-TAtR2r3t_09.dw.png;MA-0067;31.451283;-6.326083;2020;semiarid;colony;Aglagane et al. 2022;464;828;514;828;609;1015;623;891;662;693;811;1026;939;1099;907;1049;1006;968;931;923;1017;840;1030;748;1070;671;1084;1074;1166;983;1353;891;1451;881;1478;811;183;1014
MA-0067-TAtR2r3t_10.dw.png;MA-0067;31.451283;-6.326083;2020;semiarid;colony;Aglagane et al. 2022;492;859;541;856;640;1049;650;925;687;726;836;1065;945;1141;907;1085;1016;1009;938;964;1033;876;1044;782;1091;709;1106;1116;1193;1027;1370;935;1458;926;1478;856;189;1032
MA-0068-TIaR1r1m_01.dw.png;MA-0068;31.3146;-5.640567;2020;semiarid;colony;Aglagane et al. 2022;490;746;534;746;624;935;614;801;665;614;807;947;922;1024;885;968;987;893;917;841;1009;768;1028;670;1072;593;1072;1003;1160;911;1359;817;1444;809;1468;743;192;922
MA-0068-TIaR1r1m_02.dw.png;MA-0068;31.3146;-5.640567;2020;semiarid;colony;Aglagane et al. 2022;456;774;498;767;584;952;599;821;623;621;783;955;917;1024;873;977;988;896;907;843;996;763;1016;670;1060;597;1067;1000;1150;916;1361;813;1443;806;1468;731;148;954
MA-0068-TIaR1r1m_03.dw.png;MA-0068;31.3146;-5.640567;2020;semiarid;colony;Aglagane et al. 2022;449;731;497;726;596;922;606;793;633;586;773;929;909;1009;867;956;980;885;907;828;996;762;1018;670;1064;595;1067;995;1167;915;1364;830;1464;824;1486;755;139;900
MA-0068-TIaR1r1m_04.dw.png;MA-0068;31.3146;-5.640567;2020;semiarid;colony;Aglagane et al. 2022;463;769;511;767;624;964;618;832;630;634;790;969;902;1045;863;992;969;915;883;862;986;785;1013;688;1057;614;1055;1025;1148;934;1343;838;1423;830;1442;759;173;956
MA-0068-TIaR1r1m_05.dw.png;MA-0068;31.3146;-5.640567;2020;semiarid;colony;Aglagane et al. 2022;471;753;517;750;606;949;613;814;655;615;793;966;913;1046;879;996;985;918;911;867;1003;792;1020;688;1067;620;1062;1034;1166;952;1377;860;1460;856;1473;783;160;915
MA-0068-TIaR1r1m_06.dw.png;MA-0068;31.3146;-5.640567;2020;semiarid;colony;Aglagane et al. 2022;445;725;495;719;549;912;590;785;624;595;763;925;878;1002;839;949;971;875;884;826;976;749;997;658;1040;579;1028;986;1123;898;1321;813;1428;806;1449;737;148;910
MA-0068-TIaR1r1m_07.dw.png;MA-0068;31.3146;-5.640567;2020;semiarid;colony;Aglagane et al. 2022;481;698;528;694;609;870;630;745;644;554;815;871;934;940;897;891;996;814;919;763;1003;687;1021;600;1066;534;1075;913;1157;833;1350;735;1442;724;1453;648;175;874
MA-0068-TIaR1r1m_08.dw.png;MA-0068;31.3146;-5.640567;2020;semiarid;colony;Aglagane et al. 2022;474;735;523;727;589;902;618;780;646;586;791;906;929;978;892;930;992;843;914;799;1003;727;1013;625;1052;552;1077;954;1156;867;1347;768;1440;755;1444;682;163;912
MA-0068-TIaR1r1m_09.dw.png;MA-0068;31.3146;-5.640567;2020;semiarid;colony;Aglagane et al. 2022;411;774;443;765;556;949;552;816;570;632;739;951;863;1015;827;971;923;889;850;843;937;756;948;666;984;595;1015;993;1109;904;1300;803;1379;792;1392;723;105;956
MA-0068-TIaR1r1m_10.dw.png;MA-0068;31.3146;-5.640567;2020;semiarid;colony;Aglagane et al. 2022;496;848;542;846;612;1035;647;918;670;723;792;1049;907;1131;873;1075;967;999;926;958;1011;879;1025;789;1077;723;1067;1121;1159;1033;1354;954;1441;950;1462;884;206;1019
MA-0069-TIaR1r2m_01.dw.png;MA-0069;31.3146;-5.640567;2020;semiarid;colony;Aglagane et al. 2022;492;785;540;779;635;968;640;843;669;648;815;981;924;1059;885;1002;1021;932;938;876;1023;806;1028;704;1071;632;1069;1041;1162;951;1369;855;1452;848;1476;777;187;961
MA-0069-TIaR1r2m_02.dw.png;MA-0069;31.3146;-5.640567;2020;semiarid;colony;Aglagane et al. 2022;466;809;512;809;600;1005;623;889;652;683;766;1027;872;1112;841;1058;968;993;894;933;987;865;1006;766;1058;696;1035;1106;1124;1032;1350;949;1431;948;1459;879;165;959
MA-0069-TIaR1r2m_03.dw.png;MA-0069;31.3146;-5.640567;2020;semiarid;colony;Aglagane et al. 2022;456;785;497;781;556;964;611;842;627;646;766;968;892;1039;853;990;962;906;914;866;987;784;1002;685;1037;614;1065;1012;1142;930;1351;823;1426;812;1442;743;168;969
MA-0069-TIaR1r2m_04.dw.png;MA-0069;31.3146;-5.640567;2020;semiarid;colony;Aglagane et al. 2022;490;728;548;724;653;923;657;782;682;578;856;922;982;990;938;935;1048;855;968;808;1047;721;1057;619;1098;542;1127;963;1224;862;1430;760;1503;753;1518;675;190;929
MA-0069-TIaR1r2m_05.dw.png;MA-0069;31.3146;-5.640567;2020;semiarid;colony;Aglagane et al. 2022;476;877;528;876;601;1064;621;932;669;743;812;1080;930;1160;888;1102;1001;1024;936;978;1027;891;1050;799;1093;729;1084;1140;1168;1054;1377;951;1464;944;1484;869;192;1055
MA-0069-TIaR1r2m_06.dw.png;MA-0069;31.3146;-5.640567;2020;semiarid;colony;Aglagane et al. 2022;491;821;546;816;671;1017;659;876;694;683;866;1021;987;1094;950;1043;1053;966;968;915;1060;834;1077;734;1115;663;1140;1072;1233;980;1418;890;1497;881;1514;809;199;1009
MA-0069-TIaR1r2m_07.dw.png;MA-0069;31.3146;-5.640567;2020;semiarid;colony;Aglagane et al. 2022;484;811;528;811;597;1003;616;871;653;683;776;1012;907;1089;870;1041;983;965;903;907;1002;837;1025;745;1060;680;1054;1073;1145;993;1349;905;1432;900;1450;831;161;980
MA-0069-TIaR1r2m_08.dw.png;MA-0069;31.3146;-5.640567;2020;semiarid;colony;Aglagane et al. 2022;481;745;541;748;623;954;643;825;683;624;826;974;941;1055;903;1000;1013;925;948;871;1039;795;1069;707;1127;622;1085;1040;1188;951;1391;869;1479;864;1490;781;178;930
MA-0069-TIaR1r2m_09.dw.png;MA-0069;31.3146;-5.640567;2020;semiarid;colony;Aglagane et al. 2022;502;772;556;768;659;967;667;832;694;627;863;973;985;1044;953;993;1045;912;962;860;1054;784;1069;688;1117;612;1121;1025;1215;933;1404;838;1490;829;1511;756;202;954
MA-0069-TIaR1r2m_10.dw.png;MA-0069;31.3146;-5.640567;2020;semiarid;colony;Aglagane et al. 2022;517;736;563;733;673;909;691;797;679;595;844;909;955;978;911;925;1021;847;962;803;1039;718;1041;621;1079;549;1118;948;1193;860;1380;762;1464;746;1491;678;228;927
MA-0070-TIaR1r3m_01.dw.png;MA-0070;31.3146;-5.640567;2020;semiarid;colony;Aglagane et al. 2022;451;721;490;717;612;913;601;777;638;579;808;923;917;997;880;939;991;860;921;809;1002;731;1011;631;1048;556;1064;975;1165;875;1350;788;1435;779;1459;709;177;906
MA-0070-TIaR1r3m_02.dw.png;MA-0070;31.3146;-5.640567;2020;semiarid;colony;Aglagane et al. 2022;498;711;548;705;631;886;633;758;659;574;817;893;930;966;897;915;997;835;936;790;1014;714;1031;622;1067;545;1079;947;1162;862;1352;771;1432;760;1451;692;206;893
MA-0070-TIaR1r3m_03.dw.png;MA-0070;31.3146;-5.640567;2020;semiarid;colony;Aglagane et al. 2022;460;744;512;740;586;921;611;806;635;612;774;937;905;1015;871;968;972;894;898;844;994;768;1010;679;1052;608;1069;1007;1147;921;1335;836;1429;833;1459;767;151;895
MA-0070-TIaR1r3m_04.dw.png;MA-0070;31.3146;-5.640567;2020;semiarid;colony;Aglagane et al. 2022;413;806;461;800;567;973;565;848;580;652;761;969;883;1038;842;986;941;903;868;862;955;776;953;682;991;603;1036;1009;1120;910;1295;813;1390;799;1410;728;141;1000
MA-0070-TIaR1r3m_05.dw.png;MA-0070;31.3146;-5.640567;2020;semiarid;colony;Aglagane et al. 2022;478;746;527;743;628;941;630;801;669;607;817;951;940;1030;907;978;1019;904;933;849;1031;769;1043;675;1086;607;1094;1019;1192;927;1378;843;1459;837;1495;766;204;929
MA-0070-TIaR1r3m_06.dw.png;MA-0070;31.3146;-5.640567;2020;semiarid;colony;Aglagane et al. 2022;493;774;546;768;657;950;646;824;648;642;832;953;942;1034;909;975;1028;898;922;850;1021;768;1030;682;1067;605;1112;1000;1190;907;1365;815;1449;804;1471;736;194;956
MA-0070-TIaR1r3m_07.dw.png;MA-0070;31.3146;-5.640567;2020;semiarid;colony;Aglagane et al. 2022;439;801;488;799;582;979;580;852;607;656;778;981;899;1051;861;1000;982;920;893;873;976;786;976;695;1004;622;1057;1024;1156;922;1328;832;1417;821;1436;753;166;983
MA-0070-TIaR1r3m_08.dw.png;MA-0070;31.3146;-5.640567;2020;semiarid;colony;Aglagane et al. 2022;488;744;537;736;650;928;636;794;655;605;822;933;928;1000;897;952;1005;869;943;826;1030;734;1042;646;1079;569;1090;976;1175;888;1378;785;1454;774;1483;708;204;930
MA-0070-TIaR1r3m_09.dw.png;MA-0070;31.3146;-5.640567;2020;semiarid;colony;Aglagane et al. 2022;452;807;500;809;610;1007;616;879;648;673;788;1014;912;1097;873;1039;998;966;911;906;999;823;1011;728;1059;653;1067;1075;1152;981;1359;881;1437;872;1455;799;168;997
MA-0070-TIaR1r3m_10.dw.png;MA-0070;31.3146;-5.640567;2020;semiarid;colony;Aglagane et al. 2022;475;772;529;770;618;960;616;826;641;649;784;971;894;1051;858;995;981;926;899;869;988;793;1004;705;1043;638;1055;1033;1144;947;1344;857;1425;851;1455;785;178;944
MA-0071-TIaR1r4m_01.dw.png;MA-0071;31.3146;-5.640567;2020;semiarid;colony;Aglagane et al. 2022;485;771;527;770;592;956;628;838;679;646;790;982;922;1068;891;1019;1006;941;924;884;1022;808;1042;714;1091;642;1077;1053;1168;972;1379;884;1467;875;1492;804;182;935
MA-0071-TIaR1r4m_02.dw.png;MA-0071;31.3146;-5.640567;2020;semiarid;colony;Aglagane et al. 2022;510;790;558;786;650;978;653;848;684;654;813;995;940;1080;901;1025;1013;948;946;895;1035;818;1049;720;1093;651;1097;1065;1187;982;1381;898;1468;894;1494;820;194;947
MA-0071-TIaR1r4m_03.dw.png;MA-0071;31.3146;-5.640567;2020;semiarid;colony;Aglagane et al. 2022;475;793;522;786;630;966;626;842;645;652;804;969;922;1034;884;988;983;902;913;857;999;780;1011;684;1054;612;1079;1006;1159;917;1350;812;1424;798;1440;723;171;973
MA-0071-TIaR1r4m_04.dw.png;MA-0071;31.3146;-5.640567;2020;semiarid;colony;Aglagane et al. 2022;500;772;539;768;625;945;638;828;676;639;807;959;941;1030;907;983;1007;905;944;861;1023;782;1037;691;1072;624;1084;1009;1170;926;1369;838;1455;828;1457;757;217;944
MA-0071-TIaR1r4m_05.dw.png;MA-0071;31.3146;-5.640567;2020;semiarid;colony;Aglagane et al. 2022;450;814;493;806;586;988;604;866;611;672;792;990;908;1058;868;1009;959;924;892;879;970;806;984;711;1021;634;1059;1032;1131;942;1306;846;1401;833;1417;766;160;998
MA-0071-TIaR1r4m_06.dw.png;MA-0071;31.3146;-5.640567;2020;semiarid;colony;Aglagane et al. 2022;422;729;468;726;546;916;566;789;598;602;745;932;858;1003;832;958;934;876;854;821;948;748;965;656;1003;587;1012;983;1105;900;1291;810;1389;801;1397;731;117;903
MA-0071-TIaR1r4m_07.dw.png;MA-0071;31.3146;-5.640567;2020;semiarid;colony;Aglagane et al. 2022;454;758;504;755;600;945;604;816;636;620;807;951;931;1015;895;971;975;889;906;839;990;753;1002;666;1048;588;1061;993;1149;907;1346;801;1429;787;1444;720;180;952
MA-0071-TIaR1r4m_08.dw.png;MA-0071;31.3146;-5.640567;2020;semiarid;colony;Aglagane et al. 2022;502;792;553;788;641;980;655;850;683;655;827;985;955;1061;912;1010;1024;929;947;875;1035;797;1042;705;1080;622;1117;1033;1197;942;1379;840;1478;830;1497;755;207;980
MA-0071-TIaR1r4m_09.dw.png;MA-0071;31.3146;-5.640567;2020;semiarid;colony;Aglagane et al. 2022;500;792;544;783;654;955;645;830;662;640;824;954;936;1023;894;969;998;884;943;845;1034;758;1034;660;1071;577;1094;992;1175;897;1362;795;1458;784;1488;711;197;975
MA-0071-TIaR1r4m_10.dw.png;MA-0071;31.3146;-5.640567;2020;semiarid;colony;Aglagane et al. 2022;459;816;512;811;604;993;613;867;636;675;801;1001;923;1077;892;1029;994;949;919;898;1007;822;1014;726;1059;656;1074;1055;1163;970;1341;882;1441;871;1459;802;185;995
MA-0072-TSeR1r1t_01.dw.png;MA-0072;31.306167;-6.033783;2020;semiarid;colony;Aglagane et al. 2022;521;736;562;732;669;913;657;782;674;595;853;912;967;976;929;930;1042;850;952;804;1043;724;1043;631;1076;552;1115;952;1198;862;1379;762;1455;750;1468;685;219;930
MA-0072-TSeR1r1t_02.dw.png;MA-0072;31.306167;-6.033783;2020;semiarid;colony;Aglagane et al. 2022;479;730;530;724;636;915;643;789;657;600;824;929;927;1002;894;947;994;870;933;824;1012;744;1013;648;1062;576;1071;983;1156;895;1357;801;1433;792;1459;724;178;912
MA-0072-TSeR1r1t_03.dw.png;MA-0072;31.306167;-6.033783;2020;semiarid;colony;Aglagane et al. 2022;412;709;458;705;543;893;546;763;575;583;726;904;842;978;812;929;909;854;848;808;937;736;944;649;984;568;996;963;1089;879;1255;794;1362;786;1386;724;107;886
MA-0072-TSeR1r1t_04.dw.png;MA-0072;31.306167;-6.033783;2020;semiarid;colony;Aglagane et al. 2022;479;769;528;763;641;950;624;814;640;624;812;952;935;1025;900;971;1007;885;928;840;1016;761;1027;666;1064;585;1094;990;1180;900;1356;803;1448;785;1463;713;183;966
MA-0072-TSeR1r1t_05.dw.png;MA-0072;31.306167;-6.033783;2020;semiarid;colony;Aglagane et al. 2022;510;799;558;795;645;993;657;858;695;663;834;1016;941;1094;905;1039;1019;955;953;907;1050;827;1055;729;1103;653;1101;1078;1192;992;1398;900;1477;893;1498;819;194;983
MA-0072-TSeR1r1t_06.dw.png;MA-0072;31.306167;-6.033783;2020;semiarid;colony;Aglagane et al. 2022;510;755;551;750;672;952;667;813;703;612;865;966;976;1048;945;990;1065;916;976;855;1073;780;1093;685;1137;608;1136;1027;1234;940;1442;843;1504;838;1537;767;219;937
MA-0072-TSeR1r1t_07.dw.png;MA-0072;31.306167;-6.033783;2020;semiarid;colony;Aglagane et al. 2022;461;850;498;838;614;1022;593;883;611;697;796;1015;919;1080;880;1032;977;949;901;900;982;817;980;719;1015;646;1059;1054;1144;958;1325;852;1408;840;1422;768;190;1058
MA-0072-TSeR1r1t_08.dw.png;MA-0072;31.306167;-6.033783;2020;semiarid;colony;Aglagane et al. 2022;507;757;561;755;647;940;663;821;685;625;842;951;953;1024;914;969;1028;896;953;849;1043;774;1047;677;1086;608;1102;1003;1191;915;1381;825;1471;812;1492;748;217;939
MA-0072-TSeR1r1t_09.dw.png;MA-0072;31.306167;-6.033783;2020;semiarid;colony;Aglagane et al. 2022;469;791;530;789;636;973;635;848;655;658;822;983;921;1058;885;1000;996;929;921;882;1003;803;1006;707;1045;629;1062;1036;1151;950;1340;861;1416;852;1442;785;175;971
MA-0072-TSeR1r1t_10.dw.png;MA-0072;31.306167;-6.033783;2020;semiarid;colony;Aglagane et al. 2022;463;741;504;734;636;930;628;799;641;593;808;930;929;1013;892;956;1010;877;916;821;1005;747;1020;653;1064;573;1079;985;1181;889;1368;788;1433;780;1456;707;180;940
MA-0073-TSeR1r2t_01.dw.png;MA-0073;31.306167;-6.033783;2020;semiarid;colony;Aglagane et al. 2022;427;706;478;700;571;892;582;762;610;571;764;903;876;976;839;923;946;833;880;791;966;716;972;614;1013;542;1028;949;1128;855;1306;758;1396;746;1422;678;143;901
MA-0073-TSeR1r2t_02.dw.png;MA-0073;31.306167;-6.033783;2020;semiarid;colony;Aglagane et al. 2022;442;736;489;733;565;918;597;800;622;602;756;932;882;1010;846;956;946;872;887;830;966;756;974;658;1021;585;1026;986;1124;896;1306;808;1403;799;1422;728;158;917
MA-0073-TSeR1r2t_03.dw.png;MA-0073;31.306167;-6.033783;2020;semiarid;colony;Aglagane et al. 2022;470;716;509;707;625;885;623;762;628;571;825;886;944;958;900;905;1006;823;925;778;1011;700;1022;605;1054;530;1103;922;1174;833;1342;736;1440;720;1460;648;209;917
MA-0073-TSeR1r2t_04.dw.png;MA-0073;31.306167;-6.033783;2020;semiarid;colony;Aglagane et al. 2022;496;841;536;831;649;1009;648;881;651;683;824;995;957;1058;914;1012;1018;915;933;876;1011;792;1013;699;1051;620;1096;1019;1181;918;1355;806;1446;785;1458;718;246;1060
MA-0073-TSeR1r2t_05.dw.png;MA-0073;31.306167;-6.033783;2020;semiarid;colony;Aglagane et al. 2022;427;748;473;748;538;936;575;815;615;617;733;956;849;1037;812;981;931;903;862;853;958;775;977;683;1030;605;994;1021;1097;928;1282;841;1375;833;1397;760;154;930
MA-0073-TSeR1r2t_06.dw.png;MA-0073;31.306167;-6.033783;2020;semiarid;colony;Aglagane et al. 2022;436;716;485;711;598;894;588;765;610;566;778;896;905;967;868;918;967;830;885;782;976;703;984;605;1030;527;1054;940;1141;847;1345;736;1432;725;1443;651;161;912
MA-0073-TSeR1r2t_07.dw.png;MA-0073;31.306167;-6.033783;2020;semiarid;colony;Aglagane et al. 2022;425;777;467;777;556;967;563;835;606;637;737;981;856;1060;824;1005;933;925;854;872;946;797;963;700;1011;627;1001;1043;1097;954;1314;859;1394;853;1413;782;136;947
MA-0073-TSeR1r2t_08.dw.png;MA-0073;31.306167;-6.033783;2020;semiarid;colony;Aglagane et al. 2022;447;729;493;726;587;911;604;790;631;600;783;920;904;996;868;944;968;867;904;825;982;753;990;655;1032;583;1055;977;1140;896;1327;804;1398;798;1416;728;182;918
MA-0073-TSeR1r2t_09.dw.png;MA-0073;31.306167;-6.033783;2020;semiarid;colony;Aglagane et al. 2022;487;757;527;750;635;937;633;806;656;619;819;940;933;1015;897;961;995;875;933;834;1020;753;1022;661;1057;588;1086;992;1170;901;1374;800;1451;787;1476;716;206;940
MA-0073-TSeR1r2t_10.dw.png;MA-0073;31.306167;-6.033783;2020;semiarid;colony;Aglagane et al. 2022;501;731;545;728;629;919;645;790;688;599;815;932;940;1010;905;959;1019;877;943;825;1032;751;1046;656;1094;583;1095;990;1176;907;1376;811;1469;804;1486;732;221;923
MA-0074-TSeR1r3t_01.dw.png;MA-0074;31.306167;-6.033783;2020;semiarid;colony;Aglagane et al. 2022;478;956;523;953;620;1149;621;1022;664;823;812;1170;912;1248;883;1193;1001;1124;916;1070;1004;997;1028;905;1076;828;1065;1235;1152;1147;1348;1070;1439;1066;1468;1002;166;1114
MA-0074-TSeR1r3t_02.dw.png;MA-0074;31.306167;-6.033783;2020;semiarid;colony;Aglagane et al. 2022;538;897;582;892;687;1069;691;951;715;762;861;1075;978;1147;938;1095;1050;1012;987;972;1057;890;1064;796;1110;728;1139;1119;1219;1030;1383;940;1477;923;1497;858;263;1077
MA-0074-TSeR1r3t_03.dw.png;MA-0074;31.306167;-6.033783;2020;semiarid;colony;Aglagane et al. 2022;483;715;524;709;638;898;624;767;659;576;818;907;925;982;894;930;1001;852;931;801;1012;723;1026;632;1069;561;1079;963;1168;874;1364;787;1452;778;1483;711;178;895
MA-0074-TSeR1r3t_04.dw.png;MA-0074;31.306167;-6.033783;2020;semiarid;colony;Aglagane et al. 2022;548;1036;596;1036;683;1237;708;1111;744;920;875;1256;973;1337;947;1284;1052;1215;979;1158;1074;1090;1094;1000;1137;934;1130;1327;1222;1246;1394;1167;1492;1159;1517;1092;252;1196
MA-0074-TSeR1r3t_05.dw.png;MA-0074;31.306167;-6.033783;2020;semiarid;colony;Aglagane et al. 2022;444;783;485;779;575;967;590;847;630;652;758;988;867;1071;831;1014;954;946;890;895;966;820;980;720;1025;655;1030;1055;1118;973;1301;886;1381;881;1405;819;149;940
MA-0074-TSeR1r3t_06.dw.png;MA-0074;31.306167;-6.033783;2020;semiarid;colony;Aglagane et al. 2022;458;833;500;828;594;1010;609;891;628;697;775;1020;896;1096;853;1041;966;961;902;917;977;840;984;740;1028;673;1049;1068;1130;983;1319;886;1398;874;1423;809;168;1010
MA-0074-TSeR1r3t_07.dw.png;MA-0074;31.306167;-6.033783;2020;semiarid;colony;Aglagane et al. 2022;459;712;502;709;618;901;599;767;642;569;808;903;911;973;878;922;982;842;907;797;991;715;997;619;1044;547;1059;947;1154;852;1323;766;1418;753;1457;688;177;903
MA-0074-TSeR1r3t_08.dw.png;MA-0074;31.306167;-6.033783;2020;semiarid;colony;Aglagane et al. 2022;429;682;473;678;569;865;580;744;604;552;755;879;873;962;841;906;941;830;877;784;957;708;967;616;1013;542;1015;950;1119;862;1289;783;1386;775;1418;709;153;852
MA-0074-TSeR1r3t_09.dw.png;MA-0074;31.306167;-6.033783;2020;semiarid;colony;Aglagane et al. 2022;443;895;491;888;601;1070;616;946;613;747;797;1063;914;1129;879;1081;978;991;912;951;981;867;982;768;1023;697;1061;1102;1155;1003;1322;904;1408;889;1435;823;190;1107
MA-0074-TSeR1r3t_10.dw.png;MA-0074;31.306167;-6.033783;2020;semiarid;colony;Aglagane et al. 2022;502;767;544;762;640;941;654;821;679;629;833;949;938;1022;899;969;1013;889;948;843;1021;763;1020;671;1064;602;1100;992;1174;906;1363;808;1437;799;1463;734;211;951
MA-0075-TTiR1r1m_01.dw.png;MA-0075;31.794867;-5.776;2020;semiarid;colony;Aglagane et al. 2022;516;849;562;844;649;1024;660;901;686;719;815;1032;953;1116;914;1061;1013;986;968;940;1046;870;1052;777;1084;707;1098;1101;1193;1015;1382;934;1475;925;1495;858;228;1029
MA-0075-TTiR1r1m_02.dw.png;MA-0075;31.794867;-5.776;2020;semiarid;colony;Aglagane et al. 2022;492;766;545;762;618;946;640;820;660;625;815;958;931;1042;888;981;989;911;930;855;1020;784;1033;692;1071;617;1072;1025;1164;940;1366;847;1455;840;1476;768;187;949
MA-0075-TTiR1r1m_03.dw.png;MA-0075;31.794867;-5.776;2020;semiarid;colony;Aglagane et al. 2022;461;789;516;782;613;962;626;840;641;637;796;971;930;1049;890;993;992;912;926;865;1015;780;1020;692;1055;619;1080;1021;1158;931;1356;825;1430;813;1443;740;211;981
MA-0075-TTiR1r1m_04.dw.png;MA-0075;31.794867;-5.776;2020;semiarid;colony;Aglagane et al. 2022;494;804;541;800;657;991;645;860;670;671;823;995;948;1074;909;1020;1016;937;946;889;1031;816;1034;724;1076;656;1096;1053;1187;965;1378;875;1447;866;1467;797;207;990
MA-0075-TTiR1r1m_05.dw.png;MA-0075;31.794867;-5.776;2020;semiarid;colony;Aglagane et al. 2022;487;823;534;818;645;1017;650;881;670;671;846;1017;960;1087;919;1036;1028;956;953;906;1039;827;1054;737;1100;660;1101;1068;1198;973;1395;878;1482;865;1513;794;192;1022
MA-0075-TTiR1r1m_06.dw.png;MA-0075;31.794867;-5.776;2020;semiarid;colony;Aglagane et al. 2022;533;830;584;831;667;1022;679;896;729;707;844;1046;954;1129;928;1077;1035;1005;963;949;1057;874;1072;784;1113;716;1100;1118;1197;1040;1394;962;1478;958;1502;884;219;988
MA-0075-TTiR1r1m_07.dw.png;MA-0075;31.794867;-5.776;2020;semiarid;colony;Aglagane et al. 2022;451;603;505;598;588;777;610;658;627;465;785;787;910;863;875;811;970;729;911;683;992;605;1004;515;1042;448;1055;838;1146;746;1334;654;1420;644;1444;577;160;789
MA-0075-TTiR1r1m_08.dw.png;MA-0075;31.794867;-5.776;2020;semiarid;colony;Aglagane et al. 2022;444;731;483;725;588;925;606;795;631;593;786;935;894;1016;856;958;970;882;896;825;977;748;980;656;1018;578;1050;993;1143;898;1327;810;1413;800;1427;727;168;934
MA-0075-TTiR1r1m_09.dw.png;MA-0075;31.794867;-5.776;2020;semiarid;colony;Aglagane et al. 2022;425;922;476;917;569;1102;587;981;592;780;747;1109;864;1180;834;1131;936;1047;873;1002;959;924;967;830;1006;762;1030;1156;1119;1067;1295;971;1408;959;1434;897;144;1106
MA-0075-TTiR1r1m_10.dw.png;MA-0075;31.794867;-5.776;2020;semiarid;colony;Aglagane et al. 2022;444;785;488;777;596;971;598;840;611;651;778;981;887;1055;854;1003;967;921;898;874;983;795;989;705;1028;636;1037;1038;1137;944;1322;856;1432;843;1455;776;160;963
MA-0076-TTiR1r2m_01.dw.png;MA-0076;31.794867;-5.776;2020;semiarid;colony;Aglagane et al. 2022;463;792;514;785;609;974;644;856;637;646;802;980;920;1056;884;1002;1000;923;936;876;1020;788;1023;685;1062;605;1081;1026;1163;942;1371;832;1459;821;1474;740;160;976
MA-0076-TTiR1r2m_02.dw.png;MA-0076;31.794867;-5.776;2020;semiarid;colony;Aglagane et al. 2022;480;748;519;744;626;940;645;811;660;607;815;949;934;1027;899;976;1009;893;937;840;1031;755;1032;655;1088;579;1091;1003;1170;916;1378;813;1467;803;1490;726;185;935
MA-0076-TTiR1r2m_03.dw.png;MA-0076;31.794867;-5.776;2020;semiarid;colony;Aglagane et al. 2022;478;780;522;775;623;966;645;841;662;641;812;972;941;1051;894;993;1006;912;933;860;1019;783;1018;682;1071;607;1095;1023;1173;935;1362;835;1457;821;1477;749;185;976
MA-0076-TTiR1r2m_04.dw.png;MA-0076;31.794867;-5.776;2020;semiarid;colony;Aglagane et al. 2022;469;664;509;661;605;858;633;734;645;527;786;874;903;957;863;900;978;824;912;775;1001;699;1006;596;1059;518;1052;941;1144;854;1346;766;1437;757;1457;684;168;837
MA-0076-TTiR1r2m_05.dw.png;MA-0076;31.794867;-5.776;2020;semiarid;colony;Aglagane et al. 2022;475;690;511;685;638;881;631;749;648;551;810;888;951;969;904;916;1018;833;943;778;1031;702;1033;603;1079;525;1099;946;1185;864;1388;762;1477;755;1511;688;177;881
MA-0076-TTiR1r2m_06.dw.png;MA-0076;31.794867;-5.776;2020;semiarid;colony;Aglagane et al. 2022;410;801;454;802;541;998;563;871;594;670;737;1015;861;1099;820;1041;934;964;863;911;955;838;963;734;1011;666;1013;1082;1102;994;1289;906;1395;899;1420;831;108;971
MA-0076-TTiR1r2m_07.dw.png;MA-0076;31.794867;-5.776;2020;semiarid;colony;Aglagane et al. 2022;469;780;509;777;598;974;633;847;652;641;794;987;917;1066;875;1009;982;929;929;882;1009;800;1018;697;1064;620;1064;1044;1152;952;1348;856;1444;842;1457;768;163;971
MA-0076-TTiR1r2m_08.dw.png;MA-0076;31.794867;-5.776;2020;semiarid;colony;Aglagane et al. 2022;464;743;506;738;579;927;607;801;633;608;773;938;892;1018;858;964;980;889;907;835;994;758;997;665;1047;586;1045;995;1121;912;1326;818;1416;805;1435;729;160;930
MA-0076-TTiR1r2m_09.dw.png;MA-0076;31.794867;-5.776;2020;semiarid;colony;Aglagane et al. 2022;420;786;466;782;553;971;593;860;594;653;745;981;868;1060;828;1005;940;927;878;877;968;797;972;699;1009;625;1037;1035;1114;955;1318;852;1403;843;1420;772;122;959
MA-0076-TTiR1r2m_10.dw.png;MA-0076;31.794867;-5.776;2020;semiarid;colony;Aglagane et al. 2022;458;811;510;806;601;998;621;874;633;673;775;1004;904;1085;866;1031;980;952;913;904;996;821;997;724;1044;649;1054;1064;1139;976;1339;878;1427;865;1442;791;171;1000
MA-0077-TTiR1r3m_01.dw.png;MA-0077;31.794867;-5.776;2020;semiarid;colony;Aglagane et al. 2022;472;832;517;830;615;1029;633;902;657;697;795;1038;938;1124;900;1068;1008;992;938;937;1030;865;1031;767;1081;695;1090;1106;1171;1029;1370;932;1452;925;1477;852;178;1009
MA-0077-TTiR1r3m_02.dw.png;MA-0077;31.794867;-5.776;2020;semiarid;colony;Aglagane et al. 2022;454;784;500;779;594;981;609;847;633;648;789;992;911;1073;876;1015;987;942;917;887;1006;813;1013;716;1062;641;1064;1050;1156;966;1354;877;1437;868;1454;794;158;963
MA-0077-TTiR1r3m_03.dw.png;MA-0077;31.794867;-5.776;2020;semiarid;colony;Aglagane et al. 2022;429;779;483;776;568;961;589;832;606;632;767;964;872;1037;841;983;963;901;870;852;957;764;962;665;1008;591;1023;1008;1111;915;1306;804;1383;792;1394;712;134;971
MA-0077-TTiR1r3m_04.dw.png;MA-0077;31.794867;-5.776;2020;semiarid;colony;Aglagane et al. 2022;484;779;530;773;619;957;646;838;671;630;810;966;934;1044;894;988;994;917;923;866;1004;790;1016;697;1062;624;1060;1027;1149;941;1354;844;1420;836;1432;767;204;961
MA-0077-TTiR1r3m_05.dw.png;MA-0077;31.794867;-5.776;2020;semiarid;colony;Aglagane et al. 2022;467;743;516;738;607;929;616;797;648;605;779;928;925;1004;892;955;994;874;911;820;1001;741;1009;642;1055;573;1088;973;1156;895;1351;788;1442;779;1459;697;180;940
MA-0077-TTiR1r3m_06.dw.png;MA-0077;31.794867;-5.776;2020;semiarid;colony;Aglagane et al. 2022;491;754;539;753;635;945;635;811;674;620;809;956;924;1034;887;975;1002;896;938;855;1031;777;1030;675;1077;602;1077;1014;1184;920;1362;838;1449;828;1466;751;202;940
MA-0077-TTiR1r3m_07.dw.png;MA-0077;31.794867;-5.776;2020;semiarid;colony;Aglagane et al. 2022;443;753;490;745;589;923;590;796;613;600;756;918;892;987;848;934;954;845;889;805;969;721;967;620;1001;542;1039;952;1129;854;1318;746;1390;738;1415;665;171;956
MA-0077-TTiR1r3m_08.dw.png;MA-0077;31.794867;-5.776;2020;semiarid;colony;Aglagane et al. 2022;461;768;505;767;598;971;617;843;650;641;772;989;894;1072;849;1017;963;943;905;894;989;816;1002;714;1059;644;1051;1058;1127;979;1319;889;1408;881;1435;807;166;946
MA-0077-TTiR1r3m_09.dw.png;MA-0077;31.794867;-5.776;2020;semiarid;colony;Aglagane et al. 2022;452;740;495;734;609;921;617;801;621;603;781;932;897;1012;856;956;972;879;914;834;995;753;991;652;1034;577;1054;989;1132;906;1342;812;1432;801;1450;729;154;923
MA-0077-TTiR1r3m_10.dw.png;MA-0077;31.794867;-5.776;2020;semiarid;colony;Aglagane et al. 2022;461;743;499;741;609;940;603;797;644;600;802;952;917;1022;880;976;989;893;906;835;996;755;1014;656;1060;588;1062;1003;1161;916;1368;816;1438;806;1456;729;161;935
MA-0078-TTmR1r1t_01.dw.png;MA-0078;31.29015;-5.554917;2020;semiarid;colony;Aglagane et al. 2022;451;820;496;811;599;1000;609;876;611;680;797;1002;909;1074;871;1022;973;937;899;887;986;805;991;712;1025;639;1064;1043;1151;949;1319;848;1409;834;1439;769;161;1003
MA-0078-TTmR1r1t_02.dw.png;MA-0078;31.29015;-5.554917;2020;semiarid;colony;Aglagane et al. 2022;478;841;521;834;602;1025;644;909;638;710;795;1041;906;1118;865;1063;969;978;912;932;1001;850;1008;755;1047;685;1059;1098;1146;1004;1332;915;1421;900;1439;830;189;1005
MA-0078-TTmR1r1t_03.dw.png;MA-0078;31.29015;-5.554917;2020;semiarid;colony;Aglagane et al. 2022;464;792;507;783;633;978;628;850;626;642;808;977;924;1044;884;993;969;909;902;863;987;778;996;681;1038;607;1060;1017;1142;923;1310;818;1386;802;1402;727;189;993
MA-0078-TTmR1r1t_04.dw.png;MA-0078;31.29015;-5.554917;2020;semiarid;colony;Aglagane et al. 2022;438;786;488;785;559;978;580;852;622;661;758;997;878;1072;839;1019;926;942;874;894;979;820;991;723;1036;653;1026;1060;1119;974;1306;890;1391;882;1408;811;134;954
MA-0078-TTmR1r1t_05.dw.png;MA-0078;31.29015;-5.554917;2020;semiarid;colony;Aglagane et al. 2022;423;770;464;763;563;947;573;826;580;632;739;954;860;1025;820;975;927;891;863;849;941;763;945;671;982;598;1012;1002;1095;909;1262;819;1363;807;1381;739;115;946
MA-0078-TTmR1r1t_06.dw.png;MA-0078;31.29015;-5.554917;2020;semiarid;colony;Aglagane et al. 2022;420;641;469;641;540;849;563;716;614;518;732;882;854;973;827;920;936;847;883;787;972;714;991;617;1048;545;1016;971;1117;893;1309;823;1405;826;1436;754;97;780
MA-0078-TTmR1r1t_07.dw.png;MA-0078;31.29015;-5.554917;2020;semiarid;colony;Aglagane et al. 2022;449;774;497;767;594;969;613;845;623;639;781;985;900;1060;863;1009;955;927;900;876;996;803;1014;712;1057;636;1060;1044;1156;956;1333;869;1433;864;1448;794;153;942
MA-0078-TTmR1r1t_08.dw.png;MA-0078;31.29015;-5.554917;2020;semiarid;colony;Aglagane et al. 2022;471;673;519;673;601;864;606;738;650;549;781;883;904;962;865;908;947;831;902;786;1001;711;1016;615;1060;549;1049;951;1139;871;1322;786;1404;779;1425;709;168;835
MA-0078-TTmR1r1t_09.dw.png;MA-0078;31.29015;-5.554917;2020;semiarid;colony;Aglagane et al. 2022;486;690;526;685;610;884;633;753;656;555;810;898;924;972;889;920;991;837;928;787;1018;707;1035;615;1076;545;1083;948;1168;859;1356;770;1449;765;1473;694;161;849
MA-0078-TTmR1r1t_10.dw.png;MA-0078;31.29015;-5.554917;2020;semiarid;colony;Aglagane et al. 2022;506;805;541;800;638;1004;652;872;682;671;831;1021;937;1099;899;1044;1012;965;950;910;1037;836;1052;743;1093;677;1093;1084;1178;996;1365;914;1457;910;1482;843;180;968
MA-0079-TTmR1r2t_01.dw.png;MA-0079;31.29015;-5.554917;2020;semiarid;colony;Aglagane et al. 2022;480;789;529;782;633;966;630;841;644;647;807;963;919;1030;882;980;983;894;914;851;1001;772;1005;681;1045;607;1069;1000;1161;908;1340;808;1427;794;1445;726;189;981
MA-0079-TTmR1r2t_02.dw.png;MA-0079;31.29015;-5.554917;2020;semiarid;colony;Aglagane et al. 2022;461;760;503;754;584;933;609;808;607;613;772;925;900;995;859;942;968;855;896;812;969;733;967;634;1001;557;1052;964;1147;862;1314;755;1392;745;1410;673;177;952
MA-0079-TTmR1r2t_03.dw.png;MA-0079;31.29015;-5.554917;2020;semiarid;colony;Aglagane et al. 2022;508;760;547;756;626;961;651;825;681;631;815;976;932;1060;895;1002;1005;925;941;877;1031;800;1044;704;1096;629;1085;1049;1184;963;1374;877;1468;872;1493;797;209;934
MA-0079-TTmR1r2t_04.dw.png;MA-0079;31.29015;-5.554917;2020;semiarid;colony;Aglagane et al. 2022;461;709;510;709;587;898;598;770;639;588;754;916;865;999;837;948;949;871;892;822;977;747;989;659;1033;588;1015;986;1112;904;1308;820;1392;816;1410;747;153;855
MA-0079-TTmR1r2t_05.dw.png;MA-0079;31.29015;-5.554917;2020;semiarid;colony;Aglagane et al. 2022;478;789;527;780;647;968;634;836;643;642;825;959;946;1022;912;979;1009;888;941;847;1018;767;1023;673;1055;595;1108;993;1195;898;1368;798;1459;781;1480;717;185;995
MA-0079-TTmR1r2t_06.dw.png;MA-0079;31.29015;-5.554917;2020;semiarid;colony;Aglagane et al. 2022;512;816;550;813;618;999;657;872;667;677;806;1001;932;1077;895;1026;1003;949;938;901;1016;824;1026;728;1068;660;1080;1058;1166;973;1344;881;1438;871;1464;800;231;1003
MA-0079-TTmR1r2t_07.dw.png;MA-0079;31.29015;-5.554917;2020;semiarid;colony;Aglagane et al. 2022;498;758;545;754;640;942;640;816;667;629;820;949;924;1018;882;965;996;891;936;847;1014;766;1020;673;1059;598;1079;1000;1162;915;1346;817;1441;808;1455;734;209;932
MA-0079-TTmR1r2t_08.dw.png;MA-0079;31.29015;-5.554917;2020;semiarid;colony;Aglagane et al. 2022;464;787;502;782;604;983;607;845;632;652;801;988;901;1063;871;1009;980;935;904;882;994;809;1004;716;1045;644;1055;1044;1144;960;1321;874;1410;865;1433;796;160;958
MA-0079-TTmR1r2t_09.dw.png;MA-0079;31.29015;-5.554917;2020;semiarid;colony;Aglagane et al. 2022;490;741;546;738;640;930;643;801;674;608;808;937;925;1014;885;959;1001;884;939;836;1024;762;1033;670;1069;600;1078;998;1168;910;1352;828;1446;819;1461;746;187;917
MA-0079-TTmR1r2t_10.dw.png;MA-0079;31.29015;-5.554917;2020;semiarid;colony;Aglagane et al. 2022;497;795;539;787;637;979;648;845;672;644;822;981;932;1052;899;1005;1000;916;936;872;1031;792;1045;699;1089;620;1091;1030;1178;946;1386;850;1474;843;1489;768;177;975
MA-0080-TTmR1r3t_01.dw.png;MA-0080;31.29015;-5.554917;2020;semiarid;colony;Aglagane et al. 2022;441;734;487;731;578;918;592;791;628;602;763;928;889;1003;851;954;982;872;896;819;992;752;1006;661;1048;588;1050;984;1143;896;1329;814;1430;809;1466;741;131;901
MA-0080-TTmR1r3t_02.dw.png;MA-0080;31.29015;-5.554917;2020;semiarid;colony;Aglagane et al. 2022;420;806;470;800;550;988;572;859;604;675;751;995;871;1070;837;1021;951;940;876;893;962;822;982;726;1018;654;1032;1050;1122;964;1311;873;1392;866;1410;797;126;980
MA-0080-TTmR1r3t_03.dw.png;MA-0080;31.29015;-5.554917;2020;semiarid;colony;Aglagane et al. 2022;410;862;463;855;577;1038;573;906;592;717;765;1031;891;1097;850;1050;972;961;880;918;967;836;971;744;1010;665;1047;1063;1132;968;1314;868;1409;856;1432;789;131;1063
MA-0080-TTmR1r3t_04.dw.png;MA-0080;31.29015;-5.554917;2020;semiarid;colony;Aglagane et al. 2022;437;749;488;744;581;930;586;797;618;610;788;937;903;1008;871;958;990;876;906;828;991;749;1001;656;1035;579;1057;985;1153;896;1350;797;1428;787;1454;720;139;934
MA-0080-TTmR1r3t_05.dw.png;MA-0080;31.29015;-5.554917;2020;semiarid;colony;Aglagane et al. 2022;468;762;521;758;594;954;633;832;665;637;805;975;918;1057;888;1002;1004;927;923;872;1023;802;1045;712;1089;636;1084;1046;1176;965;1369;884;1461;881;1488;806;160;923
MA-0080-TTmR1r3t_06.dw.png;MA-0080;31.29015;-5.554917;2020;semiarid;colony;Aglagane et al. 2022;448;763;492;757;580;945;604;821;631;632;773;956;897;1030;863;981;976;901;909;855;983;775;996;682;1043;605;1059;1010;1139;928;1333;834;1406;828;1432;756;160;939
MA-0080-TTmR1r3t_07.dw.png;MA-0080;31.29015;-5.554917;2020;semiarid;colony;Aglagane et al. 2022;397;739;448;733;535;925;558;796;583;604;740;937;861;1013;822;962;943;880;866;832;952;752;963;655;997;581;1020;993;1109;901;1299;809;1375;802;1396;727;112;913
MA-0080-TTmR1r3t_08.dw.png;MA-0080;31.29015;-5.554917;2020;semiarid;colony;Aglagane et al. 2022;436;828;496;824;572;1009;596;881;623;699;776;1022;897;1095;858;1044;977;961;897;911;989;842;1002;746;1042;671;1046;1077;1142;990;1332;893;1418;887;1437;812;127;1003
MA-0080-TTmR1r3t_09.dw.png;MA-0080;31.29015;-5.554917;2020;semiarid;colony;Aglagane et al. 2022;416;783;473;779;543;969;573;842;598;651;747;990;861;1072;829;1019;955;934;878;886;970;814;984;717;1021;646;1032;1053;1122;969;1311;884;1400;883;1425;812;110;951
MA-0080-TTmR1r3t_10.dw.png;MA-0080;31.29015;-5.554917;2020;semiarid;colony;Aglagane et al. 2022;388;656;441;648;523;837;544;711;568;523;725;846;839;920;803;869;924;789;842;736;929;664;948;571;987;498;997;897;1074;814;1268;719;1357;710;1377;635;81;828
MA-0081-TTmR1r4t_01.dw.png;MA-0081;31.29015;-5.554917;2020;semiarid;colony;Aglagane et al. 2022;442;770;482;765;574;949;586;833;615;643;750;969;860;1048;825;995;919;920;870;876;956;807;969;714;1023;653;999;1037;1098;954;1289;874;1369;868;1398;808;134;923
MA-0081-TTmR1r4t_02.dw.png;MA-0081;31.29015;-5.554917;2020;semiarid;colony;Aglagane et al. 2022;403;857;449;853;546;1046;546;923;579;736;718;1063;827;1142;793;1087;902;1016;834;966;926;893;933;799;980;731;977;1130;1066;1046;1270;956;1342;951;1377;889;95;1012
MA-0081-TTmR1r4t_03.dw.png;MA-0081;31.29015;-5.554917;2020;semiarid;colony;Aglagane et al. 2022;410;763;455;761;534;947;550;821;590;632;723;966;845;1046;802;989;902;915;840;864;931;797;941;702;989;632;998;1031;1086;948;1265;868;1354;863;1391;797;120;930
MA-0081-TTmR1r4t_04.dw.png;MA-0081;31.29015;-5.554917;2020;semiarid;colony;Aglagane et al. 2022;494;808;547;806;630;982;644;867;665;683;803;988;929;1061;888;1010;985;936;925;894;1002;818;1002;729;1040;658;1074;1041;1153;961;1333;876;1415;867;1442;804;194;975
MA-0081-TTmR1r4t_05.dw.png;MA-0081;31.29015;-5.554917;2020;semiarid;colony;Aglagane et al. 2022;391;783;448;781;498;964;546;849;570;654;696;983;804;1060;779;1012;877;937;826;889;905;813;921;729;960;660;951;1050;1042;973;1238;895;1324;891;1350;827;117;937
MA-0081-TTmR1r4t_06.dw.png;MA-0081;31.29015;-5.554917;2020;semiarid;colony;Aglagane et al. 2022;444;707;490;704;588;897;606;774;622;575;785;912;892;981;858;934;968;855;902;808;982;725;991;631;1037;557;1048;963;1140;879;1336;786;1406;780;1437;716;160;893
MA-0081-TTmR1r4t_07.dw.png;MA-0081;31.29015;-5.554917;2020;semiarid;colony;Aglagane et al. 2022;431;791;477;784;590;973;580;842;600;654;790;976;899;1047;862;994;962;910;888;864;972;782;972;692;1016;614;1047;1020;1136;928;1321;830;1396;819;1417;749;153;990
MA-0081-TTmR1r4t_08.dw.png;MA-0081;31.29015;-5.554917;2020;semiarid;colony;Aglagane et al. 2022;524;786;582;782;647;963;672;842;707;655;836;979;960;1056;919;1005;1023;934;960;884;1052;813;1068;720;1117;652;1115;1045;1197;967;1382;878;1474;873;1507;809;245;951
MA-0081-TTmR1r4t_09.dw.png;MA-0081;31.29015;-5.554917;2020;semiarid;colony;Aglagane et al. 2022;429;813;478;810;584;989;592;873;601;687;762;995;874;1068;841;1016;944;943;875;900;956;818;965;729;997;659;1020;1046;1104;963;1285;869;1364;862;1394;801;160;985
MA-0081-TTmR1r4t_10.dw.png;MA-0081;31.29015;-5.554917;2020;semiarid;colony;Aglagane et al. 2022;483;829;528;823;607;1000;618;878;638;702;783;1003;892;1073;859;1024;953;953;894;906;982;834;994;753;1034;683;1042;1061;1137;976;1305;898;1385;887;1404;823;206;988
MA-0082-TToR1r1m_01.dw.png;MA-0082;31.234867;-5.261467;2020;semiarid;colony;Aglagane et al. 2022;493;800;543;796;647;994;650;853;679;655;843;1000;977;1075;938;1022;1042;931;967;881;1057;794;1069;699;1102;621;1108;1052;1207;954;1392;849;1500;838;1522;767;192;995
MA-0082-TToR1r1m_02.dw.png;MA-0082;31.234867;-5.261467;2020;semiarid;colony;Aglagane et al. 2022;475;850;522;842;647;1036;653;903;648;694;841;1035;965;1096;924;1048;1023;961;941;912;1025;822;1038;719;1091;651;1115;1061;1195;968;1389;854;1485;843;1490;778;200;1060
MA-0082-TToR1r1m_03.dw.png;MA-0082;31.234867;-5.261467;2020;semiarid;colony;Aglagane et al. 2022;476;752;531;746;617;945;643;818;660;619;812;956;924;1027;892;978;992;891;928;839;1016;760;1031;658;1072;583;1074;1005;1162;912;1354;805;1445;794;1459;720;194;944
MA-0082-TToR1r1m_04.dw.png;MA-0082;31.234867;-5.261467;2020;semiarid;colony;Aglagane et al. 2022;449;726;500;723;608;923;612;792;636;598;797;932;906;1008;868;956;983;879;911;824;999;752;1013;656;1063;581;1054;992;1151;901;1351;814;1455;804;1478;739;139;910
MA-0082-TToR1r1m_05.dw.png;MA-0082;31.234867;-5.261467;2020;semiarid;colony;Aglagane et al. 2022;452;799;498;792;620;996;625;867;637;660;805;1005;918;1076;889;1030;984;946;914;895;996;812;1008;710;1057;632;1056;1056;1147;969;1352;865;1441;852;1459;782;168;986
MA-0082-TToR1r1m_06.dw.png;MA-0082;31.234867;-5.261467;2020;semiarid;colony;Aglagane et al. 2022;469;753;523;743;625;932;641;803;647;605;824;930;943;997;907;949;1001;852;928;805;1022;721;1027;618;1060;537;1097;962;1173;862;1368;741;1451;728;1463;654;192;969
MA-0082-TToR1r1m_07.dw.png;MA-0082;31.234867;-5.261467;2020;semiarid;colony;Aglagane et al. 2022;406;817;453;810;563;1007;572;875;591;674;768;1009;884;1078;857;1032;952;949;873;895;961;816;974;723;1016;646;1028;1055;1108;970;1318;859;1394;849;1408;778;119;1000
MA-0082-TToR1r1m_08.dw.png;MA-0082;31.234867;-5.261467;2020;semiarid;colony;Aglagane et al. 2022;474;860;531;848;628;1037;659;912;657;702;849;1036;962;1101;929;1055;1024;961;940;912;1029;825;1037;719;1072;642;1126;1067;1198;972;1388;851;1477;834;1502;763;192;1068
MA-0082-TToR1r1m_09.dw.png;MA-0082;31.234867;-5.261467;2020;semiarid;colony;Aglagane et al. 2022;489;731;548;729;623;923;653;797;672;605;815;937;937;1015;899;961;1020;889;952;837;1031;762;1043;663;1079;596;1088;1000;1183;913;1388;829;1479;824;1497;756;182;915
MA-0082-TToR1r1m_10.dw.png;MA-0082;31.234867;-5.261467;2020;semiarid;colony;Aglagane et al. 2022;441;797;480;792;584;981;604;859;619;666;785;990;902;1060;865;1014;960;925;897;879;984;799;1002;707;1037;634;1032;1040;1123;949;1312;847;1412;835;1442;766;137;995
MA-0083-TToR1r2m_01.dw.png;MA-0083;31.234867;-5.261467;2020;semiarid;colony;Aglagane et al. 2022;504;794;540;789;650;978;653;852;662;660;821;983;938;1061;902;1007;1000;931;934;883;1019;805;1031;711;1072;636;1085;1042;1173;956;1372;866;1463;849;1466;779;190;958
MA-0083-TToR1r2m_02.dw.png;MA-0083;31.234867;-5.261467;2020;semiarid;colony;Aglagane et al. 2022;406;752;464;745;553;937;567;803;596;597;759;942;880;1009;837;958;948;877;880;833;957;747;974;653;1016;572;1021;990;1110;896;1309;797;1403;783;1417;718;120;925
MA-0083-TToR1r2m_03.dw.png;MA-0083;31.234867;-5.261467;2020;semiarid;colony;Aglagane et al. 2022;468;791;510;784;632;968;630;847;651;646;822;968;939;1033;900;985;991;908;920;863;1001;780;1013;680;1057;603;1079;1009;1152;925;1361;816;1451;805;1454;734;177;988
MA-0083-TToR1r2m_04.dw.png;MA-0083;31.234867;-5.261467;2020;semiarid;colony;Aglagane et al. 2022;454;792;502;787;619;984;607;852;626;654;805;990;917;1064;878;1007;965;930;892;881;987;799;999;702;1045;625;1059;1042;1147;946;1349;845;1434;832;1440;763;146;973
MA-0083-TToR1r2m_05.dw.png;MA-0083;31.234867;-5.261467;2020;semiarid;colony;Aglagane et al. 2022;462;800;513;797;621;990;621;860;650;663;812;999;931;1075;892;1024;992;941;929;894;1011;816;1024;721;1073;646;1075;1056;1159;968;1350;871;1449;862;1452;790;185;980
MA-0083-TToR1r2m_06.dw.png;MA-0083;31.234867;-5.261467;2020;semiarid;colony;Aglagane et al. 2022;462;838;506;831;610;1023;622;892;641;699;811;1023;928;1093;890;1041;989;958;913;911;996;828;1009;734;1051;653;1078;1067;1169;966;1344;872;1429;860;1435;783;182;1038
MA-0083-TToR1r2m_07.dw.png;MA-0083;31.234867;-5.261467;2020;semiarid;colony;Aglagane et al. 2022;441;759;481;752;584;944;599;820;626;622;785;950;912;1024;876;971;960;889;917;854;987;772;994;675;1033;592;1070;1005;1149;921;1352;815;1432;804;1454;737;144;942
MA-0083-TToR1r2m_08.dw.png;MA-0083;31.234867;-5.261467;2020;semiarid;colony;Aglagane et al. 2022;521;684;568;680;662;877;665;741;698;553;839;888;959;971;916;912;1036;837;962;784;1050;705;1064;614;1108;537;1103;952;1196;865;1412;773;1483;768;1501;697;224;866
MA-0083-TToR1r2m_09.dw.png;MA-0083;31.234867;-5.261467;2020;semiarid;colony;Aglagane et al. 2022;466;726;510;721;628;914;627;786;642;574;826;917;933;988;891;935;983;853;926;809;1005;728;1023;629;1062;542;1071;968;1162;878;1366;777;1453;766;1468;688;166;910
MA-0083-TToR1r2m_10.dw.png;MA-0083;31.234867;-5.261467;2020;semiarid;colony;Aglagane et al. 2022;432;765;473;759;580;943;581;815;592;625;773;940;897;1005;858;959;947;877;872;827;951;751;958;656;991;573;1037;983;1117;896;1300;794;1397;776;1404;704;156;958
MA-0084-TToR1r3m_01.dw.png;MA-0084;31.234867;-5.261467;2020;semiarid;colony;Aglagane et al. 2022;415;765;464;756;583;940;594;821;592;609;758;937;884;1008;845;957;945;871;872;827;967;742;980;645;1025;567;1044;976;1118;890;1313;782;1409;761;1422;687;140;967
MA-0084-TToR1r3m_02.dw.png;MA-0084;31.234867;-5.261467;2020;semiarid;colony;Aglagane et al. 2022;433;818;485;811;572;991;592;872;616;668;758;996;878;1067;842;1016;950;939;880;893;968;808;981;708;1031;636;1031;1044;1116;954;1316;848;1393;837;1415;771;148;988
MA-0084-TToR1r3m_03.dw.png;MA-0084;31.234867;-5.261467;2020;semiarid;colony;Aglagane et al. 2022;486;757;538;751;628;935;656;816;669;614;813;942;930;1023;891;964;998;890;933;843;1032;768;1043;668;1096;597;1094;997;1171;918;1372;818;1458;807;1478;738;211;944
MA-0084-TToR1r3m_04.dw.png;MA-0084;31.234867;-5.261467;2020;semiarid;colony;Aglagane et al. 2022;454;758;499;754;594;949;606;821;645;620;771;964;892;1044;856;988;977;920;901;860;1001;787;1030;685;1083;618;1043;1032;1144;944;1363;857;1437;855;1459;786;153;922
MA-0084-TToR1r3m_05.dw.png;MA-0084;31.234867;-5.261467;2020;semiarid;colony;Aglagane et al. 2022;443;707;493;707;587;891;592;763;633;571;783;896;893;968;861;917;982;835;899;783;976;706;977;598;1011;530;1048;938;1134;849;1321;749;1397;739;1415;671;142;889
MA-0084-TToR1r3m_06.dw.png;MA-0084;31.234867;-5.261467;2020;semiarid;colony;Aglagane et al. 2022;459;846;510;838;623;1035;621;901;645;697;808;1037;936;1106;885;1051;1004;964;930;916;1015;831;1028;724;1076;649;1090;1078;1180;975;1391;863;1457;851;1470;776;173;1046
MA-0084-TToR1r3m_07.dw.png;MA-0084;31.234867;-5.261467;2020;semiarid;colony;Aglagane et al. 2022;442;785;492;780;597;973;614;848;633;647;781;980;891;1050;860;1000;973;921;908;878;997;794;1009;697;1059;619;1048;1026;1146;944;1352;840;1429;829;1458;764;153;968
MA-0084-TToR1r3m_08.dw.png;MA-0084;31.234867;-5.261467;2020;semiarid;colony;Aglagane et al. 2022;584;726;635;721;710;906;744;787;780;596;904;921;1030;1002;996;947;1108;871;1035;822;1127;751;1144;653;1186;578;1192;985;1274;898;1474;808;1559;803;1590;741;292;896
MA-0084-TToR1r3m_09.dw.png;MA-0084;31.234867;-5.261467;2020;semiarid;colony;Aglagane et al. 2022;405;821;451;813;567;1002;573;877;592;671;739;1007;861;1080;824;1026;933;946;870;901;958;816;974;714;1025;646;1027;1054;1096;971;1305;865;1391;850;1415;780;120;1015
MA-0084-TToR1r3m_10.dw.png;MA-0084;31.234867;-5.261467;2020;semiarid;colony;Aglagane et al. 2022;461;736;507;731;597;915;602;789;633;604;776;920;902;996;868;946;963;869;901;825;996;746;1011;653;1057;585;1064;976;1138;896;1338;808;1424;797;1442;727;154;920
MA-0085-ZEgR1r1m_01.dw.png;MA-0085;30.274917;-6.476583;2020;desert;colony;Aglagane et al. 2022;488;800;539;796;598;986;641;859;672;655;831;1003;941;1075;905;1024;1027;943;951;890;1050;812;1060;712;1097;643;1091;1050;1182;962;1360;870;1451;859;1488;786;201;986
MA-0085-ZEgR1r1m_02.dw.png;MA-0085;30.274917;-6.476583;2020;desert;colony;Aglagane et al. 2022;458;800;506;789;645;978;613;835;635;637;840;971;950;1035;913;988;1018;893;931;848;1023;757;1033;660;1059;581;1105;999;1185;898;1354;788;1432;770;1458;693;173;997
MA-0085-ZEgR1r1m_03.dw.png;MA-0085;30.274917;-6.476583;2020;desert;colony;Aglagane et al. 2022;539;729;585;726;695;911;706;789;713;590;876;913;1012;983;970;936;1077;852;999;804;1106;726;1111;629;1146;549;1159;957;1247;872;1431;770;1534;754;1558;682;248;917
MA-0085-ZEgR1r1m_04.dw.png;MA-0085;30.274917;-6.476583;2020;desert;colony;Aglagane et al. 2022;427;804;483;801;585;998;603;869;619;665;785;1013;899;1092;868;1043;980;965;896;908;1003;830;1020;733;1064;656;1057;1077;1149;988;1333;899;1424;891;1456;818;139;969
MA-0085-ZEgR1r1m_05.dw.png;MA-0085;30.274917;-6.476583;2020;desert;colony;Aglagane et al. 2022;480;759;527;755;620;941;614;803;639;614;814;935;941;1002;904;956;1008;866;929;820;1020;737;1033;644;1074;564;1088;970;1177;874;1348;771;1425;758;1449;684;195;961
MA-0085-ZEgR1r1m_06.dw.png;MA-0085;30.274917;-6.476583;2020;desert;colony;Aglagane et al. 2022;481;803;539;796;592;976;636;847;657;653;834;973;957;1034;919;992;1025;901;964;864;1047;781;1057;683;1096;610;1113;1003;1192;917;1373;814;1461;797;1479;719;204;997
MA-0085-ZEgR1r1m_07.dw.png;MA-0085;30.274917;-6.476583;2020;desert;colony;Aglagane et al. 2022;480;770;535;768;604;952;640;831;668;642;808;966;919;1041;883;992;988;913;937;867;1028;800;1043;709;1091;636;1084;1026;1165;947;1360;864;1446;858;1478;791;199;927
MA-0085-ZEgR1r1m_08.dw.png;MA-0085;30.274917;-6.476583;2020;desert;colony;Aglagane et al. 2022;466;806;528;802;620;980;628;856;641;658;812;984;934;1058;894;1007;989;924;914;877;1020;801;1038;707;1091;631;1073;1031;1154;946;1354;845;1452;829;1469;753;197;993
MA-0085-ZEgR1r1m_09.dw.png;MA-0085;30.274917;-6.476583;2020;desert;colony;Aglagane et al. 2022;449;740;504;736;591;916;592;787;631;598;776;922;892;998;853;944;957;864;897;818;987;746;996;651;1042;573;1045;976;1140;886;1314;797;1411;782;1440;709;154;910
MA-0085-ZEgR1r1m_10.dw.png;MA-0085;30.274917;-6.476583;2020;desert;colony;Aglagane et al. 2022;466;731;517;729;606;932;621;797;657;597;804;949;929;1027;894;976;1004;891;928;837;1040;764;1055;668;1093;585;1081;1008;1175;917;1360;824;1451;815;1478;743;175;912
MA-0086-ZEgR1r2m_01.dw.png;MA-0086;30.274917;-6.476583;2020;desert;colony;Aglagane et al. 2022;444;688;506;688;558;880;611;754;645;554;801;902;908;980;871;925;981;848;917;796;1016;724;1033;624;1093;558;1063;964;1159;876;1338;794;1432;786;1476;714;151;859
MA-0086-ZEgR1r2m_02.dw.png;MA-0086;30.274917;-6.476583;2020;desert;colony;Aglagane et al. 2022;466;741;514;736;614;922;621;791;638;596;803;923;929;989;894;945;1006;859;917;808;1018;731;1030;629;1062;553;1086;960;1163;872;1360;758;1442;745;1466;679;173;935
MA-0086-ZEgR1r2m_03.dw.png;MA-0086;30.274917;-6.476583;2020;desert;colony;Aglagane et al. 2022;458;719;519;723;596;916;626;794;660;585;798;941;903;1024;866;964;1004;900;917;843;1013;772;1026;671;1074;598;1072;1009;1171;925;1347;854;1432;850;1462;778;166;893
MA-0086-ZEgR1r2m_04.dw.png;MA-0086;30.274917;-6.476583;2020;desert;colony;Aglagane et al. 2022;469;765;514;761;595;924;627;816;613;625;793;930;894;997;856;946;945;874;895;833;979;757;984;668;1021;598;1042;973;1122;895;1316;811;1395;803;1422;739;212;940
MA-0086-ZEgR1r2m_05.dw.png;MA-0086;30.274917;-6.476583;2020;desert;colony;Aglagane et al. 2022;526;755;583;754;647;939;676;814;695;622;827;944;938;1021;905;966;1023;896;948;840;1043;770;1060;677;1100;607;1112;997;1196;915;1357;837;1449;825;1470;750;231;927
MA-0086-ZEgR1r2m_06.dw.png;MA-0086;30.274917;-6.476583;2020;desert;colony;Aglagane et al. 2022;439;784;495;777;584;966;589;825;619;627;803;969;917;1039;875;990;1002;903;927;853;1011;767;1023;663;1064;581;1081;1014;1174;915;1357;810;1452;794;1483;719;144;968
MA-0086-ZEgR1r2m_07.dw.png;MA-0086;30.274917;-6.476583;2020;desert;colony;Aglagane et al. 2022;478;771;531;767;626;969;645;838;657;637;824;980;921;1055;883;1002;1021;925;926;866;1014;792;1030;692;1067;622;1085;1033;1187;942;1355;862;1429;852;1440;775;183;956
MA-0086-ZEgR1r2m_08.dw.png;MA-0086;30.274917;-6.476583;2020;desert;colony;Aglagane et al. 2022;491;753;557;757;620;949;647;821;695;620;834;969;941;1051;908;995;1044;927;956;867;1043;791;1054;685;1099;617;1102;1037;1200;947;1378;867;1461;862;1488;790;202;930
MA-0086-ZEgR1r2m_09.dw.png;MA-0086;30.274917;-6.476583;2020;desert;colony;Aglagane et al. 2022;439;750;485;741;577;914;600;790;604;581;788;905;912;968;875;922;992;835;900;787;979;700;987;603;1025;520;1069;932;1149;833;1324;732;1415;710;1434;639;156;946
MA-0086-ZEgR1r2m_10.dw.png;MA-0086;30.274917;-6.476583;2020;desert;colony;Aglagane et al. 2022;506;727;560;720;642;898;665;774;672;576;841;896;962;959;929;913;1035;828;955;782;1040;707;1052;610;1084;535;1130;925;1195;847;1378;744;1459;725;1473;652;229;912
MA-0087-ZEmR1r1m_01.dw.png;MA-0087;30.1832;-6.40225;2020;desert;colony;Aglagane et al. 2022;474;730;533;728;652;924;640;792;660;595;827;930;933;1012;895;954;1023;877;938;818;1028;744;1045;648;1074;574;1100;993;1200;901;1398;814;1460;807;1483;729;180;923
MA-0087-ZEmR1r1m_02.dw.png;MA-0087;30.1832;-6.40225;2020;desert;colony;Aglagane et al. 2022;515;724;564;721;664;923;660;784;704;597;836;930;960;1007;916;956;1032;881;953;828;1049;751;1067;663;1118;590;1107;991;1202;900;1383;815;1463;803;1490;729;229;913
MA-0087-ZEmR1r1m_03.dw.png;MA-0087;30.1832;-6.40225;2020;desert;colony;Aglagane et al. 2022;456;734;514;733;611;925;616;797;653;610;796;934;915;1017;876;961;994;887;904;833;998;760;1013;671;1062;595;1059;997;1152;906;1326;821;1406;809;1439;740;161;913
MA-0087-ZEmR1r1m_04.dw.png;MA-0087;30.1832;-6.40225;2020;desert;colony;Aglagane et al. 2022;485;757;541;756;650;952;647;817;674;614;849;959;953;1031;914;978;1035;891;952;838;1060;763;1077;667;1120;595;1123;1005;1219;910;1422;818;1501;807;1528;730;207;956
MA-0087-ZEmR1r1m_05.dw.png;MA-0087;30.1832;-6.40225;2020;desert;colony;Aglagane et al. 2022;418;727;480;729;577;935;579;789;614;586;772;944;881;1016;842;964;967;882;887;826;982;752;1001;660;1033;588;1035;1002;1141;907;1338;821;1415;815;1437;742;136;917
MA-0087-ZEmR1r1m_06.dw.png;MA-0087;30.1832;-6.40225;2020;desert;colony;Aglagane et al. 2022;410;804;469;799;577;984;582;859;594;660;786;990;891;1058;849;1003;961;917;878;869;977;793;989;699;1020;631;1051;1027;1135;935;1320;836;1411;826;1430;758;137;998
MA-0087-ZEmR1r1m_07.dw.png;MA-0087;30.1832;-6.40225;2020;desert;colony;Aglagane et al. 2022;454;748;516;743;616;920;614;799;636;605;788;918;914;992;868;937;984;858;906;814;997;739;1004;646;1043;573;1064;965;1161;874;1350;782;1436;767;1473;699;178;934
MA-0087-ZEmR1r1m_08.dw.png;MA-0087;30.1832;-6.40225;2020;desert;colony;Aglagane et al. 2022;529;781;582;778;690;979;701;850;727;654;887;988;991;1060;955;1003;1071;929;1011;881;1098;806;1106;705;1143;634;1157;1038;1248;946;1444;854;1527;843;1557;774;219;963
MA-0087-ZEmR1r1m_09.dw.png;MA-0087;30.1832;-6.40225;2020;desert;colony;Aglagane et al. 2022;471;791;529;786;626;971;641;840;648;642;837;975;943;1044;900;988;1004;901;933;858;1025;771;1031;675;1071;602;1094;1013;1192;914;1392;808;1468;795;1488;724;195;995
MA-0087-ZEmR1r1m_10.dw.png;MA-0087;30.1832;-6.40225;2020;desert;colony;Aglagane et al. 2022;489;740;528;733;640;919;648;793;660;597;827;920;950;993;910;943;1016;859;938;809;1035;728;1052;637;1093;566;1096;969;1204;872;1381;784;1472;768;1490;696;200;932
MA-0088-ZEmR1r2m_01.dw.png;MA-0088;30.1832;-6.40225;2020;desert;colony;Aglagane et al. 2022;441;703;493;706;575;884;588;765;638;573;757;898;868;976;827;923;955;848;888;805;978;724;984;627;1037;556;1021;958;1119;871;1313;778;1400;770;1416;704;158;874
MA-0088-ZEmR1r2m_02.dw.png;MA-0088;30.1832;-6.40225;2020;desert;colony;Aglagane et al. 2022;478;762;530;757;635;940;643;820;650;625;797;942;912;1015;875;963;1000;888;917;841;1005;760;1006;668;1054;598;1065;992;1155;902;1343;810;1428;797;1457;734;200;944
MA-0088-ZEmR1r2m_03.dw.png;MA-0088;30.1832;-6.40225;2020;desert;colony;Aglagane et al. 2022;435;748;490;748;563;927;585;809;616;625;740;939;848;1013;810;963;936;895;871;845;950;777;965;688;1013;625;998;997;1089;915;1267;838;1357;830;1371;766;156;917
MA-0088-ZEmR1r2m_04.dw.png;MA-0088;30.1832;-6.40225;2020;desert;colony;Aglagane et al. 2022;449;753;507;745;613;922;613;799;630;604;798;920;912;981;866;934;985;849;926;811;999;721;1004;625;1044;552;1069;952;1158;861;1352;750;1432;733;1437;664;178;956
MA-0088-ZEmR1r2m_05.dw.png;MA-0088;30.1832;-6.40225;2020;desert;colony;Aglagane et al. 2022;436;808;492;804;597;990;596;864;614;665;773;1000;888;1076;846;1020;975;949;887;896;978;821;989;723;1036;652;1037;1058;1135;972;1335;881;1421;876;1443;811;161;985
MA-0088-ZEmR1r2m_06.dw.png;MA-0088;30.1832;-6.40225;2020;desert;colony;Aglagane et al. 2022;458;739;514;733;610;920;628;799;637;598;793;922;900;996;871;946;978;867;908;815;992;740;1004;642;1050;571;1051;974;1139;889;1348;789;1423;778;1442;707;187;930
MA-0088-ZEmR1r2m_07.dw.png;MA-0088;30.1832;-6.40225;2020;desert;colony;Aglagane et al. 2022;424;876;480;876;556;1065;577;940;613;750;729;1083;846;1163;805;1109;921;1043;854;988;947;923;962;825;1008;761;991;1156;1084;1073;1280;995;1362;989;1382;918;136;1031
MA-0088-ZEmR1r2m_08.dw.png;MA-0088;30.1832;-6.40225;2020;desert;colony;Aglagane et al. 2022;422;781;470;774;581;952;597;838;587;632;766;950;894;1016;853;964;965;881;887;838;974;753;976;651;1006;580;1051;983;1151;884;1325;780;1398;766;1416;700;143;985
MA-0088-ZEmR1r2m_09.dw.png;MA-0088;30.1832;-6.40225;2020;desert;colony;Aglagane et al. 2022;451;726;505;717;613;894;611;773;619;578;793;893;908;958;873;912;977;833;902;785;987;706;996;607;1035;535;1062;929;1136;847;1320;740;1416;721;1429;650;170;908
MA-0088-ZEmR1r2m_10.dw.png;MA-0088;30.1832;-6.40225;2020;desert;colony;Aglagane et al. 2022;458;789;515;786;613;969;630;854;636;646;790;973;908;1045;863;992;987;916;896;866;994;782;1006;683;1050;608;1054;1020;1142;928;1342;821;1442;804;1457;729;171;968
MA-0089-ZFaR1r1m_01.dw.png;MA-0089;30.176033;-6.123933;2020;desert;colony;Aglagane et al. 2022;510;748;561;743;655;923;664;796;679;607;829;923;942;993;897;944;1013;862;948;818;1023;740;1025;644;1059;571;1091;972;1180;885;1384;789;1460;781;1478;711;243;944
MA-0089-ZFaR1r1m_02.dw.png;MA-0089;30.176033;-6.123933;2020;desert;colony;Aglagane et al. 2022;490;714;547;712;628;892;640;762;660;574;819;900;928;971;890;917;1003;841;928;789;1012;721;1016;627;1062;559;1076;947;1168;859;1337;773;1427;766;1444;696;204;896
MA-0089-ZFaR1r1m_03.dw.png;MA-0089;30.176033;-6.123933;2020;desert;colony;Aglagane et al. 2022;483;721;534;719;637;902;642;779;669;585;821;911;941;984;899;930;989;844;921;794;1018;721;1026;624;1072;545;1081;962;1163;873;1355;768;1448;757;1466;681;207;915
MA-0089-ZFaR1r1m_04.dw.png;MA-0089;30.176033;-6.123933;2020;desert;colony;Aglagane et al. 2022;497;699;567;705;638;889;649;758;683;566;827;898;946;966;907;918;1014;837;950;789;1032;716;1035;620;1077;545;1084;947;1178;857;1379;765;1458;758;1475;686;217;891
MA-0089-ZFaR1r1m_05.dw.png;MA-0089;30.176033;-6.123933;2020;desert;colony;Aglagane et al. 2022;502;716;553;717;673;912;640;770;682;585;829;917;936;995;900;939;994;862;928;813;1018;741;1028;641;1072;573;1072;978;1172;886;1347;794;1425;790;1447;717;229;896
MA-0089-ZFaR1r1m_06.dw.png;MA-0089;30.176033;-6.123933;2020;desert;colony;Aglagane et al. 2022;476;776;546;780;615;966;635;842;664;656;797;990;888;1065;854;1009;969;941;909;891;1001;823;1018;734;1071;663;1042;1060;1137;975;1336;903;1420;904;1444;834;175;925
MA-0089-ZFaR1r1m_07.dw.png;MA-0089;30.176033;-6.123933;2020;desert;colony;Aglagane et al. 2022;490;727;539;726;651;911;647;786;679;592;816;915;942;991;897;939;996;866;932;820;1009;745;1009;648;1052;576;1083;970;1165;886;1343;796;1414;789;1418;733;229;918
MA-0089-ZFaR1r1m_08.dw.png;MA-0089;30.176033;-6.123933;2020;desert;colony;Aglagane et al. 2022;514;659;573;657;654;838;661;712;698;526;836;850;955;921;912;869;1020;794;951;747;1036;679;1043;585;1079;511;1099;906;1190;821;1376;734;1464;727;1482;660;243;842
MA-0089-ZFaR1r1m_09.dw.png;MA-0089;30.176033;-6.123933;2020;desert;colony;Aglagane et al. 2022;469;782;529;774;623;951;640;831;641;639;807;952;917;1017;878;966;974;887;918;848;992;767;994;671;1040;600;1059;996;1140;903;1335;815;1415;803;1430;729;194;976
MA-0089-ZFaR1r1m_10.dw.png;MA-0089;30.176033;-6.123933;2020;desert;colony;Aglagane et al. 2022;483;760;539;750;647;924;650;804;662;615;827;923;942;992;900;941;994;855;931;817;1011;736;1013;641;1050;564;1078;966;1163;876;1341;774;1429;766;1452;692;231;961
MA-0090-ZIgR1r1m_01.dw.png;MA-0090;30.67845;-6.293967;2020;desert;colony;Aglagane et al. 2022;459;667;500;660;602;838;602;711;613;520;764;830;897;898;858;848;967;763;902;725;976;639;985;547;1028;470;1043;866;1129;771;1304;665;1389;648;1411;578;177;859
MA-0090-ZIgR1r1m_02.dw.png;MA-0090;30.67845;-6.293967;2020;desert;colony;Aglagane et al. 2022;477;745;534;743;624;925;630;800;657;615;796;928;918;997;883;953;979;872;927;833;999;749;1016;665;1057;586;1068;977;1158;890;1341;797;1421;789;1449;724;190;925
MA-0090-ZIgR1r1m_03.dw.png;MA-0090;30.67845;-6.293967;2020;desert;colony;Aglagane et al. 2022;489;761;535;756;622;922;641;811;660;625;788;922;916;988;875;937;970;862;925;824;994;748;996;660;1038;586;1061;964;1138;879;1297;792;1398;775;1417;707;216;934
MA-0090-ZIgR1r1m_04.dw.png;MA-0090;30.67845;-6.293967;2020;desert;colony;Aglagane et al. 2022;536;764;580;756;698;925;687;804;693;618;856;916;989;978;945;930;1048;849;971;806;1050;719;1057;629;1091;552;1139;942;1209;850;1392;743;1478;727;1497;658;257;956
MA-0090-ZIgR1r1m_05.dw.png;MA-0090;30.67845;-6.293967;2020;desert;colony;Aglagane et al. 2022;403;761;449;755;546;934;556;816;578;625;722;939;842;1009;803;957;902;881;839;839;914;762;931;671;975;600;988;985;1060;905;1241;813;1328;801;1346;731;120;929
MA-0090-ZIgR1r1m_06.dw.png;MA-0090;30.67845;-6.293967;2020;desert;colony;Aglagane et al. 2022;482;749;531;744;632;940;652;811;665;615;826;951;924;1025;888;971;1002;898;929;845;1021;772;1033;678;1079;605;1084;1007;1171;918;1362;838;1439;826;1465;760;204;923
MA-0090-ZIgR1r1m_07.dw.png;MA-0090;30.67845;-6.293967;2020;desert;colony;Aglagane et al. 2022;485;789;536;782;626;961;648;848;655;654;817;964;930;1037;887;981;989;908;930;860;1008;780;1018;688;1052;619;1078;1010;1174;917;1336;832;1428;817;1444;748;190;978
MA-0090-ZIgR1r1m_08.dw.png;MA-0090;30.67845;-6.293967;2020;desert;colony;Aglagane et al. 2022;435;770;495;767;565;951;607;837;638;639;758;960;872;1030;834;981;939;901;888;864;965;788;975;695;1025;625;1025;1007;1103;930;1284;841;1388;823;1403;755;144;932
MA-0090-ZIgR1r1m_09.dw.png;MA-0090;30.67845;-6.293967;2020;desert;colony;Aglagane et al. 2022;486;610;542;607;623;788;657;677;666;491;808;797;923;872;895;821;985;746;935;703;1008;631;1023;547;1060;472;1071;854;1156;769;1331;682;1416;673;1430;603;209;765
MA-0090-ZIgR1r1m_10.dw.png;MA-0090;30.67845;-6.293967;2020;desert;colony;Aglagane et al. 2022;442;915;489;911;574;1080;592;968;618;789;739;1089;863;1164;832;1111;928;1041;875;997;948;930;958;838;1006;768;1012;1148;1096;1067;1256;991;1358;978;1386;913;185;1067
MA-0091-ZIgR1r2m_01.dw.png;MA-0091;30.67845;-6.293967;2020;desert;colony;Aglagane et al. 2022;420;649;462;642;567;828;567;702;596;510;742;833;856;901;819;854;924;774;846;717;927;643;948;554;1001;486;999;877;1076;792;1263;697;1345;684;1367;613;148;837
MA-0091-ZIgR1r2m_02.dw.png;MA-0091;30.67845;-6.293967;2020;desert;colony;Aglagane et al. 2022;478;707;522;702;613;883;626;765;652;566;795;884;912;954;871;905;971;827;903;780;982;704;996;615;1046;550;1050;930;1125;842;1308;755;1394;738;1418;673;202;883
MA-0091-ZIgR1r2m_03.dw.png;MA-0091;30.67845;-6.293967;2020;desert;colony;Aglagane et al. 2022;480;811;527;806;610;981;631;866;652;677;785;990;907;1059;865;1008;970;935;897;884;984;816;1006;728;1050;661;1047;1037;1120;960;1306;867;1397;854;1412;786;190;978
MA-0091-ZIgR1r2m_04.dw.png;MA-0091;30.67845;-6.293967;2020;desert;colony;Aglagane et al. 2022;490;734;535;730;616;922;640;793;676;612;819;933;920;1009;882;952;994;883;928;830;1013;761;1038;670;1088;600;1066;995;1159;906;1340;828;1427;817;1455;748;206;901
MA-0091-ZIgR1r2m_05.dw.png;MA-0091;30.67845;-6.293967;2020;desert;colony;Aglagane et al. 2022;480;787;525;780;621;959;633;835;654;649;815;964;917;1039;878;981;979;900;912;855;1002;780;1014;688;1060;617;1073;1008;1159;915;1335;823;1422;809;1442;739;206;968
MA-0091-ZIgR1r2m_06.dw.png;MA-0091;30.67845;-6.293967;2020;desert;colony;Aglagane et al. 2022;495;834;546;830;640;1014;650;884;676;694;835;1018;932;1090;895;1036;998;956;934;910;1016;835;1037;746;1086;673;1075;1069;1169;972;1350;882;1430;871;1456;806;219;1014
MA-0091-ZIgR1r2m_07.dw.png;MA-0091;30.67845;-6.293967;2020;desert;colony;Aglagane et al. 2022;505;775;551;767;647;949;661;821;669;630;851;948;959;1017;924;963;1033;877;948;828;1039;749;1048;660;1089;585;1110;981;1195;883;1366;784;1450;765;1469;695;231;971
MA-0091-ZIgR1r2m_08.dw.png;MA-0091;30.67845;-6.293967;2020;desert;colony;Aglagane et al. 2022;490;828;531;822;632;1000;625;874;654;690;808;1004;926;1072;883;1024;992;946;911;893;996;820;1013;726;1057;656;1064;1047;1137;960;1326;865;1409;853;1427;782;212;1014
MA-0091-ZIgR1r2m_09.dw.png;MA-0091;30.67845;-6.293967;2020;desert;colony;Aglagane et al. 2022;484;753;526;750;592;950;624;821;674;632;796;977;899;1058;866;1005;994;935;922;881;1011;809;1035;721;1088;653;1057;1051;1159;966;1340;898;1418;893;1453;825;178;903
MA-0091-ZIgR1r2m_10.dw.png;MA-0091;30.67845;-6.293967;2020;desert;colony;Aglagane et al. 2022;507;741;555;736;657;915;655;791;667;611;835;921;933;989;900;939;1007;859;929;808;1012;738;1028;653;1074;579;1081;965;1164;871;1337;782;1409;770;1428;700;226;923
MA-0092-ZIgR1r3m_01.dw.png;MA-0092;30.746233;-6.436647;2020;desert;colony;Aglagane et al. 2022;503;749;550;749;638;947;641;813;689;625;811;966;928;1041;907;995;1002;923;936;867;1031;795;1048;697;1091;627;1079;1032;1173;952;1365;867;1444;863;1485;794;183;900
MA-0092-ZIgR1r3m_02.dw.png;MA-0092;30.746233;-6.436647;2020;desert;colony;Aglagane et al. 2022;477;768;526;767;610;964;625;839;666;649;785;981;911;1062;870;1009;969;934;904;880;996;808;1021;716;1071;642;1055;1051;1156;962;1333;881;1425;875;1449;804;177;929
MA-0092-ZIgR1r3m_03.dw.png;MA-0092;30.746233;-6.436647;2020;desert;colony;Aglagane et al. 2022;434;722;491;716;584;907;591;775;610;576;780;912;895;981;862;934;970;849;880;799;975;717;979;615;1013;544;1062;951;1145;858;1329;759;1417;745;1428;670;132;920
MA-0092-ZIgR1r3m_04.dw.png;MA-0092;30.746233;-6.436647;2020;desert;colony;Aglagane et al. 2022;473;771;519;768;611;963;618;831;653;646;797;973;909;1052;879;1002;980;925;907;872;989;795;1002;705;1043;630;1058;1032;1146;948;1316;857;1395;846;1424;773;180;946
MA-0092-ZIgR1r3m_05.dw.png;MA-0092;30.746233;-6.436647;2020;desert;colony;Aglagane et al. 2022;533;872;582;871;661;1055;669;929;706;741;839;1067;960;1147;933;1098;1042;1022;957;967;1044;890;1059;799;1108;729;1095;1129;1185;1043;1378;956;1471;944;1483;871;226;1029
MA-0092-ZIgR1r3m_06.dw.png;MA-0092;30.746233;-6.436647;2020;desert;colony;Aglagane et al. 2022;440;741;502;740;580;930;587;796;624;619;766;940;875;1017;848;966;962;891;891;840;968;763;980;663;1028;590;1035;992;1122;903;1291;814;1388;801;1410;727;146;915
MA-0092-ZIgR1r3m_07.dw.png;MA-0092;30.746233;-6.436647;2020;desert;colony;Aglagane et al. 2022;447;780;498;779;604;983;607;855;657;655;797;1000;906;1082;885;1029;984;949;922;903;1009;826;1014;726;1064;654;1067;1068;1154;979;1343;889;1432;879;1451;807;136;944
MA-0092-ZIgR1r3m_08.dw.png;MA-0092;30.746233;-6.436647;2020;desert;colony;Aglagane et al. 2022;473;814;516;807;604;988;609;857;635;664;795;990;928;1060;890;1015;987;929;908;879;989;797;998;702;1045;631;1071;1036;1154;940;1338;844;1432;827;1454;756;166;988
MA-0092-ZIgR1r3m_09.dw.png;MA-0092;30.746233;-6.436647;2020;desert;colony;Aglagane et al. 2022;533;829;577;825;667;1016;679;886;711;694;857;1024;974;1097;942;1051;1040;964;965;915;1055;831;1067;738;1110;666;1135;1072;1217;984;1406;885;1492;873;1502;800;221;992
MA-0092-ZIgR1r3m_10.dw.png;MA-0092;30.746233;-6.436647;2020;desert;colony;Aglagane et al. 2022;440;815;490;809;589;1001;599;877;616;683;769;1010;887;1084;853;1034;964;961;885;906;976;831;980;733;1025;665;1040;1065;1132;979;1313;891;1401;882;1429;813;149;981
MA-0093-ZIgR1r4m_01.dw.png;MA-0093;30.746233;-6.436647;2020;desert;colony;Aglagane et al. 2022;473;787;527;784;609;969;641;849;651;649;804;978;928;1053;888;998;993;918;902;864;998;789;1016;702;1069;627;1071;1029;1161;934;1334;844;1421;833;1435;756;195;981
MA-0093-ZIgR1r4m_02.dw.png;MA-0093;30.746233;-6.436647;2020;desert;colony;Aglagane et al. 2022;389;636;441;633;550;825;569;706;576;500;740;835;853;913;817;857;924;779;833;729;928;652;941;557;985;482;993;893;1084;796;1262;708;1337;699;1356;621;122;826
MA-0093-ZIgR1r4m_03.dw.png;MA-0093;30.746233;-6.436647;2020;desert;colony;Aglagane et al. 2022;463;789;521;792;598;974;621;852;647;654;805;990;917;1067;873;1009;980;927;897;877;994;801;1008;711;1057;637;1061;1043;1149;946;1322;856;1406;845;1426;772;170;980
MA-0093-ZIgR1r4m_04.dw.png;MA-0093;30.746233;-6.436647;2020;desert;colony;Aglagane et al. 2022;490;775;552;774;642;975;662;847;681;644;834;993;951;1073;912;1021;1027;942;943;888;1037;810;1055;717;1103;642;1094;1058;1193;962;1369;881;1450;874;1478;797;202;958
MA-0093-ZIgR1r4m_05.dw.png;MA-0093;30.746233;-6.436647;2020;desert;colony;Aglagane et al. 2022;490;807;546;804;624;997;650;871;669;675;826;1007;950;1084;909;1032;1006;954;936;905;1023;827;1038;735;1084;660;1089;1065;1180;971;1355;884;1442;876;1454;797;214;990
MA-0093-ZIgR1r4m_06.dw.png;MA-0093;30.746233;-6.436647;2020;desert;colony;Aglagane et al. 2022;521;669;573;670;640;863;662;736;693;540;826;882;936;960;909;910;1020;840;943;784;1030;715;1052;625;1098;554;1083;951;1174;873;1359;788;1437;785;1449;711;221;847
MA-0093-ZIgR1r4m_07.dw.png;MA-0093;30.746233;-6.436647;2020;desert;colony;Aglagane et al. 2022;458;814;509;812;593;998;616;879;635;690;772;1008;886;1085;851;1031;959;960;892;919;981;843;992;753;1037;678;1025;1067;1118;980;1301;894;1377;888;1409;819;183;993
MA-0093-ZIgR1r4m_08.dw.png;MA-0093;30.746233;-6.436647;2020;desert;colony;Aglagane et al. 2022;490;733;543;731;632;930;648;803;678;605;811;947;919;1029;885;976;1008;905;933;847;1023;769;1045;680;1086;605;1066;1015;1155;930;1358;840;1444;836;1466;765;197;906
MA-0093-ZIgR1r4m_09.dw.png;MA-0093;30.746233;-6.436647;2020;desert;colony;Aglagane et al. 2022;459;728;517;728;603;926;626;797;636;597;795;938;897;1013;865;961;972;884;905;835;987;755;1008;665;1064;593;1052;992;1136;907;1318;818;1404;812;1411;736;180;910
MA-0093-ZIgR1r4m_10.dw.png;MA-0093;30.746233;-6.436647;2020;desert;colony;Aglagane et al. 2022;465;914;518;911;607;1092;618;968;633;777;791;1093;910;1161;873;1112;974;1035;897;988;988;911;998;819;1035;743;1048;1136;1135;1046;1309;952;1398;940;1419;867;185;1102
MA-0094-ZIgR1r5m_01.dw.png;MA-0094;30.746233;-6.436647;2020;desert;colony;Aglagane et al. 2022;468;824;523;816;621;1003;618;871;640;673;797;1009;906;1083;866;1029;979;949;908;895;999;819;1009;719;1048;646;1068;1058;1154;961;1353;863;1438;848;1452;779;171;1010
MA-0094-ZIgR1r5m_02.dw.png;MA-0094;30.746233;-6.436647;2020;desert;colony;Aglagane et al. 2022;437;796;493;796;586;991;597;865;624;663;774;1005;888;1082;853;1026;949;944;896;901;986;821;1002;719;1040;651;1050;1060;1138;975;1339;879;1416;870;1439;800;146;966
MA-0094-ZIgR1r5m_03.dw.png;MA-0094;30.746233;-6.436647;2020;desert;colony;Aglagane et al. 2022;492;753;535;749;636;934;648;808;672;609;817;939;939;1017;899;963;994;884;943;843;1026;758;1040;656;1083;584;1108;993;1193;901;1386;804;1474;792;1486;716;195;925
MA-0094-ZIgR1r5m_04.dw.png;MA-0094;30.746233;-6.436647;2020;desert;colony;Aglagane et al. 2022;438;743;493;741;593;933;606;811;621;598;765;943;877;1022;841;964;939;881;885;837;971;756;985;656;1031;583;1027;999;1118;905;1322;811;1392;802;1417;731;156;929
MA-0094-ZIgR1r5m_05.dw.png;MA-0094;30.746233;-6.436647;2020;desert;colony;Aglagane et al. 2022;396;792;452;787;533;982;552;848;572;652;723;988;849;1061;817;1009;918;927;851;879;939;801;958;699;994;629;1006;1036;1088;947;1302;847;1371;836;1398;770;112;978
MA-0094-ZIgR1r5m_06.dw.png;MA-0094;30.746233;-6.436647;2020;desert;colony;Aglagane et al. 2022;490;712;538;710;629;901;647;780;677;586;818;918;922;995;888;943;994;872;936;825;1019;749;1032;653;1079;583;1072;981;1166;898;1355;818;1435;811;1457;741;204;877
MA-0094-ZIgR1r5m_07.dw.png;MA-0094;30.746233;-6.436647;2020;desert;colony;Aglagane et al. 2022;415;733;470;728;558;913;570;792;604;590;741;927;857;1003;817;949;927;871;873;828;961;748;970;646;1021;571;1023;985;1113;894;1304;804;1392;792;1412;720;124;901
MA-0094-ZIgR1r5m_08.dw.png;MA-0094;30.746233;-6.436647;2020;desert;colony;Aglagane et al. 2022;457;750;514;746;599;940;626;814;637;610;788;948;916;1023;875;972;980;886;907;833;1003;756;1018;657;1059;585;1075;995;1155;905;1359;797;1436;786;1457;714;156;923
MA-0094-ZIgR1r5m_09.dw.png;MA-0094;30.746233;-6.436647;2020;desert;colony;Aglagane et al. 2022;471;729;522;726;622;918;628;789;650;584;802;929;926;1007;887;952;988;869;919;818;1010;741;1022;637;1066;569;1074;981;1164;888;1360;786;1437;777;1463;707;182;893
MA-0094-ZIgR1r5m_10.dw.png;MA-0094;30.746233;-6.436647;2020;desert;colony;Aglagane et al. 2022;475;750;526;744;642;936;635;804;648;600;814;934;934;1003;897;954;988;865;924;818;1012;731;1027;634;1064;558;1082;976;1170;874;1371;764;1444;749;1463;677;185;951
MA-0095-ZInR1r1m_01.dw.png;MA-0095;30.746233;-6.436647;2020;desert;colony;Aglagane et al. 2022;447;706;508;707;597;910;598;776;643;590;766;933;876;1019;839;961;948;895;889;842;986;773;1006;673;1056;600;1028;1011;1117;933;1313;847;1412;845;1434;773;151;857
MA-0095-ZInR1r1m_02.dw.png;MA-0095;30.746233;-6.436647;2020;desert;colony;Aglagane et al. 2022;456;777;512;775;601;958;616;837;635;646;785;966;906;1041;866;986;967;912;899;869;985;801;1000;703;1038;631;1059;1019;1144;940;1328;852;1411;847;1420;775;171;958
MA-0095-ZInR1r1m_03.dw.png;MA-0095;30.746233;-6.436647;2020;desert;colony;Aglagane et al. 2022;560;840;609;837;681;1018;693;889;713;712;862;1031;984;1100;953;1052;1064;967;989;918;1076;838;1083;746;1113;675;1140;1071;1222;983;1408;877;1481;867;1500;799;291;1034
MA-0095-ZInR1r1m_04.dw.png;MA-0095;30.746233;-6.436647;2020;desert;colony;Aglagane et al. 2022;497;695;540;691;635;868;627;739;661;556;827;871;953;939;914;891;1002;813;924;766;1013;686;1025;595;1062;517;1093;916;1171;831;1350;733;1429;721;1443;644;228;876
MA-0095-ZInR1r1m_05.dw.png;MA-0095;30.746233;-6.436647;2020;desert;colony;Aglagane et al. 2022;471;782;524;775;607;969;635;843;657;638;809;981;917;1053;878;1000;984;919;915;870;1006;791;1018;687;1066;619;1079;1026;1146;940;1347;838;1442;826;1452;751;189;963
MA-0095-ZInR1r1m_06.dw.png;MA-0095;30.746233;-6.436647;2020;desert;colony;Aglagane et al. 2022;461;778;518;774;614;954;613;825;638;637;805;959;922;1030;884;978;991;901;915;854;996;785;1009;694;1054;619;1067;1003;1144;922;1336;826;1423;818;1441;747;189;961
MA-0095-ZInR1r1m_07.dw.png;MA-0095;30.746233;-6.436647;2020;desert;colony;Aglagane et al. 2022;456;729;507;724;587;905;602;777;633;585;788;912;908;984;868;929;987;850;899;799;992;727;1001;631;1038;559;1060;957;1153;867;1342;771;1434;763;1437;687;175;920
MA-0095-ZInR1r1m_08.dw.png;MA-0095;30.746233;-6.436647;2020;desert;colony;Aglagane et al. 2022;463;701;510;690;610;887;631;760;650;554;805;903;909;973;870;923;983;843;908;790;1005;714;1016;608;1057;540;1067;952;1139;869;1346;770;1438;762;1452;685;185;883
MA-0095-ZInR1r1m_09.dw.png;MA-0095;30.746233;-6.436647;2020;desert;colony;Aglagane et al. 2022;470;749;524;748;628;942;613;808;657;623;808;954;926;1026;890;976;997;903;914;847;1004;777;1013;678;1054;600;1073;1010;1151;927;1356;836;1441;826;1459;753;180;927
MA-0095-ZInR1r1m_10.dw.png;MA-0095;30.746233;-6.436647;2020;desert;colony;Aglagane et al. 2022;507;787;550;782;627;963;657;842;682;644;839;976;951;1044;912;995;1026;917;951;867;1037;792;1047;699;1093;625;1101;1024;1188;937;1387;843;1477;836;1488;763;224;966
MA-0096-ZInR1r2m_01.dw.png;MA-0096;30.746233;-6.436647;2020;desert;colony;Aglagane et al. 2022;429;771;479;766;575;959;575;826;609;638;757;966;873;1039;831;988;955;908;872;852;958;779;974;687;1025;614;1036;1015;1125;927;1304;833;1413;823;1429;753;139;969
MA-0096-ZInR1r2m_02.dw.png;MA-0096;30.746233;-6.436647;2020;desert;colony;Aglagane et al. 2022;452;1099;501;1095;607;1285;603;1152;629;961;786;1283;902;1358;857;1305;982;1221;896;1172;982;1094;999;1002;1042;923;1069;1327;1151;1235;1334;1138;1435;1124;1453;1053;183;1298
MA-0096-ZInR1r2m_03.dw.png;MA-0096;30.746233;-6.436647;2020;desert;colony;Aglagane et al. 2022;541;727;588;723;686;913;686;782;710;590;872;919;981;992;941;939;1054;855;973;805;1064;729;1079;636;1120;562;1152;964;1237;873;1406;787;1512;778;1539;708;260;929
MA-0096-ZInR1r2m_04.dw.png;MA-0096;30.746233;-6.436647;2020;desert;colony;Aglagane et al. 2022;451;741;505;738;590;918;600;790;624;603;788;926;901;991;868;944;962;863;897;819;977;733;979;639;1018;565;1066;964;1148;877;1332;773;1403;765;1413;693;149;910
MA-0096-ZInR1r2m_05.dw.png;MA-0096;30.746233;-6.436647;2020;desert;colony;Aglagane et al. 2022;487;755;533;750;645;935;643;803;660;614;827;929;954;993;910;947;1020;855;933;808;1023;728;1031;634;1067;557;1117;958;1200;862;1376;754;1476;735;1485;659;211;971
MA-0096-ZInR1r2m_06.dw.png;MA-0096;30.746233;-6.436647;2020;desert;colony;Aglagane et al. 2022;490;741;538;736;613;925;633;796;658;606;798;934;912;1006;871;956;979;881;916;833;1005;759;1017;668;1060;597;1067;990;1161;906;1341;820;1421;811;1441;743;197;917
MA-0096-ZInR1r2m_07.dw.png;MA-0096;30.746233;-6.436647;2020;desert;colony;Aglagane et al. 2022;443;711;486;703;617;893;599;760;611;568;788;889;909;956;859;905;972;821;887;772;965;697;975;607;1009;529;1054;928;1150;827;1331;731;1413;721;1423;656;171;918
MA-0096-ZInR1r2m_08.dw.png;MA-0096;30.746233;-6.436647;2020;desert;colony;Aglagane et al. 2022;456;808;515;803;601;982;616;855;631;665;800;988;919;1049;880;1000;977;920;902;874;984;793;982;697;1025;620;1072;1020;1154;930;1331;824;1413;813;1413;741;171;986
MA-0096-ZInR1r2m_09.dw.png;MA-0096;30.746233;-6.436647;2020;desert;colony;Aglagane et al. 2022;482;716;534;712;611;900;643;782;658;579;796;920;917;998;882;947;987;868;924;821;1024;741;1043;646;1086;573;1074;983;1165;903;1362;813;1447;805;1465;732;189;879
MA-0096-ZInR1r2m_10.dw.png;MA-0096;30.746233;-6.436647;2020;desert;colony;Aglagane et al. 2022;451;720;504;717;587;906;584;768;616;588;783;915;885;986;844;934;955;850;873;799;966;729;985;636;1026;564;1055;961;1144;870;1311;786;1415;779;1440;711;166;915
MA-0097-ZInR1r3m_01.dw.png;MA-0097;30.746233;-6.436647;2020;desert;colony;Aglagane et al. 2022;435;772;483;768;568;951;567;816;611;639;761;961;876;1032;832;983;943;907;863;853;968;779;980;685;1016;609;1034;1013;1116;927;1313;832;1397;825;1428;755;139;952
MA-0097-ZInR1r3m_02.dw.png;MA-0097;30.746233;-6.436647;2020;desert;colony;Aglagane et al. 2022;468;736;521;731;606;913;613;777;641;602;798;913;914;985;873;930;974;852;894;804;997;728;1011;631;1047;554;1067;954;1146;869;1340;762;1432;751;1457;685;182;918
MA-0097-ZInR1r3m_03.dw.png;MA-0097;30.746233;-6.436647;2020;desert;colony;Aglagane et al. 2022;471;796;521;792;597;985;626;864;655;661;798;1005;897;1082;861;1024;965;951;909;901;1002;828;1018;731;1066;665;1054;1065;1144;981;1345;900;1440;896;1466;825;183;958
MA-0097-ZInR1r3m_04.dw.png;MA-0097;30.746233;-6.436647;2020;desert;colony;Aglagane et al. 2022;487;741;538;738;611;935;624;803;662;631;794;957;890;1047;863;985;985;923;897;862;1011;803;1030;712;1083;649;1053;1038;1137;955;1322;887;1432;888;1454;819;183;893
MA-0097-ZInR1r3m_05.dw.png;MA-0097;30.746233;-6.436647;2020;desert;colony;Aglagane et al. 2022;497;733;538;730;616;920;636;791;662;604;805;939;908;1014;873;959;982;888;911;830;1007;764;1025;671;1067;603;1060;998;1155;912;1341;828;1420;822;1444;755;192;901
MA-0097-ZInR1r3m_06.dw.png;MA-0097;30.746233;-6.436647;2020;desert;colony;Aglagane et al. 2022;455;753;493;749;598;934;587;806;623;614;791;947;888;1017;856;963;941;881;892;840;979;765;987;670;1023;599;1032;996;1117;908;1319;816;1409;811;1434;746;163;927
MA-0097-ZInR1r3m_07.dw.png;MA-0097;30.746233;-6.436647;2020;desert;colony;Aglagane et al. 2022;486;873;527;867;636;1060;650;934;660;731;820;1068;932;1139;897;1090;992;1009;925;960;1023;884;1043;791;1085;718;1081;1122;1170;1034;1352;944;1441;933;1465;865;185;1049
MA-0097-ZInR1r3m_08.dw.png;MA-0097;30.746233;-6.436647;2020;desert;colony;Aglagane et al. 2022;560;661;601;661;692;862;689;731;737;554;863;888;963;975;928;917;1055;854;967;786;1086;731;1098;632;1144;564;1115;965;1207;884;1402;806;1490;803;1524;734;253;809
MA-0097-ZInR1r3m_09.dw.png;MA-0097;30.746233;-6.436647;2020;desert;colony;Aglagane et al. 2022;465;810;503;805;611;990;610;862;621;660;795;988;931;1063;886;1008;1002;922;916;874;1002;790;1008;694;1052;612;1083;1031;1165;928;1351;821;1432;806;1452;732;161;988
MA-0097-ZInR1r3m_10.dw.png;MA-0097;30.746233;-6.436647;2020;desert;colony;Aglagane et al. 2022;454;755;492;750;596;939;604;818;614;629;773;952;883;1029;846;976;953;901;880;849;979;782;991;695;1023;619;1042;1011;1128;929;1312;848;1403;841;1430;775;156;929
MA-0098-ZInR1r4m_01.dw.png;MA-0098;30.746233;-6.436647;2020;desert;colony;Aglagane et al. 2022;456;813;507;809;613;1001;613;871;618;674;800;1005;914;1072;882;1024;984;939;904;895;989;814;994;717;1030;637;1068;1048;1154;955;1340;862;1435;845;1456;776;165;1000
MA-0098-ZInR1r4m_02.dw.png;MA-0098;30.746233;-6.436647;2020;desert;colony;Aglagane et al. 2022;471;751;509;746;589;936;613;813;632;615;780;947;894;1027;861;968;955;893;899;847;995;772;1002;675;1050;602;1044;1010;1135;920;1313;833;1413;826;1430;759;168;915
MA-0098-ZInR1r4m_03.dw.png;MA-0098;30.746233;-6.436647;2020;desert;colony;Aglagane et al. 2022;501;741;551;740;630;929;641;797;667;610;805;934;926;1015;882;963;980;884;924;842;1013;765;1031;675;1076;605;1066;1000;1154;913;1350;829;1436;822;1468;755;200;912
MA-0098-ZInR1r4m_04.dw.png;MA-0098;30.746233;-6.436647;2020;desert;colony;Aglagane et al. 2022;460;709;505;704;572;884;585;755;626;581;757;896;878;970;839;920;937;843;880;799;963;724;982;639;1030;569;1020;955;1103;872;1291;787;1388;777;1405;710;154;869
MA-0098-ZInR1r4m_05.dw.png;MA-0098;30.746233;-6.436647;2020;desert;colony;Aglagane et al. 2022;430;857;478;850;576;1025;575;900;578;709;765;1017;871;1084;827;1032;921;950;854;912;934;826;946;738;980;658;1011;1053;1093;959;1261;863;1360;843;1369;773;143;1053
MA-0098-ZInR1r4m_06.dw.png;MA-0098;30.746233;-6.436647;2020;desert;colony;Aglagane et al. 2022;420;749;466;744;536;920;565;804;587;615;732;930;850;1001;824;951;902;866;854;832;931;750;936;656;982;581;992;979;1077;886;1250;797;1341;783;1354;712;137;922
MA-0098-ZInR1r4m_07.dw.png;MA-0098;30.746233;-6.436647;2020;desert;colony;Aglagane et al. 2022;492;783;540;778;626;969;635;838;652;651;815;976;932;1054;897;997;992;920;926;874;1017;800;1033;711;1074;629;1076;1035;1173;944;1352;866;1449;855;1475;787;199;963
MA-0098-ZInR1r4m_08.dw.png;MA-0098;30.746233;-6.436647;2020;desert;colony;Aglagane et al. 2022;466;775;504;771;580;959;592;825;636;648;769;975;879;1056;839;1002;941;928;887;880;979;810;1000;721;1048;653;1014;1044;1102;962;1299;884;1408;879;1437;810;165;942
MA-0098-ZInR1r4m_09.dw.png;MA-0098;30.746233;-6.436647;2020;desert;colony;Aglagane et al. 2022;546;765;596;762;670;948;693;825;731;635;856;964;972;1039;945;993;1028;912;980;871;1063;791;1069;695;1113;627;1121;1028;1206;946;1390;861;1475;854;1500;781;243;913
MA-0098-ZInR1r4m_10.dw.png;MA-0098;30.746233;-6.436647;2020;desert;colony;Aglagane et al. 2022;475;791;515;787;598;974;618;850;638;658;784;992;899;1068;861;1015;954;938;899;892;985;813;1006;717;1050;642;1045;1051;1129;963;1306;877;1404;864;1433;794;153;951
MA-0099-ZInR1r5m_01.dw.png;MA-0099;30.746233;-6.436647;2020;desert;colony;Aglagane et al. 2022;510;837;556;835;645;1007;674;898;677;711;837;1017;948;1086;911;1034;1013;959;948;918;1029;843;1040;753;1074;678;1098;1061;1168;977;1358;882;1468;867;1476;803;211;1009
MA-0099-ZInR1r5m_02.dw.png;MA-0099;30.746233;-6.436647;2020;desert;colony;Aglagane et al. 2022;466;725;514;716;599;896;623;779;630;585;790;901;895;968;858;915;962;838;885;789;968;716;980;625;1018;556;1039;941;1113;853;1278;762;1377;749;1390;675;192;912
MA-0099-ZInR1r5m_03.dw.png;MA-0099;30.746233;-6.436647;2020;desert;colony;Aglagane et al. 2022;487;842;543;833;619;1012;645;898;659;712;824;1024;928;1094;892;1043;994;969;916;916;1003;845;1021;757;1067;685;1074;1070;1151;983;1331;896;1432;885;1452;814;199;1012
MA-0099-ZInR1r5m_04.dw.png;MA-0099;30.746233;-6.436647;2020;desert;colony;Aglagane et al. 2022;434;707;476;698;585;884;580;757;606;574;755;894;866;963;820;912;926;832;857;784;953;712;972;624;1021;547;997;947;1088;854;1278;762;1369;751;1379;678;151;883
MA-0099-ZInR1r5m_05.dw.png;MA-0099;30.746233;-6.436647;2020;desert;colony;Aglagane et al. 2022;492;738;544;736;624;920;640;794;676;602;815;929;922;998;883;949;994;872;928;820;1008;750;1018;649;1062;578;1079;976;1158;893;1354;795;1424;786;1438;713;202;908
MA-0099-ZInR1r5m_06.dw.png;MA-0099;30.746233;-6.436647;2020;desert;colony;Aglagane et al. 2022;463;776;524;770;604;949;625;828;643;633;805;954;919;1027;880;973;982;896;921;849;1006;775;1013;675;1055;597;1061;1005;1154;913;1342;813;1434;799;1457;734;168;954
MA-0099-ZInR1r5m_07.dw.png;MA-0099;30.746233;-6.436647;2020;desert;colony;Aglagane et al. 2022;432;745;483;742;565;916;589;796;609;615;761;916;879;979;842;935;943;849;865;808;958;730;967;641;1004;569;1022;953;1101;862;1274;759;1365;746;1388;683;156;929
MA-0099-ZInR1r5m_08.dw.png;MA-0099;30.746233;-6.436647;2020;desert;colony;Aglagane et al. 2022;458;734;502;732;588;908;609;794;630;613;770;918;882;985;842;940;936;861;875;820;966;750;982;666;1018;591;1028;968;1105;884;1287;793;1387;780;1402;715;170;905
MA-0099-ZInR1r5m_09.dw.png;MA-0099;30.746233;-6.436647;2020;desert;colony;Aglagane et al. 2022;475;786;534;786;606;968;616;845;659;665;796;982;905;1053;868;1000;972;922;913;881;997;806;1009;715;1048;644;1048;1034;1132;949;1321;859;1417;848;1432;778;165;934
MA-0099-ZInR1r5m_10.dw.png;MA-0099;30.746233;-6.436647;2020;desert;colony;Aglagane et al. 2022;441;736;490;731;575;906;587;787;607;610;783;912;887;976;849;925;953;845;891;806;967;728;977;641;1013;571;1054;946;1125;862;1296;772;1394;755;1411;687;141;912
MA-0100-ZTaR1r1m_01.dw.png;MA-0100;30.675;-6.396767;2020;desert;colony;Aglagane et al. 2022;441;684;500;683;565;876;601;745;631;549;768;887;904;964;854;910;957;828;887;778;988;705;1004;615;1043;535;1049;948;1142;858;1335;759;1418;751;1440;679;153;864
MA-0100-ZTaR1r1m_02.dw.png;MA-0100;30.675;-6.396767;2020;desert;colony;Aglagane et al. 2022;427;818;476;816;558;1019;582;884;620;687;765;1027;883;1094;851;1046;968;963;899;918;980;833;994;741;1031;666;1030;1077;1130;985;1311;886;1398;879;1412;809;134;1009
MA-0100-ZTaR1r1m_03.dw.png;MA-0100;30.675;-6.396767;2020;desert;colony;Aglagane et al. 2022;483;690;541;690;580;861;621;741;656;568;790;879;900;952;871;905;976;834;905;777;997;711;1011;625;1059;552;1062;939;1144;860;1333;768;1412;758;1435;692;183;849
MA-0100-ZTaR1r1m_04.dw.png;MA-0100;30.675;-6.396767;2020;desert;colony;Aglagane et al. 2022;456;703;516;699;616;897;602;748;645;557;800;895;917;968;873;915;980;828;904;775;994;695;1011;603;1060;522;1064;941;1159;843;1323;745;1423;731;1450;658;170;895
MA-0100-ZTaR1r1m_05.dw.png;MA-0100;30.675;-6.396767;2020;desert;colony;Aglagane et al. 2022;470;728;527;733;577;935;618;804;669;614;768;963;884;1048;854;992;970;922;914;867;1004;799;1031;711;1077;639;1030;1045;1139;963;1327;891;1418;888;1444;827;165;883
MA-0100-ZTaR1r1m_06.dw.png;MA-0100;30.675;-6.396767;2020;desert;colony;Aglagane et al. 2022;444;779;507;780;565;968;594;837;635;660;762;976;887;1053;844;1000;957;922;885;872;979;799;991;712;1033;634;1035;1035;1131;947;1320;854;1401;842;1415;768;144;954
MA-0100-ZTaR1r1m_07.dw.png;MA-0100;30.675;-6.396767;2020;desert;colony;Aglagane et al. 2022;492;644;543;644;611;836;640;709;681;518;808;845;922;918;888;867;998;787;936;743;1022;666;1040;571;1072;494;1072;898;1171;808;1341;712;1430;702;1445;634;200;828
MA-0100-ZTaR1r1m_08.dw.png;MA-0100;30.675;-6.396767;2020;desert;colony;Aglagane et al. 2022;493;695;553;690;601;876;647;746;691;559;827;881;953;948;919;898;1023;818;958;772;1042;695;1050;610;1086;535;1103;922;1182;837;1364;736;1459;719;1467;650;204;886
MA-0100-ZTaR1r1m_09.dw.png;MA-0100;30.675;-6.396767;2020;desert;colony;Aglagane et al. 2022;492;757;555;757;604;947;636;813;674;629;793;951;919;1032;878;978;993;903;928;852;1025;775;1045;680;1083;608;1096;1010;1186;929;1374;838;1468;829;1483;762;178;937
MA-0100-ZTaR1r1m_10.dw.png;MA-0100;30.675;-6.396767;2020;desert;colony;Aglagane et al. 2022;486;720;548;719;623;906;641;777;665;598;793;912;913;987;873;934;987;852;904;800;1006;729;1021;646;1064;568;1066;968;1161;874;1352;777;1432;767;1446;697;180;895
MA-0101-ZTaR1r2m_01.dw.png;MA-0101;30.675;-6.396767;2020;desert;colony;Aglagane et al. 2022;515;908;558;901;683;1085;667;961;682;767;845;1085;958;1161;917;1109;1035;1029;958;979;1037;896;1048;801;1088;726;1122;1133;1202;1038;1382;937;1469;922;1488;854;206;1099
MA-0101-ZTaR1r2m_02.dw.png;MA-0101;30.675;-6.396767;2020;desert;colony;Aglagane et al. 2022;447;792;493;791;596;985;601;864;624;670;759;993;867;1074;827;1015;941;947;869;896;959;819;977;729;1028;656;1014;1056;1110;971;1306;879;1399;874;1412;809;136;969
MA-0101-ZTaR1r2m_03.dw.png;MA-0101;30.675;-6.396767;2020;desert;colony;Aglagane et al. 2022;492;807;534;801;628;990;641;865;660;667;830;992;939;1072;898;1012;1007;935;946;889;1025;799;1038;702;1077;632;1086;1045;1180;952;1377;852;1463;837;1481;772;214;1014
MA-0101-ZTaR1r2m_04.dw.png;MA-0101;30.675;-6.396767;2020;desert;colony;Aglagane et al. 2022;404;717;452;712;560;910;567;785;600;590;753;925;859;1003;831;951;933;869;862;817;950;745;971;652;1033;577;1018;986;1112;901;1302;813;1397;802;1423;734;103;896
MA-0101-ZTaR1r2m_05.dw.png;MA-0101;30.675;-6.396767;2020;desert;colony;Aglagane et al. 2022;471;680;517;677;619;877;627;751;650;559;788;891;889;974;858;917;980;848;897;791;991;714;1008;617;1048;551;1039;959;1141;867;1334;781;1419;772;1436;705;195;867
MA-0101-ZTaR1r2m_06.dw.png;MA-0101;30.675;-6.396767;2020;desert;colony;Aglagane et al. 2022;434;738;482;734;580;930;572;798;621;615;744;941;850;1026;813;964;927;896;859;843;950;771;974;682;1021;598;1010;1012;1113;922;1299;842;1386;834;1409;767;124;905
MA-0101-ZTaR1r2m_07.dw.png;MA-0101;30.675;-6.396767;2020;desert;colony;Aglagane et al. 2022;467;750;509;746;609;935;604;803;635;627;780;940;895;1019;856;966;981;894;890;838;977;763;992;670;1036;601;1048;998;1136;906;1314;818;1397;808;1420;740;170;932
MA-0101-ZTaR1r2m_08.dw.png;MA-0101;30.675;-6.396767;2020;desert;colony;Aglagane et al. 2022;453;740;504;737;581;930;606;812;637;607;765;949;868;1041;834;979;962;917;876;854;975;782;998;688;1047;617;1031;1027;1117;942;1312;852;1401;845;1420;776;139;889
MA-0101-ZTaR1r2m_09.dw.png;MA-0101;30.675;-6.396767;2020;desert;colony;Aglagane et al. 2022;444;767;487;763;579;954;600;830;621;637;768;960;875;1041;834;981;938;910;878;864;972;779;984;682;1026;610;1031;1017;1115;935;1326;837;1409;828;1422;756;158;964
MA-0101-ZTaR1r2m_10.dw.png;MA-0101;30.675;-6.396767;2020;desert;colony;Aglagane et al. 2022;527;663;568;648;696;815;690;691;675;496;881;784;1006;837;951;789;1038;697;970;665;1043;561;1037;464;1064;386;1154;786;1220;683;1403;543;1480;516;1480;444;289;917
MA-0102-ZTaR1r3m_01.dw.png;MA-0102;30.675;-6.396767;2020;desert;colony;Aglagane et al. 2022;441;766;490;764;584;963;607;837;628;646;768;979;889;1055;848;1005;957;927;887;873;975;799;1002;700;1043;627;1048;1040;1136;958;1329;859;1409;850;1432;782;137;918
MA-0102-ZTaR1r3m_02.dw.png;MA-0102;30.675;-6.396767;2020;desert;colony;Aglagane et al. 2022;498;777;548;775;638;978;652;845;696;649;825;993;945;1071;916;1021;1026;939;950;883;1041;806;1054;712;1101;642;1105;1051;1198;959;1373;871;1462;860;1486;791;207;944
MA-0102-ZTaR1r3m_03.dw.png;MA-0102;30.675;-6.396767;2020;desert;colony;Aglagane et al. 2022;518;813;564;810;662;993;676;869;690;672;847;1000;957;1072;920;1020;1025;935;959;884;1037;810;1039;709;1074;634;1120;1046;1202;949;1376;857;1473;842;1487;776;217;997
MA-0102-ZTaR1r3m_04.dw.png;MA-0102;30.675;-6.396767;2020;desert;colony;Aglagane et al. 2022;510;670;556;666;667;859;678;731;682;532;864;871;979;940;939;893;1053;810;969;757;1048;684;1059;583;1098;506;1124;920;1211;831;1391;736;1474;726;1500;658;206;847
MA-0102-ZTaR1r3m_05.dw.png;MA-0102;30.675;-6.396767;2020;desert;colony;Aglagane et al. 2022;492;821;542;815;650;1015;650;879;677;675;824;1017;950;1089;919;1043;1016;951;959;905;1033;818;1048;723;1086;645;1106;1067;1188;971;1370;874;1470;859;1482;784;185;1002
MA-0102-ZTaR1r3m_06.dw.png;MA-0102;30.675;-6.396767;2020;desert;colony;Aglagane et al. 2022;500;743;534;740;641;934;655;806;662;605;808;946;933;1022;904;973;1030;891;948;834;1029;756;1043;656;1080;588;1089;1001;1180;908;1373;814;1458;802;1479;735;177;910
MA-0102-ZTaR1r3m_07.dw.png;MA-0102;30.675;-6.396767;2020;desert;colony;Aglagane et al. 2022;482;797;527;790;623;967;626;841;626;654;810;964;930;1028;896;982;999;891;931;850;1006;764;1013;671;1042;598;1080;1000;1159;910;1349;802;1426;785;1445;719;187;993
MA-0102-ZTaR1r3m_08.dw.png;MA-0102;30.675;-6.396767;2020;desert;colony;Aglagane et al. 2022;492;687;541;680;649;867;660;740;656;548;854;865;965;929;931;884;1023;796;955;749;1028;673;1037;574;1069;499;1108;902;1202;808;1372;713;1456;696;1474;628;206;889
MA-0102-ZTaR1r3m_09.dw.png;MA-0102;30.675;-6.396767;2020;desert;colony;Aglagane et al. 2022;490;748;539;745;626;950;638;809;677;610;825;958;933;1032;892;978;1005;896;932;845;1023;767;1047;673;1085;600;1084;1013;1176;922;1362;828;1445;817;1468;748;195;930
MA-0102-ZTaR1r3m_10.dw.png;MA-0102;30.675;-6.396767;2020;desert;colony;Aglagane et al. 2022;483;734;529;728;611;931;637;804;650;603;794;952;911;1032;878;979;991;900;924;848;1014;766;1038;670;1084;597;1060;1016;1159;926;1350;838;1441;834;1468;766;154;884
MA-0103-ZTaR2r1m_01.dw.png;MA-0103;30.8541;-5.83885;2020;desert;colony;Aglagane et al. 2022;458;735;510;728;599;918;613;786;641;588;791;916;918;983;873;932;975;847;902;801;992;725;996;629;1037;551;1064;956;1144;866;1316;772;1411;758;1439;687;178;920
MA-0103-ZTaR2r1m_02.dw.png;MA-0103;30.8541;-5.83885;2020;desert;colony;Aglagane et al. 2022;458;1004;504;998;606;1180;623;1065;629;864;800;1186;913;1256;873;1203;976;1129;911;1085;997;1013;999;918;1044;842;1046;1236;1134;1154;1336;1056;1423;1048;1442;978;154;1175
MA-0103-ZTaR2r1m_03.dw.png;MA-0103;30.8541;-5.83885;2020;desert;colony;Aglagane et al. 2022;473;738;521;735;645;925;636;795;643;592;827;922;958;988;907;939;1010;849;940;808;1029;723;1037;629;1076;554;1101;956;1188;865;1389;755;1471;745;1485;674;183;940
MA-0103-ZTaR2r1m_04.dw.png;MA-0103;30.8541;-5.83885;2020;desert;colony;Aglagane et al. 2022;466;750;524;747;619;928;623;804;638;608;801;929;931;996;894;946;975;868;916;826;1001;750;1016;663;1059;589;1062;975;1144;893;1332;796;1405;786;1432;715;200;939
MA-0103-ZTaR2r1m_05.dw.png;MA-0103;30.8541;-5.83885;2020;desert;colony;Aglagane et al. 2022;468;733;527;730;587;918;625;794;645;605;797;930;914;1004;871;954;970;867;902;820;994;751;1008;654;1054;585;1060;984;1140;896;1323;806;1418;799;1430;726;178;906
MA-0103-ZTaR2r1m_06.dw.png;MA-0103;30.8541;-5.83885;2020;desert;colony;Aglagane et al. 2022;465;681;521;682;596;881;621;751;662;557;798;895;911;975;873;922;984;848;918;797;1008;722;1030;625;1072;556;1064;962;1144;881;1359;794;1452;788;1479;721;163;847
MA-0103-ZTaR2r1m_07.dw.png;MA-0103;30.8541;-5.83885;2020;desert;colony;Aglagane et al. 2022;481;767;538;767;604;956;633;833;659;634;800;968;929;1044;882;990;978;912;916;864;1007;793;1025;694;1069;622;1070;1027;1157;942;1341;855;1443;846;1460;778;190;944
MA-0103-ZTaR2r1m_08.dw.png;MA-0103;30.8541;-5.83885;2020;desert;colony;Aglagane et al. 2022;495;793;550;794;642;985;651;861;677;665;812;998;925;1078;894;1024;1001;944;921;892;1022;815;1035;716;1093;644;1058;1059;1159;965;1354;883;1449;877;1480;809;194;969
MA-0103-ZTaR2r1m_09.dw.png;MA-0103;30.8541;-5.83885;2020;desert;colony;Aglagane et al. 2022;466;760;526;757;616;951;618;813;653;610;809;955;933;1024;892;976;999;891;930;841;1033;765;1042;668;1083;588;1089;1003;1174;913;1376;819;1463;809;1490;740;160;937
MA-0103-ZTaR2r1m_10.dw.png;MA-0103;30.8541;-5.83885;2020;desert;colony;Aglagane et al. 2022;473;804;527;801;630;991;635;860;648;665;813;995;925;1060;900;1014;994;926;912;882;1007;801;1018;700;1060;627;1063;1038;1161;937;1343;849;1430;838;1460;767;183;983
MA-0104-ZTaR2r2m_01.dw.png;MA-0104;30.8541;-5.83885;2020;desert;colony;Aglagane et al. 2022;484;712;533;706;624;889;642;770;663;576;812;896;928;968;892;918;985;840;941;799;1023;721;1038;622;1088;548;1100;948;1173;870;1372;773;1464;761;1484;688;195;898
MA-0104-ZTaR2r2m_02.dw.png;MA-0104;30.8541;-5.83885;2020;desert;colony;Aglagane et al. 2022;458;652;500;651;583;841;606;716;639;523;791;851;895;923;854;867;958;797;903;751;983;680;994;585;1035;518;1040;902;1127;817;1303;731;1394;724;1423;664;158;821
MA-0104-ZTaR2r2m_03.dw.png;MA-0104;30.8541;-5.83885;2020;desert;colony;Aglagane et al. 2022;496;894;543;891;626;1069;640;942;665;755;825;1066;933;1133;897;1084;999;1002;928;959;1006;881;1008;782;1053;717;1072;1105;1161;1011;1335;914;1420;901;1443;832;214;1082
MA-0104-ZTaR2r2m_04.dw.png;MA-0104;30.8541;-5.83885;2020;desert;colony;Aglagane et al. 2022;446;804;491;799;584;977;611;857;628;658;779;978;897;1049;857;999;967;917;884;869;964;790;974;699;1023;622;1039;1022;1125;925;1310;827;1394;816;1420;751;166;986
MA-0104-ZTaR2r2m_05.dw.png;MA-0104;30.8541;-5.83885;2020;desert;colony;Aglagane et al. 2022;568;661;613;661;696;847;703;726;737;551;864;865;975;939;941;893;1035;823;974;772;1066;707;1079;615;1129;554;1125;931;1197;860;1385;776;1464;770;1491;700;308;804
MA-0104-ZTaR2r2m_06.dw.png;MA-0104;30.8541;-5.83885;2020;desert;colony;Aglagane et al. 2022;483;724;526;722;616;906;628;779;655;594;806;908;911;980;876;929;990;852;917;809;1002;731;1008;636;1048;568;1069;954;1151;864;1334;778;1410;770;1435;700;183;903
MA-0104-ZTaR2r2m_07.dw.png;MA-0104;30.8541;-5.83885;2020;desert;colony;Aglagane et al. 2022;472;715;515;709;625;902;633;776;653;573;803;910;912;986;875;932;972;857;913;805;997;733;1012;634;1055;559;1067;966;1147;883;1342;794;1424;787;1456;712;173;888
MA-0104-ZTaR2r2m_08.dw.png;MA-0104;30.8541;-5.83885;2020;desert;colony;Aglagane et al. 2022;470;692;524;690;604;879;631;757;662;562;807;898;914;980;880;922;980;849;910;793;1013;724;1021;620;1067;552;1071;966;1170;876;1352;790;1423;787;1462;715;171;860
MA-0104-ZTaR2r2m_09.dw.png;MA-0104;30.8541;-5.83885;2020;desert;colony;Aglagane et al. 2022;514;787;561;786;642;971;665;846;686;658;851;976;958;1041;921;993;1020;913;956;877;1035;797;1038;700;1083;632;1105;1019;1188;927;1366;836;1447;826;1478;759;219;968
MA-0104-ZTaR2r2m_10.dw.png;MA-0104;30.8541;-5.83885;2020;desert;colony;Aglagane et al. 2022;476;718;524;715;607;913;637;789;674;588;800;930;922;1022;876;958;1001;888;928;830;1021;758;1035;660;1079;587;1081;1007;1176;912;1366;829;1449;825;1466;748;170;889
MA-0105-ZTaR2r3m_01.dw.png;MA-0105;30.8541;-5.83885;2020;desert;colony;Aglagane et al. 2022;510;843;558;839;640;1031;662;908;696;719;817;1041;941;1123;900;1065;1007;999;940;946;1033;877;1050;784;1085;711;1083;1107;1163;1023;1336;937;1435;928;1459;863;228;1010
MA-0105-ZTaR2r3m_02.dw.png;MA-0105;30.8541;-5.83885;2020;desert;colony;Aglagane et al. 2022;458;745;511;740;599;935;615;806;636;619;790;937;905;1007;861;954;961;874;886;828;980;758;997;675;1037;596;1055;983;1135;899;1302;810;1396;799;1421;730;183;935
MA-0105-ZTaR2r3m_03.dw.png;MA-0105;30.8541;-5.83885;2020;desert;colony;Aglagane et al. 2022;504;836;550;830;626;1029;645;891;688;706;820;1038;933;1118;893;1063;1003;984;928;931;1027;861;1050;768;1103;699;1077;1100;1173;1017;1354;927;1455;919;1478;848;217;1014
MA-0105-ZTaR2r3m_04.dw.png;MA-0105;30.8541;-5.83885;2020;desert;colony;Aglagane et al. 2022;504;837;556;830;645;1019;656;890;677;699;820;1024;950;1092;905;1044;1010;968;953;918;1042;847;1047;751;1085;675;1100;1075;1174;993;1369;900;1469;891;1495;821;214;1019
MA-0105-ZTaR2r3m_05.dw.png;MA-0105;30.8541;-5.83885;2020;desert;colony;Aglagane et al. 2022;454;717;504;713;592;906;608;777;650;595;773;913;897;995;851;938;951;857;889;807;980;737;1002;646;1055;574;1041;971;1118;885;1303;792;1395;785;1415;717;178;905
MA-0105-ZTaR2r3m_06.dw.png;MA-0105;30.8541;-5.83885;2020;desert;colony;Aglagane et al. 2022;514;794;553;788;627;971;640;838;676;661;824;985;948;1062;909;1012;999;929;931;876;1024;802;1045;715;1101;644;1096;1042;1184;954;1353;866;1451;857;1477;784;221;963
MA-0105-ZTaR2r3m_07.dw.png;MA-0105;30.8541;-5.83885;2020;desert;colony;Aglagane et al. 2022;471;700;522;692;618;871;622;744;636;561;802;872;928;945;892;895;991;809;918;766;996;685;1004;597;1043;516;1084;917;1150;830;1324;738;1416;724;1446;650;204;891
MA-0105-ZTaR2r3m_08.dw.png;MA-0105;30.8541;-5.83885;2020;desert;colony;Aglagane et al. 2022;453;741;497;738;582;928;614;808;640;614;770;942;885;1028;845;969;962;898;892;842;979;769;996;682;1052;607;1033;1009;1118;920;1303;834;1395;826;1421;751;160;915
MA-0105-ZTaR2r3m_09.dw.png;MA-0105;30.8541;-5.83885;2020;desert;colony;Aglagane et al. 2022;466;695;513;688;613;874;624;751;640;562;809;873;924;944;887;896;977;814;909;769;997;688;1004;600;1055;523;1064;923;1137;835;1331;737;1413;729;1442;658;190;891
MA-0105-ZTaR2r3m_10.dw.png;MA-0105;30.8541;-5.83885;2020;desert;colony;Aglagane et al. 2022;483;757;526;750;605;923;626;799;645;622;806;918;935;978;897;932;991;840;934;805;997;721;996;632;1035;557;1078;945;1151;854;1319;751;1411;734;1430;662;206;946
MA-0106-ZTaR2r4m_01.dw.png;MA-0106;30.8541;-5.83885;2020;desert;colony;Aglagane et al. 2022;444;770;495;762;606;940;614;813;602;620;794;930;913;993;876;946;960;861;889;821;967;734;980;646;1016;569;1063;960;1131;873;1296;776;1379;759;1401;684;199;978
MA-0106-ZTaR2r4m_02.dw.png;MA-0106;30.8541;-5.83885;2020;desert;colony;Aglagane et al. 2022;500;855;549;848;643;1018;659;903;655;715;843;1015;949;1080;922;1034;1006;949;950;911;1018;825;1013;733;1052;654;1108;1046;1159;968;1341;856;1447;838;1464;767;240;1038
MA-0106-ZTaR2r4m_03.dw.png;MA-0106;30.8541;-5.83885;2020;desert;colony;Aglagane et al. 2022;514;798;568;793;657;985;666;854;691;665;842;990;955;1065;910;1010;1025;932;936;877;1026;805;1037;712;1091;634;1106;1043;1190;947;1365;856;1445;845;1466;770;238;986
MA-0106-ZTaR2r4m_04.dw.png;MA-0106;30.8541;-5.83885;2020;desert;colony;Aglagane et al. 2022;417;763;475;750;587;940;588;810;589;615;765;935;883;1002;848;951;941;871;871;825;953;744;960;651;997;576;1038;971;1123;883;1281;791;1373;775;1394;708;163;966
MA-0106-ZTaR2r4m_05.dw.png;MA-0106;30.8541;-5.83885;2020;desert;colony;Aglagane et al. 2022;461;787;509;784;587;952;602;837;609;656;766;954;883;1022;854;975;945;900;871;853;948;780;967;694;1016;623;1026;1003;1096;922;1262;832;1366;823;1382;752;194;947
MA-0106-ZTaR2r4m_06.dw.png;MA-0106;30.8541;-5.83885;2020;desert;colony;Aglagane et al. 2022;476;828;521;825;615;1013;621;886;647;697;798;1026;911;1101;876;1049;973;972;898;923;991;847;1004;757;1056;680;1050;1085;1132;997;1312;911;1378;901;1410;832;206;1003
MA-0106-ZTaR2r4m_07.dw.png;MA-0106;30.8541;-5.83885;2020;desert;colony;Aglagane et al. 2022;464;714;515;713;603;905;610;777;647;592;774;920;895;999;865;947;967;874;891;819;982;754;996;661;1052;591;1047;985;1127;910;1295;828;1394;823;1424;756;171;877
MA-0106-ZTaR2r4m_08.dw.png;MA-0106;30.8541;-5.83885;2020;desert;colony;Aglagane et al. 2022;505;740;558;743;638;946;662;818;702;623;824;963;929;1042;897;988;1002;917;933;858;1023;789;1043;700;1110;627;1086;1029;1175;947;1357;864;1445;857;1464;781;228;905
MA-0106-ZTaR2r4m_09.dw.png;MA-0106;30.8541;-5.83885;2020;desert;colony;Aglagane et al. 2022;504;791;548;790;628;973;668;856;672;658;827;978;939;1046;909;1001;1006;920;934;873;1018;797;1028;707;1071;634;1090;1023;1173;941;1332;853;1420;841;1440;768;226;973
MA-0106-ZTaR2r4m_10.dw.png;MA-0106;30.8541;-5.83885;2020;desert;colony;Aglagane et al. 2022;496;811;551;809;636;1019;658;886;689;692;827;1037;942;1117;907;1065;1018;985;950;935;1038;858;1060;761;1106;692;1094;1104;1185;1022;1375;937;1449;931;1478;862;209;993
MA-0107-ZTiR1r1m_01.dw.png;MA-0107;30.8541;-5.83885;2020;desert;colony;Aglagane et al. 2022;474;808;522;801;614;978;620;855;645;674;791;976;911;1043;873;993;979;910;904;867;974;789;982;699;1025;632;1049;1014;1130;925;1304;827;1394;811;1410;742;192;1002
MA-0107-ZTiR1r1m_02.dw.png;MA-0107;30.8541;-5.83885;2020;desert;colony;Aglagane et al. 2022;465;800;521;797;604;975;628;860;632;671;802;981;911;1049;875;1000;982;923;907;879;979;807;992;716;1035;646;1036;1030;1127;942;1320;847;1389;833;1408;765;175;976
MA-0107-ZTiR1r1m_03.dw.png;MA-0107;30.8541;-5.83885;2020;desert;colony;Aglagane et al. 2022;536;767;589;763;691;951;686;821;720;632;868;960;979;1034;946;981;1050;901;977;853;1059;771;1072;685;1118;607;1119;1015;1209;925;1384;834;1478;820;1499;745;253;944
MA-0107-ZTiR1r1m_04.dw.png;MA-0107;30.8541;-5.83885;2020;desert;colony;Aglagane et al. 2022;461;726;520;725;620;908;614;779;636;590;800;911;914;981;884;931;977;849;917;808;994;728;1009;632;1048;559;1060;954;1142;871;1334;774;1420;761;1432;688;170;908
MA-0107-ZTiR1r1m_05.dw.png;MA-0107;30.8541;-5.83885;2020;desert;colony;Aglagane et al. 2022;475;857;512;850;590;1017;623;900;618;722;783;1017;900;1084;856;1034;964;957;887;913;970;833;982;741;1011;675;1048;1056;1125;973;1290;876;1370;862;1369;788;206;1046
MA-0107-ZTiR1r1m_06.dw.png;MA-0107;30.8541;-5.83885;2020;desert;colony;Aglagane et al. 2022;478;842;530;836;627;1017;621;886;645;702;805;1019;929;1089;895;1041;992;959;915;907;998;828;1014;736;1057;660;1061;1066;1155;975;1328;876;1427;858;1446;787;192;1022
MA-0107-ZTiR1r1m_07.dw.png;MA-0107;30.8541;-5.83885;2020;desert;colony;Aglagane et al. 2022;439;711;488;706;568;902;592;766;620;581;768;910;885;986;858;935;968;856;875;801;968;728;985;637;1030;565;1034;966;1128;875;1312;783;1399;771;1415;699;158;889
MA-0107-ZTiR1r1m_08.dw.png;MA-0107;30.8541;-5.83885;2020;desert;colony;Aglagane et al. 2022;513;836;572;830;659;1015;667;890;695;706;839;1024;957;1096;921;1046;1027;967;955;917;1034;842;1051;754;1100;678;1096;1077;1185;988;1351;896;1442;882;1454;827;224;1010
MA-0107-ZTiR1r1m_09.dw.png;MA-0107;30.8541;-5.83885;2020;desert;colony;Aglagane et al. 2022;485;758;531;754;619;943;636;820;664;637;805;959;922;1038;887;988;982;912;919;864;1003;792;1020;707;1076;637;1060;1024;1151;947;1340;865;1425;859;1446;793;200;929
MA-0107-ZTiR1r1m_10.dw.png;MA-0107;30.8541;-5.83885;2020;desert;colony;Aglagane et al. 2022;436;789;487;785;587;957;602;840;614;653;768;961;883;1036;849;983;952;908;868;856;958;786;979;696;1023;629;1022;1014;1120;924;1285;840;1382;827;1389;753;161;959
MA-0108-ZTiR1r2m_01.dw.png;MA-0108;30.8541;-5.83885;2020;desert;colony;Aglagane et al. 2022;515;765;563;756;663;948;696;830;700;622;842;964;938;1038;911;986;1026;912;961;862;1043;782;1055;683;1108;612;1108;1024;1188;942;1371;853;1470;847;1499;771;223;935
MA-0108-ZTiR1r2m_02.dw.png;MA-0108;30.8541;-5.83885;2020;desert;colony;Aglagane et al. 2022;477;805;529;799;647;998;650;874;663;669;814;1013;923;1087;883;1035;1001;956;929;907;1016;830;1032;727;1072;658;1077;1072;1175;985;1364;900;1454;894;1473;819;185;978
MA-0108-ZTiR1r2m_03.dw.png;MA-0108;30.8541;-5.83885;2020;desert;colony;Aglagane et al. 2022;474;845;524;843;618;1039;640;913;657;713;788;1058;895;1135;868;1085;993;1017;912;957;1004;885;1030;792;1074;719;1059;1127;1144;1046;1353;964;1438;960;1462;893;160;1002
MA-0108-ZTiR1r2m_04.dw.png;MA-0108;30.8541;-5.83885;2020;desert;colony;Aglagane et al. 2022;487;750;535;742;579;889;627;787;633;605;763;890;868;960;834;906;919;832;878;801;952;726;963;646;1013;578;1011;933;1080;852;1249;764;1352;751;1374;688;229;903
MA-0108-ZTiR1r2m_05.dw.png;MA-0108;30.8541;-5.83885;2020;desert;colony;Aglagane et al. 2022;435;775;481;768;594;957;594;832;601;634;754;963;873;1036;832;985;950;898;871;845;963;767;979;675;1025;605;1048;1009;1122;920;1307;825;1406;810;1417;738;131;958
MA-0108-ZTiR1r2m_06.dw.png;MA-0108;30.8541;-5.83885;2020;desert;colony;Aglagane et al. 2022;468;755;521;749;652;921;642;806;629;614;805;917;921;985;876;934;1002;847;917;801;997;725;1002;637;1038;561;1085;950;1163;858;1334;760;1422;744;1435;671;197;956
MA-0108-ZTiR1r2m_07.dw.png;MA-0108;30.8541;-5.83885;2020;desert;colony;Aglagane et al. 2022;470;665;525;659;643;843;657;726;640;520;817;852;921;922;888;871;1002;790;914;739;1001;659;1016;562;1060;484;1080;895;1163;803;1345;704;1425;692;1451;620;190;857
MA-0108-ZTiR1r2m_08.dw.png;MA-0108;30.8541;-5.83885;2020;desert;colony;Aglagane et al. 2022;490;799;539;792;675;974;673;853;663;649;839;971;954;1036;908;987;1018;896;950;859;1022;770;1028;666;1066;593;1114;1000;1195;908;1371;801;1462;785;1469;706;217;1000
MA-0108-ZTiR1r2m_09.dw.png;MA-0108;30.8541;-5.83885;2020;desert;colony;Aglagane et al. 2022;486;868;534;860;673;1043;669;925;656;716;829;1039;955;1107;900;1055;1015;971;929;929;1021;849;1025;746;1069;668;1109;1075;1187;983;1362;884;1457;866;1477;787;219;1061
MA-0108-ZTiR1r2m_10.dw.png;MA-0108;30.8541;-5.83885;2020;desert;colony;Aglagane et al. 2022;509;811;552;804;638;982;654;867;670;670;806;995;917;1072;878;1019;984;942;918;892;1008;823;1018;722;1054;653;1069;1050;1147;973;1335;884;1433;877;1462;809;207;995
MA-0109-ZTiR1r3m_01.dw.png;MA-0109;30.67819;-6.386156;2020;desert;colony;Aglagane et al. 2022;430;842;490;841;571;1025;596;900;613;712;754;1032;878;1111;844;1056;943;973;897;937;974;860;984;765;1028;692;1045;1090;1129;1003;1329;910;1408;900;1437;834;120;1026
MA-0109-ZTiR1r3m_02.dw.png;MA-0109;30.67819;-6.386156;2020;desert;colony;Aglagane et al. 2022;467;685;524;682;636;860;625;739;642;555;795;868;922;944;890;893;1001;821;921;774;1008;700;1017;605;1054;528;1079;925;1166;840;1358;749;1429;740;1451;666;190;864
MA-0109-ZTiR1r3m_03.dw.png;MA-0109;30.67819;-6.386156;2020;desert;colony;Aglagane et al. 2022;466;763;520;757;628;939;616;804;642;616;817;935;943;1007;902;956;1011;873;931;829;1008;745;1021;642;1059;569;1082;980;1173;889;1375;778;1452;765;1468;697;189;956
MA-0109-ZTiR1r3m_04.dw.png;MA-0109;30.67819;-6.386156;2020;desert;colony;Aglagane et al. 2022;507;768;565;768;601;928;656;824;670;653;800;953;911;1034;883;983;981;918;920;870;1006;798;1022;711;1060;639;1063;1025;1141;953;1335;878;1431;872;1464;808;241;913
MA-0109-ZTiR1r3m_05.dw.png;MA-0109;30.67819;-6.386156;2020;desert;colony;Aglagane et al. 2022;487;760;536;752;633;940;633;804;655;620;812;943;928;1017;897;966;1016;896;934;844;1014;771;1028;671;1063;602;1075;1002;1166;919;1367;831;1449;826;1469;759;190;929
MA-0109-ZTiR1r3m_06.dw.png;MA-0109;30.67819;-6.386156;2020;desert;colony;Aglagane et al. 2022;458;683;514;677;613;855;606;733;628;551;793;860;909;932;885;884;992;813;914;761;999;689;1002;595;1035;526;1055;917;1149;833;1355;738;1423;730;1438;657;161;850
MA-0109-ZTiR1r3m_07.dw.png;MA-0109;30.67819;-6.386156;2020;desert;colony;Aglagane et al. 2022;495;759;548;756;614;937;636;814;681;632;813;952;922;1026;895;975;998;902;933;854;1025;786;1038;692;1072;627;1081;1013;1157;932;1354;850;1466;840;1488;775;194;920
MA-0109-ZTiR1r3m_08.dw.png;MA-0109;30.67819;-6.386156;2020;desert;colony;Aglagane et al. 2022;475;678;534;678;631;866;628;738;660;556;793;877;921;959;894;905;991;833;916;782;1013;711;1021;614;1060;537;1080;944;1170;862;1372;768;1436;761;1455;688;194;850
MA-0109-ZTiR1r3m_09.dw.png;MA-0109;30.67819;-6.386156;2020;desert;colony;Aglagane et al. 2022;426;769;479;761;597;945;586;809;604;614;787;945;910;1015;871;964;974;875;900;830;979;745;987;641;1023;559;1064;982;1148;890;1328;784;1413;767;1438;692;141;966
MA-0109-ZTiR1r3m_10.dw.png;MA-0109;30.67819;-6.386156;2020;desert;colony;Aglagane et al. 2022;444;743;490;738;583;925;593;796;616;605;771;932;886;1009;854;958;967;880;907;832;985;755;992;654;1022;572;1035;992;1132;905;1342;807;1411;798;1438;726;146;917
MA-0110-ZTiR1r4m_01.dw.png;MA-0110;30.67819;-6.386156;2020;desert;colony;Aglagane et al. 2022;476;868;526;862;641;1044;636;920;649;727;802;1039;925;1106;890;1055;1002;975;923;931;997;854;1007;761;1050;685;1066;1078;1161;988;1345;889;1444;877;1474;810;200;1058
MA-0110-ZTiR1r4m_02.dw.png;MA-0110;30.67819;-6.386156;2020;desert;colony;Aglagane et al. 2022;480;777;535;772;614;959;647;839;657;651;791;963;919;1040;880;990;991;905;922;860;1005;782;1013;683;1049;611;1063;1015;1150;924;1336;822;1425;808;1448;737;187;958
MA-0110-ZTiR1r4m_03.dw.png;MA-0110;30.67819;-6.386156;2020;desert;colony;Aglagane et al. 2022;461;859;516;856;606;1042;615;922;640;731;780;1052;909;1133;870;1078;976;1007;911;958;991;881;1006;792;1046;726;1047;1121;1140;1043;1320;951;1411;942;1431;874;170;1015
MA-0110-ZTiR1r4m_04.dw.png;MA-0110;30.67819;-6.386156;2020;desert;colony;Aglagane et al. 2022;459;765;513;762;585;949;604;823;643;636;792;962;912;1034;876;983;980;903;895;853;984;779;997;683;1026;612;1042;1019;1150;929;1340;833;1439;823;1459;756;158;940
MA-0110-ZTiR1r4m_05.dw.png;MA-0110;30.67819;-6.386156;2020;desert;colony;Aglagane et al. 2022;453;795;514;792;589;969;615;848;647;656;785;970;914;1036;878;990;974;910;911;869;986;789;994;699;1031;627;1058;1014;1149;925;1311;837;1416;823;1427;753;192;973
MA-0110-ZTiR1r4m_06.dw.png;MA-0110;30.67819;-6.386156;2020;desert;colony;Aglagane et al. 2022;488;760;540;755;640;923;645;811;662;634;798;921;934;991;894;942;984;874;920;830;1006;761;1017;675;1054;600;1066;968;1149;888;1326;804;1425;790;1435;724;211;923
MA-0110-ZTiR1r4m_07.dw.png;MA-0110;30.67819;-6.386156;2020;desert;colony;Aglagane et al. 2022;565;763;618;762;704;956;722;830;764;643;887;969;1018;1051;975;998;1084;925;1016;872;1110;802;1127;712;1168;639;1153;1046;1256;961;1449;881;1532;877;1558;810;260;930
MA-0110-ZTiR1r4m_08.dw.png;MA-0110;30.67819;-6.386156;2020;desert;colony;Aglagane et al. 2022;466;751;517;750;592;925;616;813;659;628;790;947;907;1026;868;971;975;895;905;848;990;782;1009;690;1037;617;1049;1011;1149;927;1326;846;1432;837;1444;770;173;908
MA-0110-ZTiR1r4m_09.dw.png;MA-0110;30.67819;-6.386156;2020;desert;colony;Aglagane et al. 2022;469;760;531;759;615;944;617;811;665;629;808;949;941;1022;895;970;1003;888;932;845;1017;766;1026;673;1065;600;1081;1000;1183;906;1364;814;1444;807;1471;737;187;939
MA-0110-ZTiR1r4m_10.dw.png;MA-0110;30.67819;-6.386156;2020;desert;colony;Aglagane et al. 2022;432;797;488;794;581;980;581;849;630;668;757;986;888;1062;846;1009;951;926;888;883;974;806;984;716;1020;642;1042;1041;1140;950;1313;860;1413;847;1427;782;160;978
MA-0111-BK01-000810-L.dw.png;MA-0111;32.242948;-6.640778;2023;Mediterranean;flower;New material;194;174;211;172;246;251;252;198;265;117;326;255;376;291;365;267;405;233;376;212;415;179;421;140;437;106;446;282;483;246;566;205;602;201;608;169;65;254
MA-0111-BK01-000810-R.dw.png;MA-0111;32.242948;-6.640778;2023;Mediterranean;flower;New material;187;184;202;178;258;246;249;195;245;113;330;235;389;260;370;239;405;197;374;183;404;143;401;101;410;66;455;236;481;195;555;137;592;124;593;92;77;283
MA-0111-BK01-000811-L.dw.png;MA-0111;32.242948;-6.640778;2023;Mediterranean;flower;New material;174;185;195;178;255;249;248;195;239;109;338;233;395;252;377;234;405;190;375;177;403;135;399;93;406;57;456;227;481;184;554;124;591;110;591;77;75;290
MA-0111-BK01-000811-R.dw.png;MA-0111;32.242948;-6.640778;2023;Mediterranean;flower;New material;172;175;193;170;246;246;244;192;245;107;328;238;385;262;368;242;394;199;375;188;405;148;404;107;415;71;446;243;476;203;552;150;594;139;594;105;61;270
MA-0111-BK01-000812-L.dw.png;MA-0111;32.242948;-6.640778;2023;Mediterranean;flower;New material;195;171;218;168;261;248;264;194;273;111;332;249;384;281;369;259;416;225;382;207;417;169;423;130;439;97;451;271;489;233;565;192;596;186;602;155;73;249
MA-0111-BK01-000812-R.dw.png;MA-0111;32.242948;-6.640778;2023;Mediterranean;flower;New material;207;171;226;170;266;247;270;194;283;111;340;249;390;278;380;260;423;227;391;209;428;170;432;131;446;99;462;269;500;233;576;193;610;189;616;158;82;246
MA-0111-BK01-000813-L.dw.png;MA-0111;32.242948;-6.640778;2023;Mediterranean;flower;New material;200;179;218;178;265;259;264;204;274;118;339;262;390;293;376;271;420;236;390;218;431;180;433;141;445;106;451;286;487;246;571;203;603;199;613;168;83;260
MA-0111-BK01-000813-R.dw.png;MA-0111;32.242948;-6.640778;2023;Mediterranean;flower;New material;201;176;220;176;264;258;267;203;279;118;341;261;388;289;376;271;421;236;390;216;432;182;435;142;450;107;457;282;491;247;572;206;608;201;618;169;83;257
MA-0111-BK01-000814-L.dw.png;MA-0111;32.242948;-6.640778;2023;Mediterranean;flower;New material;194;169;219;167;258;246;256;190;273;113;337;247;385;276;370;256;404;223;382;206;418;173;424;134;442;102;442;270;477;234;553;195;590;190;596;159;86;248
MA-0111-BK01-000814-R.dw.png;MA-0111;32.242948;-6.640778;2023;Mediterranean;flower;New material;193;169;217;168;258;246;261;192;274;114;338;248;385;278;372;257;401;224;383;209;418;173;424;136;441;104;444;271;478;235;552;197;592;193;598;162;84;248
MA-0111-BK01-000815-L.dw.png;MA-0111;32.242948;-6.640778;2023;Mediterranean;flower;New material;177;170;196;165;250;238;245;184;244;101;326;230;375;253;358;233;389;194;367;180;392;142;391;105;404;72;436;234;459;195;532;144;569;134;573;104;78;267
MA-0111-BK01-000815-R.dw.png;MA-0111;32.242948;-6.640778;2023;Mediterranean;flower;New material;186;163;208;162;245;240;258;188;262;104;329;243;373;272;358;250;396;216;375;201;403;166;408;127;428;98;435;263;463;227;540;188;579;183;587;154;74;245
MA-0111-BK01-000816-L.dw.png;MA-0111;32.242948;-6.640778;2023;Mediterranean;flower;New material;203;172;221;170;261;252;270;197;278;112;348;254;390;278;379;261;420;226;391;209;430;172;432;135;448;101;459;267;492;232;566;194;604;191;613;160;87;254
MA-0111-BK01-000816-R.dw.png;MA-0111;32.242948;-6.640778;2023;Mediterranean;flower;New material;204;172;223;170;264;251;270;196;283;112;347;253;394;281;382;262;421;227;393;210;433;174;435;138;452;103;460;272;493;235;568;197;606;194;616;164;85;253
MA-0111-BK01-000817-L.dw.png;MA-0111;32.242948;-6.640778;2023;Mediterranean;flower;New material;198;184;215;182;270;264;265;209;277;120;343;266;388;292;376;274;425;241;388;221;429;184;431;141;447;105;460;283;491;249;577;207;613;203;619;170;79;266
MA-0111-BK01-000817-R.dw.png;MA-0111;32.242948;-6.640778;2023;Mediterranean;flower;New material;200;182;219;179;271;260;270;206;278;117;344;261;393;288;381;270;427;237;393;217;432;181;432;138;449;101;466;278;494;245;582;203;618;199;625;166;86;266
MA-0111-BK01-000818-L.dw.png;MA-0111;32.242948;-6.640778;2023;Mediterranean;flower;New material;195;176;216;174;257;255;264;199;276;115;338;257;390;285;375;266;412;231;387;212;422;176;429;135;447;103;450;278;486;242;570;198;605;195;609;161;77;252
MA-0111-BK01-000818-R.dw.png;MA-0111;32.242948;-6.640778;2023;Mediterranean;flower;New material;200;176;222;175;260;257;267;201;281;117;339;259;392;286;379;269;417;235;390;217;429;180;434;141;451;106;456;279;492;245;573;205;609;202;617;169;81;251
MA-0112-BK02-000819-L.dw.png;MA-0112;32.70703;-4.519173;2023;desert;flower;New material;206;182;224;180;267;256;272;208;280;123;343;262;395;296;378;272;418;236;397;220;434;183;437;144;455;109;459;288;495;249;580;210;616;204;624;173;78;251
MA-0112-BK02-000819-R.dw.png;MA-0112;32.70703;-4.519173;2023;desert;flower;New material;208;179;227;179;268;254;275;207;279;121;344;260;395;295;378;270;422;236;400;219;434;181;436;143;455;109;459;287;494;248;580;207;614;204;624;172;78;248
MA-0112-BK02-000820-L.dw.png;MA-0112;32.70703;-4.519173;2023;desert;flower;New material;192;176;210;173;250;249;259;199;264;117;325;251;374;283;358;261;409;229;373;207;407;173;410;135;429;102;436;273;471;235;551;197;591;194;601;164;79;257
MA-0112-BK02-000820-R.dw.png;MA-0112;32.70703;-4.519173;2023;desert;flower;New material;190;172;208;170;249;248;261;198;264;115;326;250;374;283;356;259;407;228;376;206;411;174;413;135;433;100;436;273;471;235;553;196;594;193;605;162;74;253
MA-0112-BK02-000821-L.dw.png;MA-0112;32.70703;-4.519173;2023;desert;flower;New material;198;169;216;167;251;246;258;197;272;114;327;253;376;287;362;264;405;232;376;211;415;179;418;138;435;108;441;277;474;241;553;205;593;200;602;171;75;237
MA-0112-BK02-000821-R.dw.png;MA-0112;32.70703;-4.519173;2023;desert;flower;New material;196;173;214;171;250;250;256;199;268;116;329;255;375;288;362;265;404;231;379;212;412;179;415;138;431;106;440;277;477;239;550;203;589;197;597;167;77;245
MA-0112-BK02-000822-L.dw.png;MA-0112;32.70703;-4.519173;2023;desert;flower;New material;209;179;226;177;270;258;277;207;290;118;350;261;396;294;382;270;429;237;403;217;438;179;441;138;458;107;463;286;504;248;588;207;620;203;628;170;82;252
MA-0112-BK02-000822-R.dw.png;MA-0112;32.70703;-4.519173;2023;desert;flower;New material;206;179;227;176;269;256;275;204;289;116;346;260;392;294;377;269;422;234;398;216;435;178;438;137;458;106;459;285;501;246;586;205;616;202;627;170;80;251
MA-0112-BK02-000823-L.dw.png;MA-0112;32.70703;-4.519173;2023;desert;flower;New material;191;197;208;188;270;251;260;201;245;119;347;235;402;256;383;237;417;195;378;183;408;143;402;102;412;67;462;232;486;188;559;131;588;121;591;90;90;297
MA-0112-BK02-000823-R.dw.png;MA-0112;32.70703;-4.519173;2023;desert;flower;New material;188;192;206;184;269;247;257;198;244;116;338;232;395;253;378;234;414;191;375;180;403;141;397;100;407;64;458;229;482;186;550;128;583;116;585;85;87;294
MA-0112-BK02-000824-L.dw.png;MA-0112;32.70703;-4.519173;2023;desert;flower;New material;202;176;222;175;262;254;270;203;283;116;342;255;398;289;385;267;427;232;399;213;435;182;440;142;457;106;463;279;498;240;576;203;613;200;617;166;77;251
MA-0112-BK02-000824-R.dw.png;MA-0112;32.70703;-4.519173;2023;desert;flower;New material;203;178;224;177;268;257;271;206;283;119;345;258;400;292;385;269;428;234;399;215;437;183;439;142;456;107;465;281;498;242;575;204;614;200;619;166;81;254
MA-0112-BK02-000825-L.dw.png;MA-0112;32.70703;-4.519173;2023;desert;flower;New material;212;171;230;169;280;251;277;196;287;113;349;253;399;288;381;263;429;230;401;211;437;177;441;134;458;103;465;279;506;239;588;201;618;198;627;167;87;247
MA-0112-BK02-000825-R.dw.png;MA-0112;32.70703;-4.519173;2023;desert;flower;New material;211;171;230;169;278;250;280;197;284;112;349;251;401;284;384;260;431;227;402;208;438;173;439;131;455;100;469;275;508;234;589;195;619;192;629;160;90;250
MA-0112-BK02-000826-L.dw.png;MA-0112;32.70703;-4.519173;2023;desert;flower;New material;177;172;198;170;245;248;241;194;251;111;319;249;368;280;350;256;394;224;365;205;400;172;403;134;422;102;432;270;467;233;542;196;581;192;592;161;59;251
MA-0112-BK02-000826-R.dw.png;MA-0112;32.70703;-4.519173;2023;desert;flower;New material;183;170;204;168;252;245;249;192;257;109;322;246;373;278;355;254;400;222;364;202;406;171;408;134;428;100;438;269;473;232;549;194;587;189;597;158;65;248
MA-0112-BK02-000827-L.dw.png;MA-0112;32.70703;-4.519173;2023;desert;flower;New material;210;176;230;174;266;257;275;200;288;119;350;260;398;293;383;269;426;234;400;215;435;182;439;139;460;107;465;281;501;245;581;205;618;201;630;171;79;252
MA-0112-BK02-000827-R.dw.png;MA-0112;32.70703;-4.519173;2023;desert;flower;New material;214;179;234;178;271;260;276;202;292;121;356;264;400;297;386;273;431;239;404;218;439;185;442;144;462;111;467;285;507;248;584;210;623;206;630;175;81;257
MA-0112-BK02-000828-L.dw.png;MA-0112;32.70703;-4.519173;2023;desert;flower;New material;201;175;220;171;258;250;268;198;280;113;343;250;395;283;379;258;414;223;392;207;424;172;424;131;444;103;462;270;493;233;561;194;597;190;602;157;85;259
MA-0112-BK02-000828-R.dw.png;MA-0112;32.70703;-4.519173;2023;desert;flower;New material;198;176;221;173;256;252;268;200;278;115;342;252;393;285;378;261;414;225;390;209;424;174;423;133;441;105;461;273;491;236;560;197;598;192;603;161;86;263
MA-0112-BK02-000829-L.dw.png;MA-0112;32.70703;-4.519173;2023;desert;flower;New material;201;170;221;168;259;243;266;192;274;111;338;245;391;276;377;255;415;219;388;203;422;168;428;131;440;98;453;266;482;231;565;187;601;184;608;154;79;250
MA-0112-BK02-000829-R.dw.png;MA-0112;32.70703;-4.519173;2023;desert;flower;New material;204;171;225;169;267;246;269;193;278;113;341;247;394;278;380;257;420;223;392;204;427;172;431;136;444;101;456;269;487;234;568;194;604;190;612;162;83;252
MA-0112-BK02-000830-L.dw.png;MA-0112;32.70703;-4.519173;2023;desert;flower;New material;211;177;230;175;272;255;280;203;286;115;350;256;403;290;386;267;432;233;405;213;437;177;436;133;453;102;464;280;503;241;584;198;618;195;631;163;87;262
MA-0112-BK02-000830-R.dw.png;MA-0112;32.70703;-4.519173;2023;desert;flower;New material;209;178;230;175;273;256;278;202;284;115;348;255;404;289;388;265;434;231;403;213;435;175;435;132;453;101;465;279;503;240;587;197;619;192;630;160;86;265
MA-0112-BK02-000831-L.dw.png;MA-0112;32.70703;-4.519173;2023;desert;flower;New material;211;178;232;176;273;254;277;201;286;119;354;257;397;288;384;266;423;231;396;210;434;178;440;138;456;104;468;277;499;242;583;198;615;195;624;164;83;257
MA-0112-BK02-000831-R.dw.png;MA-0112;32.70703;-4.519173;2023;desert;flower;New material;210;179;229;176;272;257;276;202;284;121;355;259;396;291;385;267;425;233;398;214;433;180;438;141;454;106;464;280;499;243;579;202;614;199;623;169;81;257
MA-0112-BK02-000832-L.dw.png;MA-0112;32.70703;-4.519173;2023;desert;flower;New material;194;171;218;170;257;243;259;193;265;113;338;246;386;276;373;254;416;221;379;201;417;169;420;133;438;100;448;266;484;229;551;190;588;186;599;154;79;247
MA-0112-BK02-000832-R.dw.png;MA-0112;32.70703;-4.519173;2023;desert;flower;New material;195;171;213;170;252;244;262;197;266;115;333;249;383;281;369;258;413;224;383;206;419;172;421;134;438;101;447;270;481;233;552;194;589;189;601;158;78;247
MA-0113-CS01-000783-L.dw.png;MA-0113;33.540947;-7.769566;2023;Mediterranean;flower;New material;196;174;215;172;255;250;264;201;274;114;343;256;390;287;377;266;418;233;389;215;424;177;429;136;449;103;454;279;491;242;565;201;600;198;610;164;77;247
MA-0113-CS01-000783-R.dw.png;MA-0113;33.540947;-7.769566;2023;Mediterranean;flower;New material;192;178;212;174;257;254;264;202;271;116;347;260;390;291;379;268;416;234;390;216;424;178;428;135;448;102;453;282;491;244;569;200;602;198;613;164;75;254
MA-0113-CS01-000784-R.dw.png;MA-0113;33.540947;-7.769566;2023;Mediterranean;flower;New material;183;163;202;160;243;236;255;188;257;105;320;237;370;269;358;246;399;212;375;196;408;162;412;123;428;97;439;258;467;222;547;184;579;180;585;150;69;242
MA-0113-CS01-000786-R.dw.png;MA-0113;33.540947;-7.769566;2023;Mediterranean;flower;New material;205;171;223;169;262;247;266;194;281;112;339;251;389;282;373;258;406;223;389;209;425;174;431;133;449;101;448;272;479;237;562;194;599;189;610;159;82;246
MA-0113-CS01-000788-L.dw.png;MA-0113;33.540947;-7.769566;2023;Mediterranean;flower;New material;178;129;197;127;237;200;246;152;255;59;309;201;363;232;350;210;390;175;366;159;399;126;404;89;422;60;425;223;461;186;539;149;573;145;579;115;56;202
MA-0113-CS01-000788-R.dw.png;MA-0113;33.540947;-7.769566;2023;Mediterranean;flower;New material;159;178;178;172;231;234;230;186;218;107;302;220;363;239;344;220;378;177;350;167;373;130;369;91;379;60;425;213;447;171;514;119;544;108;546;76;58;279
MA-0113-CS01-000789-R.dw.png;MA-0113;33.540947;-7.769566;2023;Mediterranean;flower;New material;192;178;211;177;253;250;251;198;272;118;328;253;385;285;370;263;406;228;381;212;418;177;420;140;443;105;446;276;479;238;562;198;601;195;615;164;71;252
MA-0113-CS01-000790-L.dw.png;MA-0113;33.540947;-7.769566;2023;Mediterranean;flower;New material;186;175;208;172;256;255;261;205;267;120;332;256;382;290;368;268;407;234;375;215;415;181;415;136;433;104;442;281;480;241;558;201;593;196;605;162;67;253
MA-0113-CS01-000790-R.dw.png;MA-0113;33.540947;-7.769566;2023;Mediterranean;flower;New material;197;176;219;174;268;256;271;204;279;120;347;258;396;290;383;267;421;233;388;214;430;180;429;135;445;103;457;280;496;240;571;200;606;195;621;161;81;258
MA-0113-CS01-000791-R.dw.png;MA-0113;33.540947;-7.769566;2023;Mediterranean;flower;New material;196;173;219;171;241;249;261;196;273;114;333;253;381;287;365;262;408;227;385;209;420;176;424;134;441;103;446;276;483;237;562;196;591;194;597;160;76;247
MA-0113-CS01-000792-R.dw.png;MA-0113;33.540947;-7.769566;2023;Mediterranean;flower;New material;203;176;223;175;266;254;268;201;275;119;339;259;388;292;374;270;423;236;394;218;430;180;439;139;458;108;460;282;490;249;572;203;615;198;620;162;70;247
MA-0113-CS01-000793-R.dw.png;MA-0113;33.540947;-7.769566;2023;Mediterranean;flower;New material;191;192;209;186;256;249;255;198;247;119;328;235;388;258;367;239;399;195;366;181;399;142;394;103;409;66;450;233;476;188;541;133;582;119;585;86;88;297
MA-0113-CS01-000794-R.dw.png;MA-0113;33.540947;-7.769566;2023;Mediterranean;flower;New material;177;173;196;168;253;232;245;186;238;105;323;219;381;240;359;220;396;179;368;168;397;132;393;92;400;63;441;219;470;174;540;124;573;112;575;83;67;271
MA-0113-CS01-000795-R.dw.png;MA-0113;33.540947;-7.769566;2023;Mediterranean;flower;New material;193;169;214;167;247;239;253;188;269;109;327;241;376;274;360;250;413;220;375;201;414;166;417;127;434;96;438;265;472;224;545;185;585;181;591;148;70;242
MA-0113-CS01-000796-R.dw.png;MA-0113;33.540947;-7.769566;2023;Mediterranean;flower;New material;201;164;222;162;264;239;268;185;274;107;339;239;387;270;374;248;414;216;384;197;420;163;427;125;441;93;446;260;483;225;571;185;607;181;616;152;81;238
MA-0113-CS01-000798-L.dw.png;MA-0113;33.540947;-7.769566;2023;Mediterranean;flower;New material;197;180;218;177;255;253;260;201;271;119;331;255;379;289;365;265;407;229;380;210;416;178;418;135;435;102;445;277;474;242;555;197;601;191;609;161;67;259
MA-0113-CS01-000798-R.dw.png;MA-0113;33.540947;-7.769566;2023;Mediterranean;flower;New material;197;144;218;140;266;210;260;157;267;76;343;204;393;230;376;209;415;168;382;153;418;116;414;73;426;37;457;210;483;171;560;114;601;103;606;72;75;238
MA-0113-CS01-000799-L.dw.png;MA-0113;33.540947;-7.769566;2023;Mediterranean;flower;New material;183;170;202;168;248;242;250;193;254;112;322;243;368;277;354;253;402;222;372;203;409;171;416;131;432;100;436;268;470;231;551;190;581;187;586;155;64;242
MA-0113-CS01-000799-R.dw.png;MA-0113;33.540947;-7.769566;2023;Mediterranean;flower;New material;186;169;209;168;254;241;253;191;259;108;328;243;375;276;362;252;409;221;378;203;411;169;417;128;435;97;444;265;476;229;557;187;585;184;588;151;70;244
MA-0114-CS02-000800-R.dw.png;MA-0114;32.947869;-7.635517;2023;Mediterranean;flower;New material;181;194;211;189;262;259;250;204;251;121;329;247;394;271;374;250;409;207;377;194;412;155;410;114;422;78;455;250;486;205;563;150;596;140;599;107;80;296
MA-0114-CS02-000801-R.dw.png;MA-0114;32.947869;-7.635517;2023;Mediterranean;flower;New material;197;173;213;172;255;250;263;199;271;114;336;252;388;285;372;261;423;230;387;209;425;176;430;139;445;105;452;275;490;236;576;200;614;195;627;167;69;250
MA-0114-CS02-000802-R.dw.png;MA-0114;32.947869;-7.635517;2023;Mediterranean;flower;New material;156;184;174;178;228;248;229;198;222;116;306;239;360;264;340;244;380;203;345;188;379;152;379;112;391;80;429;240;451;201;522;149;560;138;567;105;53;273
MA-0114-CS02-000803-R.dw.png;MA-0114;32.947869;-7.635517;2023;Mediterranean;flower;New material;158;116;176;113;217;197;222;140;232;55;297;202;341;233;326;210;375;176;345;155;382;122;388;80;408;48;408;224;447;187;526;151;565;147;573;115;34;197
MA-0114-CS02-000804-R.dw.png;MA-0114;32.947869;-7.635517;2023;Mediterranean;flower;New material;199;178;217;174;267;240;257;190;258;115;332;231;388;257;370;235;413;195;378;183;410;146;408;106;421;74;453;236;482;192;555;140;592;129;594;97;83;268
MA-0114-CS02-000805-R.dw.png;MA-0114;32.947869;-7.635517;2023;Mediterranean;flower;New material;174;174;190;169;246;241;236;187;238;105;325;231;378;254;361;234;394;194;361;179;397;140;395;100;412;67;443;234;470;194;543;140;580;130;585;99;70;269
MA-0114-CS02-000806-R.dw.png;MA-0114;32.947869;-7.635517;2023;Mediterranean;flower;New material;205;172;225;171;264;252;271;198;278;113;341;258;390;292;376;269;423;235;388;212;425;178;431;137;449;106;455;284;488;246;569;206;607;201;618;171;77;250
MA-0114-CS02-000807-R.dw.png;MA-0114;32.947869;-7.635517;2023;Mediterranean;flower;New material;124;180;139;174;198;240;186;184;182;95;275;222;333;239;311;221;349;177;315;166;346;124;340;84;349;46;394;213;419;170;493;112;522;103;524;71;25;287
MA-0114-CS02-000808-R.dw.png;MA-0114;32.947869;-7.635517;2023;Mediterranean;flower;New material;188;170;209;168;240;243;252;192;262;111;323;245;376;277;360;254;394;217;376;203;408;169;413;128;432;95;438;267;474;229;550;190;591;184;598;151;62;250
MA-0114-CS02-000809-R.dw.png;MA-0114;32.947869;-7.635517;2023;Mediterranean;flower;New material;187;168;207;163;270;236;252;179;255;98;345;226;390;251;374;229;407;191;378;177;410;137;406;94;422;60;451;231;481;189;559;134;588;125;586;92;84;264
MA-0115-FM01-000922-L.dw.png;MA-0115;33.490084;-5.360935;2023;semiarid;flower;New material;188;169;207;168;252;248;254;193;260;111;328;251;375;283;360;260;401;225;380;209;410;174;413;131;435;98;437;275;472;237;548;198;587;194;596;161;69;248
MA-0115-FM01-000922-R.dw.png;MA-0115;33.490084;-5.360935;2023;semiarid;flower;New material;194;176;213;174;258;254;260;201;263;116;331;257;380;288;366;265;407;230;384;214;413;178;417;135;436;102;444;279;478;240;554;199;593;195;597;160;73;256
MA-0115-FM01-000923-L.dw.png;MA-0115;33.490084;-5.360935;2023;semiarid;flower;New material;191;160;210;157;243;238;255;185;269;99;326;243;376;278;364;255;410;220;380;201;420;163;430;124;448;91;442;269;480;231;569;191;605;189;615;157;62;234
MA-0115-FM01-000924-L.dw.png;MA-0115;33.490084;-5.360935;2023;semiarid;flower;New material;190;104;207;103;248;183;253;129;264;43;324;189;369;221;357;200;396;166;367;145;409;112;416;72;432;38;433;214;467;182;556;140;587;137;597;105;67;178
MA-0115-FM01-000924-R.dw.png;MA-0115;33.490084;-5.360935;2023;semiarid;flower;New material;182;168;200;167;236;246;243;191;255;110;317;252;364;283;352;261;389;226;360;206;400;171;406;132;423;97;428;274;464;239;551;198;580;196;594;164;61;245
MA-0115-FM01-000925-L.dw.png;MA-0115;33.490084;-5.360935;2023;semiarid;flower;New material;200;184;221;182;271;263;266;206;276;122;347;264;394;295;379;273;427;238;393;218;432;180;437;140;453;105;461;284;500;244;582;203;614;200;621;169;73;266
MA-0115-FM01-000925-R.dw.png;MA-0115;33.490084;-5.360935;2023;semiarid;flower;New material;205;183;225;180;274;261;271;205;282;122;352;263;402;294;386;272;432;236;401;217;437;181;441;140;458;106;466;283;505;242;587;203;620;199;626;167;80;266
MA-0115-FM01-000926-L.dw.png;MA-0115;33.490084;-5.360935;2023;semiarid;flower;New material;200;173;224;170;261;247;271;197;284;114;343;248;395;280;382;258;416;225;394;209;431;171;433;131;447;100;457;271;488;238;577;194;609;191;613;159;82;251
MA-0115-FM01-000926-R.dw.png;MA-0115;33.490084;-5.360935;2023;semiarid;flower;New material;202;170;226;168;255;244;269;194;284;113;340;245;393;278;381;257;416;224;395;208;430;172;433;132;447;100;457;269;490;236;574;194;607;191;613;160;81;245
MA-0115-FM01-000927-L.dw.png;MA-0115;33.490084;-5.360935;2023;semiarid;flower;New material;208;176;228;174;276;252;273;201;280;115;353;257;399;290;385;267;432;233;401;214;436;177;435;133;452;99;459;280;499;243;576;200;610;197;618;165;83;252
MA-0115-FM01-000927-R.dw.png;MA-0115;33.490084;-5.360935;2023;semiarid;flower;New material;206;173;227;171;273;248;271;198;279;113;350;256;394;288;381;265;424;231;399;214;433;178;435;135;453;102;459;279;496;242;576;200;611;199;618;167;78;246
MA-0115-FM01-000928-L.dw.png;MA-0115;33.490084;-5.360935;2023;semiarid;flower;New material;208;181;227;178;265;253;272;203;284;120;350;258;397;289;382;266;419;231;398;216;436;177;437;138;454;106;463;279;493;241;578;199;612;196;618;165;80;254
MA-0115-FM01-000928-R.dw.png;MA-0115;33.490084;-5.360935;2023;semiarid;flower;New material;205;166;225;163;265;238;275;190;282;104;346;243;394;275;378;253;417;216;397;202;432;163;434;124;452;92;456;266;489;229;574;188;607;184;618;155;79;237
MA-0115-FM01-000930-L.dw.png;MA-0115;33.490084;-5.360935;2023;semiarid;flower;New material;212;188;229;184;285;260;280;208;286;122;360;259;408;289;394;267;440;230;413;214;439;177;439;135;456;100;474;277;510;237;587;196;620;193;627;160;89;271
MA-0115-FM01-000930-R.dw.png;MA-0115;33.490084;-5.360935;2023;semiarid;flower;New material;211;186;231;184;285;259;284;210;290;121;357;262;406;292;391;271;436;235;410;217;437;182;441;138;460;104;471;282;511;242;589;203;621;200;630;167;87;265
MA-0115-FM01-000931-L.dw.png;MA-0115;33.490084;-5.360935;2023;semiarid;flower;New material;198;178;218;175;272;252;269;202;275;115;346;254;394;285;380;264;421;224;399;212;430;173;433;131;448;97;464;274;498;239;576;194;615;188;618;155;75;255
MA-0115-FM01-000931-R.dw.png;MA-0115;33.490084;-5.360935;2023;semiarid;flower;New material;201;182;222;178;276;255;276;203;279;117;351;257;400;288;384;265;431;229;400;211;433;173;438;130;453;97;469;277;504;239;585;195;620;192;622;156;79;262
MA-0115-FM01-000932-L.dw.png;MA-0115;33.490084;-5.360935;2023;semiarid;flower;New material;159;190;176;184;238;251;226;197;217;116;313;237;363;258;342;238;386;193;353;181;381;139;373;99;382;64;431;232;454;187;524;131;555;117;555;84;58;293
MA-0115-FM01-000932-R.dw.png;MA-0115;33.490084;-5.360935;2023;semiarid;flower;New material;154;181;172;176;225;251;221;195;219;114;304;242;352;268;334;245;377;206;348;191;381;152;377;113;388;78;421;249;451;205;524;156;557;147;559;113;43;273
MA-0115-FM01-000933-L.dw.png;MA-0115;33.490084;-5.360935;2023;semiarid;flower;New material;203;176;221;174;261;251;270;201;283;117;343;254;393;288;377;264;420;229;396;215;428;177;431;139;445;106;454;279;494;239;564;202;599;199;611;167;81;252
MA-0115-FM01-000933-R.dw.png;MA-0115;33.490084;-5.360935;2023;semiarid;flower;New material;208;175;227;173;261;251;273;200;287;116;345;255;395;289;380;265;425;232;400;215;432;179;435;142;452;109;456;281;498;241;568;204;607;201;619;171;82;251
MA-0115-FM01-000934-L.dw.png;MA-0115;33.490084;-5.360935;2023;semiarid;flower;New material;208;185;232;182;266;263;271;205;287;122;346;265;398;300;383;275;426;239;397;220;441;182;448;141;465;109;466;290;503;251;590;207;634;203;639;170;84;267
MA-0115-FM01-000934-R.dw.png;MA-0115;33.490084;-5.360935;2023;semiarid;flower;New material;202;184;225;181;259;262;265;204;278;120;340;263;394;296;379;273;421;236;386;215;433;178;439;138;455;105;462;285;499;246;587;201;626;197;633;165;77;266
MA-0115-FM01-000935-L.dw.png;MA-0115;33.490084;-5.360935;2023;semiarid;flower;New material;207;181;231;179;272;256;274;204;289;122;348;259;401;292;388;268;433;234;408;218;440;177;442;140;462;106;470;281;503;245;593;202;623;199;631;169;79;257
MA-0115-FM01-000935-R.dw.png;MA-0115;33.490084;-5.360935;2023;semiarid;flower;New material;208;182;233;180;271;256;274;203;287;121;347;258;402;291;387;268;431;233;405;215;439;178;441;139;461;105;468;281;504;242;594;198;620;196;628;165;82;258
MA-0116-FM02-000936-L.dw.png;MA-0116;33.294938;-4.68902;2023;semiarid;flower;New material;212;188;232;184;281;265;281;210;290;123;359;269;409;301;393;277;440;242;408;223;446;184;452;142;469;107;479;291;518;253;598;210;630;206;634;169;84;269
MA-0116-FM02-000936-R.dw.png;MA-0116;33.294938;-4.68902;2023;semiarid;flower;New material;212;187;234;184;280;264;283;210;292;123;361;270;412;304;396;280;443;244;415;226;448;186;454;144;471;109;480;295;520;256;598;215;631;211;638;176;84;265
MA-0116-FM02-000937-L.dw.png;MA-0116;33.294938;-4.68902;2023;semiarid;flower;New material;187;170;208;165;261;239;254;186;253;104;335;229;381;253;365;233;399;194;378;182;404;142;401;103;413;69;443;234;472;195;547;143;584;133;590;102;78;266
MA-0116-FM02-000937-R.dw.png;MA-0116;33.294938;-4.68902;2023;semiarid;flower;New material;188;158;207;158;244;242;249;187;269;108;318;246;363;281;350;257;393;227;369;208;406;175;412;135;431;105;427;273;464;239;545;204;585;201;594;172;62;231
MA-0116-FM02-000938-L.dw.png;MA-0116;33.294938;-4.68902;2023;semiarid;flower;New material;194;188;211;182;261;246;257;197;247;118;336;235;387;256;370;238;399;198;369;185;395;148;391;108;406;74;444;235;468;194;532;145;567;130;574;97;85;284
MA-0116-FM02-000938-R.dw.png;MA-0116;33.294938;-4.68902;2023;semiarid;flower;New material;201;175;218;173;259;247;260;196;266;117;331;249;376;281;363;258;398;225;370;204;404;174;408;136;430;103;438;269;470;233;539;196;577;190;589;159;78;251
MA-0116-FM02-000939-L.dw.png;MA-0116;33.294938;-4.68902;2023;semiarid;flower;New material;202;167;223;165;254;243;268;194;272;116;330;247;381;281;365;257;407;221;379;203;418;171;422;135;440;103;450;272;488;231;563;196;596;193;600;161;80;243
MA-0116-FM02-000939-R.dw.png;MA-0116;33.294938;-4.68902;2023;semiarid;flower;New material;203;167;223;165;252;242;265;192;269;114;328;245;381;280;364;256;406;220;377;202;417;170;420;134;440;102;448;270;485;231;563;194;596;190;598;158;79;242
MA-0116-FM02-000940-L.dw.png;MA-0116;33.294938;-4.68902;2023;semiarid;flower;New material;128;186;148;179;198;249;191;194;192;112;279;235;333;258;315;238;351;195;323;183;354;139;350;99;359;66;394;235;424;190;501;134;533;124;534;91;29;291
MA-0116-FM02-000940-R.dw.png;MA-0116;33.294938;-4.68902;2023;semiarid;flower;New material;148;180;168;173;219;244;215;190;211;109;297;231;352;254;333;234;372;193;340;179;373;137;370;97;380;64;414;232;442;189;520;133;551;125;556;90;44;282
MA-0116-FM02-000941-L.dw.png;MA-0116;33.294938;-4.68902;2023;semiarid;flower;New material;162;182;185;175;238;243;225;191;224;111;305;230;361;254;342;234;378;192;352;180;380;141;375;101;384;66;426;230;454;186;522;135;560;122;565;90;50;276
MA-0116-FM02-000941-R.dw.png;MA-0116;33.294938;-4.68902;2023;semiarid;flower;New material;151;177;172;172;223;242;214;190;215;109;295;232;348;257;330;237;369;197;345;184;371;148;368;106;377;72;412;237;441;195;515;147;553;136;560;105;36;265
MA-0116-FM02-000942-L.dw.png;MA-0116;33.294938;-4.68902;2023;semiarid;flower;New material;198;176;219;174;256;257;263;204;279;120;336;262;386;296;371;273;411;239;384;217;423;182;429;141;446;108;451;286;484;250;571;209;601;206;610;173;77;252
MA-0116-FM02-000942-R.dw.png;MA-0116;33.294938;-4.68902;2023;semiarid;flower;New material;199;174;219;172;260;254;267;199;279;116;341;257;390;289;377;266;415;232;391;213;428;177;432;136;448;103;454;279;489;243;577;201;607;199;616;164;80;252
MA-0116-FM02-000943-L.dw.png;MA-0116;33.294938;-4.68902;2023;semiarid;flower;New material;198;181;221;179;254;261;264;206;281;123;343;265;394;299;378;275;417;237;391;219;433;186;436;143;453;109;461;288;496;251;578;210;616;207;625;174;68;254
MA-0116-FM02-000943-R.dw.png;MA-0116;33.294938;-4.68902;2023;semiarid;flower;New material;208;176;230;175;262;257;278;204;291;120;352;262;401;297;385;272;425;237;402;217;441;183;444;142;462;108;468;287;503;250;587;208;624;204;635;173;76;249
MA-0116-FM02-000944-L.dw.png;MA-0116;33.294938;-4.68902;2023;semiarid;flower;New material;205;181;222;179;266;261;271;206;282;120;342;265;395;300;379;276;424;239;396;219;431;183;439;142;459;109;460;290;496;249;576;210;618;206;631;175;76;260
MA-0116-FM02-000944-R.dw.png;MA-0116;33.294938;-4.68902;2023;semiarid;flower;New material;204;183;220;182;268;260;270;207;278;121;345;261;397;294;381;270;424;232;395;213;430;178;434;136;454;102;461;282;496;240;574;198;619;192;629;161;79;269
MA-0116-FM02-000945-L.dw.png;MA-0116;33.294938;-4.68902;2023;semiarid;flower;New material;206;173;228;170;270;247;271;197;287;118;349;251;398;284;386;262;425;229;399;209;433;176;436;138;453;104;467;274;500;238;584;202;620;200;625;168;82;248
MA-0116-FM02-000945-R.dw.png;MA-0116;33.294938;-4.68902;2023;semiarid;flower;New material;206;174;226;173;271;248;269;197;284;117;347;249;399;281;386;259;426;225;395;205;431;172;434;135;453;102;464;270;499;233;581;195;618;191;621;160;84;254
MA-0116-FM02-000946-L.dw.png;MA-0116;33.294938;-4.68902;2023;semiarid;flower;New material;199;170;222;167;256;246;262;193;277;113;339;250;390;284;376;260;418;226;393;206;428;173;428;132;447;98;456;273;489;236;576;195;611;191;623;161;79;246
MA-0116-FM02-000946-R.dw.png;MA-0116;33.294938;-4.68902;2023;semiarid;flower;New material;200;166;222;165;256;243;260;190;279;113;337;248;386;284;372;260;416;227;390;208;426;176;430;135;448;102;455;275;484;239;573;198;611;195;622;164;76;239
MA-0116-FM02-000947-L.dw.png;MA-0116;33.294938;-4.68902;2023;semiarid;flower;New material;196;169;222;169;255;250;264;197;274;114;336;253;388;287;373;264;412;229;383;209;419;177;426;138;443;107;455;277;493;240;568;203;602;201;611;168;74;247
MA-0116-FM02-000947-R.dw.png;MA-0116;33.294938;-4.68902;2023;semiarid;flower;New material;171;170;197;167;240;243;241;189;241;106;321;234;377;262;360;239;393;200;361;185;391;147;393;109;406;76;442;242;476;200;543;154;578;146;582;114;62;265
MA-0116-FM02-000948-L.dw.png;MA-0116;33.294938;-4.68902;2023;semiarid;flower;New material;205;183;222;180;264;262;268;207;282;122;346;267;396;301;379;277;431;244;395;222;431;187;433;145;453;109;465;290;499;252;580;213;612;210;622;175;81;260
MA-0116-FM02-000948-R.dw.png;MA-0116;33.294938;-4.68902;2023;semiarid;flower;New material;203;185;221;182;265;263;265;206;278;122;345;266;396;300;379;276;429;241;394;219;429;185;429;143;449;106;464;288;499;249;579;208;611;204;620;171;80;265
MA-0116-FM02-000949-L.dw.png;MA-0116;33.294938;-4.68902;2023;semiarid;flower;New material;200;188;217;185;259;265;263;210;273;126;342;269;390;300;379;279;427;245;395;223;430;187;436;145;451;113;459;291;492;256;577;214;615;212;624;180;74;263
MA-0116-FM02-000949-R.dw.png;MA-0116;33.294938;-4.68902;2023;semiarid;flower;New material;209;190;223;187;267;266;272;212;280;127;349;269;400;301;387;278;438;245;403;224;437;186;443;146;458;112;467;289;502;255;586;212;622;209;632;177;84;268
MA-0116-FM02-000950-L.dw.png;MA-0116;33.294938;-4.68902;2023;semiarid;flower;New material;203;169;222;168;260;245;264;194;275;117;341;250;391;283;377;260;421;230;393;210;428;173;437;138;453;108;455;274;491;239;576;199;613;197;618;167;79;242
MA-0116-FM02-000950-R.dw.png;MA-0116;33.294938;-4.68902;2023;semiarid;flower;New material;200;168;220;167;256;244;263;195;273;115;339;250;387;283;373;260;415;228;389;209;426;174;434;138;449;109;454;273;491;237;573;198;610;195;615;163;79;242
MA-0116-FM02-000951-L.dw.png;MA-0116;33.294938;-4.68902;2023;semiarid;flower;New material;204;173;224;170;259;251;268;199;281;117;343;256;393;293;378;268;419;235;393;215;434;181;438;139;455;107;462;283;493;248;586;208;623;206;633;176;77;246
MA-0116-FM02-000951-R.dw.png;MA-0116;33.294938;-4.68902;2023;semiarid;flower;New material;206;172;226;170;262;249;272;198;283;116;347;255;395;290;380;266;423;234;396;214;435;179;438;138;455;106;461;282;494;247;584;207;621;205;635;176;81;248
MA-0117-FM03-000952-L.dw.png;MA-0117;32.750778;-4.050111;2023;desert;flower;New material;197;173;215;171;254;249;259;196;268;113;330;251;388;287;373;263;415;228;387;209;426;171;433;131;449;99;456;275;489;238;576;194;614;188;620;154;68;246
MA-0117-FM03-000952-R.dw.png;MA-0117;32.750778;-4.050111;2023;desert;flower;New material;201;171;222;169;261;250;267;197;276;112;335;252;393;290;378;265;422;231;397;212;433;173;442;133;458;102;462;279;496;242;581;199;622;194;629;161;71;244
MA-0117-FM03-000953-L.dw.png;MA-0117;32.750778;-4.050111;2023;desert;flower;New material;194;174;218;173;256;251;257;199;272;119;334;252;387;284;372;261;413;227;389;213;420;177;422;135;442;102;455;273;488;235;566;195;596;191;605;160;74;255
MA-0117-FM03-000953-R.dw.png;MA-0117;32.750778;-4.050111;2023;desert;flower;New material;196;170;220;169;262;249;259;195;275;116;338;250;391;283;375;259;419;225;390;209;425;175;426;135;446;102;457;272;493;234;569;195;601;191;609;160;79;253
MA-0117-FM03-000954-L.dw.png;MA-0117;32.750778;-4.050111;2023;desert;flower;New material;205;178;226;176;268;262;278;208;291;116;348;267;398;303;382;277;429;242;402;222;444;185;445;139;465;105;466;292;503;253;591;210;623;207;633;176;79;255
MA-0117-FM03-000954-R.dw.png;MA-0117;32.750778;-4.050111;2023;desert;flower;New material;206;181;228;179;272;262;277;210;289;117;349;266;400;301;382;275;428;239;402;220;444;183;444;139;464;104;468;290;506;250;590;207;623;202;634;170;82;261
MA-0117-FM03-000955-L.dw.png;MA-0117;32.750778;-4.050111;2023;desert;flower;New material;213;185;232;182;275;265;275;208;283;123;347;265;392;298;377;274;420;237;394;217;433;183;441;140;459;107;463;285;496;247;572;206;613;199;621;167;86;270
MA-0117-FM03-000955-R.dw.png;MA-0117;32.750778;-4.050111;2023;desert;flower;New material;209;185;230;182;272;263;275;207;281;121;346;262;396;293;379;270;422;232;394;213;429;179;436;135;455;101;463;280;496;241;568;201;611;194;618;161;89;277
MA-0117-FM03-000956-R.dw.png;MA-0117;32.750778;-4.050111;2023;desert;flower;New material;207;177;223;173;267;256;275;200;276;115;350;254;403;289;388;264;429;230;401;211;438;177;443;138;457;108;466;278;503;239;578;202;617;199;627;167;86;261
MA-0117-FM03-000957-L.dw.png;MA-0117;32.750778;-4.050111;2023;desert;flower;New material;189;181;210;178;253;259;259;206;269;120;326;262;378;295;361;271;410;235;386;217;423;180;427;141;442;109;449;284;482;248;564;203;604;198;609;166;70;263
MA-0117-FM03-000957-R.dw.png;MA-0117;32.750778;-4.050111;2023;desert;flower;New material;210;176;228;174;270;257;278;204;290;118;344;261;396;295;381;271;430;236;406;217;442;181;448;142;463;110;467;284;501;249;585;206;625;202;631;170;87;257
MA-0117-FM03-000958-L.dw.png;MA-0117;32.750778;-4.050111;2023;desert;flower;New material;205;177;223;174;267;253;270;200;280;117;345;256;390;289;374;264;422;231;391;211;430;177;435;135;455;101;460;278;490;241;575;200;619;194;625;163;81;258
MA-0117-FM03-000958-R.dw.png;MA-0117;32.750778;-4.050111;2023;desert;flower;New material;208;181;227;178;270;257;276;204;283;120;346;259;395;293;379;269;424;234;398;216;437;180;441;139;461;104;463;282;494;246;577;204;623;199;630;166;84;262
MA-0117-FM03-000959-L.dw.png;MA-0117;32.750778;-4.050111;2023;desert;flower;New material;202;178;223;175;268;257;275;205;282;116;351;260;400;290;383;268;428;231;399;213;437;176;439;136;457;103;470;279;507;238;592;198;621;196;627;161;84;265
MA-0117-FM03-000959-R.dw.png;MA-0117;32.750778;-4.050111;2023;desert;flower;New material;203;177;223;174;267;256;277;203;283;114;350;259;400;289;385;266;432;230;399;210;438;175;440;134;456;100;472;277;508;236;590;197;622;193;630;160;85;263
MA-0117-FM03-000960-L.dw.png;MA-0117;32.750778;-4.050111;2023;desert;flower;New material;209;179;227;177;281;263;277;205;289;119;359;265;405;296;391;274;435;237;404;216;444;179;446;136;463;103;472;284;509;244;595;202;631;198;633;164;85;262
MA-0117-FM03-000960-R.dw.png;MA-0117;32.750778;-4.050111;2023;desert;flower;New material;208;180;227;178;277;264;277;206;291;121;354;267;401;300;387;278;429;241;403;220;444;184;447;143;464;109;469;290;506;252;593;209;630;206;635;173;81;259
MA-0117-FM03-000961-L.dw.png;MA-0117;32.750778;-4.050111;2023;desert;flower;New material;167;185;189;179;242;249;237;197;235;112;325;236;376;257;357;237;393;195;368;186;390;142;384;102;393;70;438;235;467;193;538;138;570;129;574;95;59;282
MA-0117-FM03-000961-R.dw.png;MA-0117;32.750778;-4.050111;2023;desert;flower;New material;154;173;177;171;221;247;225;196;232;108;304;248;350;277;337;255;376;219;354;204;382;166;382;127;397;97;418;265;449;230;528;188;563;184;571;153;37;256
MA-0117-FM03-000962-L.dw.png;MA-0117;32.750778;-4.050111;2023;desert;flower;New material;205;185;227;181;274;261;267;203;283;122;358;262;404;292;390;271;436;236;401;215;438;178;440;140;458;104;469;282;506;242;587;201;623;197;630;165;74;260
MA-0117-FM03-000962-R.dw.png;MA-0117;32.750778;-4.050111;2023;desert;flower;New material;209;180;230;178;277;258;272;201;289;121;356;258;404;290;389;268;437;233;405;215;441;178;442;139;461;104;469;280;507;242;588;200;625;196;634;165;79;254
MA-0117-FM03-000963-L.dw.png;MA-0117;32.750778;-4.050111;2023;desert;flower;New material;206;185;225;182;269;264;268;206;274;124;349;265;400;296;384;272;428;235;402;217;436;181;436;136;452;104;469;284;505;247;583;202;622;197;623;162;81;271
MA-0117-FM03-000963-R.dw.png;MA-0117;32.750778;-4.050111;2023;desert;flower;New material;207;182;227;180;267;263;266;204;274;122;350;266;399;297;382;273;426;236;397;215;434;181;436;137;454;105;468;284;507;247;583;207;624;203;626;168;81;269
MA-0117-FM03-000964-L.dw.png;MA-0117;32.750778;-4.050111;2023;desert;flower;New material;209;182;225;179;273;262;270;204;280;120;348;262;397;294;383;271;430;233;397;213;429;175;431;134;449;102;461;282;504;240;587;199;622;195;622;162;80;270
MA-0117-FM03-000964-R.dw.png;MA-0117;32.750778;-4.050111;2023;desert;flower;New material;215;181;234;179;278;262;277;204;286;120;352;265;400;297;386;273;435;237;402;216;434;179;437;138;455;104;465;285;504;246;594;205;628;201;630;167;83;266
MA-0117-FM03-000965-L.dw.png;MA-0117;32.750778;-4.050111;2023;desert;flower;New material;208;179;226;177;264;253;267;200;281;119;339;256;391;288;376;265;423;233;393;213;428;177;429;138;445;106;454;278;485;242;572;200;607;196;613;164;81;253
MA-0117-FM03-000965-R.dw.png;MA-0117;32.750778;-4.050111;2023;desert;flower;New material;207;178;228;176;268;254;271;202;283;118;342;255;393;287;376;264;423;229;398;212;429;175;431;135;448;103;457;276;489;240;575;197;609;192;615;160;81;256
MA-0117-FM03-000966-L.dw.png;MA-0117;32.750778;-4.050111;2023;desert;flower;New material;198;177;220;174;265;256;269;202;273;116;347;258;387;289;375;266;420;235;388;213;420;177;427;140;446;107;452;278;487;242;562;203;596;199;602;166;76;256
MA-0117-FM03-000966-R.dw.png;MA-0117;32.750778;-4.050111;2023;desert;flower;New material;202;181;225;179;275;260;275;205;279;118;356;261;397;291;384;269;426;236;395;215;426;179;433;139;451;106;459;280;497;243;570;202;603;198;608;164;84;262
MA-0117-FM03-000967-L.dw.png;MA-0117;32.750778;-4.050111;2023;desert;flower;New material;198;173;218;169;260;250;264;195;272;115;336;255;383;288;368;263;410;227;386;210;420;173;424;133;438;99;447;276;481;238;559;196;598;191;602;159;75;250
MA-0117-FM03-000967-R.dw.png;MA-0117;32.750778;-4.050111;2023;desert;flower;New material;201;173;222;171;261;251;268;198;276;116;341;254;387;288;373;264;419;229;387;210;423;174;427;136;443;103;450;277;486;240;561;198;599;194;607;162;77;248
MA-0117-FM03-000968-L.dw.png;MA-0117;32.750778;-4.050111;2023;desert;flower;New material;204;173;226;171;272;250;272;198;280;115;349;253;398;284;386;263;431;230;403;210;435;173;442;137;457;106;469;272;501;238;578;196;614;192;624;161;86;254
MA-0117-FM03-000968-R.dw.png;MA-0117;32.750778;-4.050111;2023;desert;flower;New material;205;175;226;173;269;251;272;199;283;116;346;252;398;283;385;262;432;230;401;211;435;175;438;138;455;107;467;272;502;236;578;197;611;193;623;162;86;254
MA-0117-FM03-000969-L.dw.png;MA-0117;32.750778;-4.050111;2023;desert;flower;New material;157;178;174;172;228;244;223;189;216;103;301;233;360;256;340;236;378;191;350;178;380;135;377;95;385;61;428;233;451;188;522;134;558;124;564;90;44;280
MA-0117-FM03-000969-R.dw.png;MA-0117;32.750778;-4.050111;2023;desert;flower;New material;165;175;184;169;232;243;229;189;227;102;309;235;366;260;345;239;382;196;356;182;388;141;386;100;398;67;431;240;459;196;528;144;565;135;573;100;46;270
MA-0117-FM03-000970-L.dw.png;MA-0117;32.750778;-4.050111;2023;desert;flower;New material;179;186;199;181;261;251;251;200;242;116;337;242;384;267;366;246;404;205;375;191;401;150;398;111;410;74;448;247;477;203;547;154;587;145;596;113;66;282
MA-0117-FM03-000970-R.dw.png;MA-0117;32.750778;-4.050111;2023;desert;flower;New material;203;181;221;177;271;255;271;203;274;120;347;255;395;287;380;263;418;227;389;208;426;173;426;134;443;99;458;275;493;236;566;195;609;191;619;159;79;263
MA-0117-FM03-000971-L.dw.png;MA-0117;32.750778;-4.050111;2023;desert;flower;New material;205;180;222;177;266;258;262;199;277;118;341;260;392;293;376;271;421;234;391;215;425;180;433;140;450;110;457;281;490;244;568;203;608;199;613;168;82;263
MA-0117-FM03-000971-R.dw.png;MA-0117;32.750778;-4.050111;2023;desert;flower;New material;199;176;219;173;259;254;259;198;273;115;337;257;388;291;372;267;420;232;384;213;422;178;430;139;446;108;455;279;488;240;566;201;607;197;611;166;78;259
MA-0118-FM04-000972-L.dw.png;MA-0118;33.05139;-3.978985;2023;desert;flower;New material;209;177;232;176;272;257;273;204;285;121;346;260;393;294;380;271;428;236;399;215;435;180;440;140;458;109;464;282;501;244;581;205;618;202;627;170;77;256
MA-0118-FM04-000972-R.dw.png;MA-0118;33.05139;-3.978985;2023;desert;flower;New material;209;177;232;175;266;255;275;203;285;119;346;259;394;292;381;269;431;235;404;216;437;179;441;141;457;109;467;283;505;245;586;207;622;204;630;173;77;255
MA-0118-FM04-000973-L.dw.png;MA-0118;33.05139;-3.978985;2023;desert;flower;New material;188;159;209;157;262;240;253;185;263;101;327;245;375;279;357;256;404;221;375;200;416;169;421;130;443;99;439;272;473;235;565;199;604;196;613;163;58;233
MA-0118-FM04-000973-R.dw.png;MA-0118;33.05139;-3.978985;2023;desert;flower;New material;165;185;184;177;249;242;233;190;217;107;322;226;375;246;354;226;390;182;354;169;381;129;375;89;387;51;434;220;458;175;535;115;572;102;571;69;61;295
MA-0118-FM04-000974-L.dw.png;MA-0118;33.05139;-3.978985;2023;desert;flower;New material;186;190;207;184;264;255;256;203;248;118;331;245;387;266;368;249;406;209;368;193;399;153;399;116;409;78;453;243;476;204;544;151;579;141;581;109;84;288
MA-0118-FM04-000974-R.dw.png;MA-0118;33.05139;-3.978985;2023;desert;flower;New material;190;161;213;160;252;239;256;186;265;102;320;241;371;274;358;251;401;220;366;198;405;165;413;126;433;93;441;263;472;230;549;191;586;187;593;156;72;239
MA-0118-FM04-000975-L.dw.png;MA-0118;33.05139;-3.978985;2023;desert;flower;New material;189;172;207;169;252;249;255;194;260;111;325;249;377;280;362;257;406;223;375;203;412;167;418;129;432;97;442;267;474;229;547;192;588;186;597;156;74;257
MA-0118-FM04-000975-R.dw.png;MA-0118;33.05139;-3.978985;2023;desert;flower;New material;193;172;212;169;258;248;258;194;265;111;328;249;380;280;366;257;407;222;378;203;415;166;421;128;436;97;447;267;479;229;554;190;594;184;604;153;79;257
MA-0118-FM04-000976-L.dw.png;MA-0118;33.05139;-3.978985;2023;desert;flower;New material;155;181;176;176;237;244;224;191;221;108;318;227;376;247;353;227;386;185;355;174;386;131;382;93;389;57;438;221;467;176;534;121;569;107;571;75;53;283
MA-0118-FM04-000976-R.dw.png;MA-0118;33.05139;-3.978985;2023;desert;flower;New material;149;185;170;179;231;249;220;197;215;112;309;233;368;254;346;234;384;192;345;180;380;139;375;101;383;64;429;230;458;186;528;130;563;116;565;85;46;287
MA-0118-FM04-000977-L.dw.png;MA-0118;33.05139;-3.978985;2023;desert;flower;New material;198;166;217;165;253;244;263;192;264;111;331;244;378;277;363;253;403;222;376;203;409;167;413;128;427;97;436;267;471;228;550;191;582;188;593;160;80;245
MA-0118-FM04-000977-R.dw.png;MA-0118;33.05139;-3.978985;2023;desert;flower;New material;190;167;208;165;246;244;256;192;256;110;327;245;371;277;357;254;399;221;368;202;402;166;405;125;423;95;431;267;466;227;544;189;576;186;587;157;76;249
MA-0118-FM04-000978-L.dw.png;MA-0118;33.05139;-3.978985;2023;desert;flower;New material;200;172;223;171;262;247;265;196;273;116;336;250;386;284;372;260;417;229;390;211;424;177;430;137;448;106;454;274;489;240;563;204;606;201;613;171;72;241
MA-0118-FM04-000978-R.dw.png;MA-0118;33.05139;-3.978985;2023;desert;flower;New material;198;162;220;161;257;236;264;186;268;107;332;238;382;271;368;248;412;216;384;197;421;164;425;126;446;95;450;261;485;228;561;189;603;185;611;155;68;231
MA-0118-FM04-000979-L.dw.png;MA-0118;33.05139;-3.978985;2023;desert;flower;New material;200;175;216;172;267;254;267;200;272;116;346;257;393;289;378;264;416;229;391;211;427;175;428;135;447;106;459;277;493;239;571;200;606;197;613;167;80;251
MA-0118-FM04-000979-R.dw.png;MA-0118;33.05139;-3.978985;2023;desert;flower;New material;200;174;217;173;262;254;267;200;274;117;345;256;391;290;376;265;411;230;389;213;426;177;428;138;445;108;458;279;493;241;571;203;606;200;614;171;79;250
MA-0118-FM04-000980-L.dw.png;MA-0118;33.05139;-3.978985;2023;desert;flower;New material;160;181;178;175;238;245;230;193;217;111;310;235;363;261;344;239;382;199;352;186;383;145;380;105;391;73;424;241;455;196;526;147;562;138;567;105;60;273
MA-0118-FM04-000980-R.dw.png;MA-0118;33.05139;-3.978985;2023;desert;flower;New material;173;165;192;162;237;240;236;186;239;104;312;243;358;278;346;253;386;220;361;202;396;169;400;127;415;98;419;268;459;229;537;192;575;191;583;159;58;240
MA-0118-FM04-000981-L.dw.png;MA-0118;33.05139;-3.978985;2023;desert;flower;New material;144;127;160;125;204;206;206;153;210;71;272;207;317;239;304;216;348;183;319;164;354;130;360;92;378;63;382;229;417;192;500;155;530;152;537;122;27;204
MA-0118-FM04-000981-R.dw.png;MA-0118;33.05139;-3.978985;2023;desert;flower;New material;141;128;158;126;198;205;203;153;207;71;268;205;314;237;301;214;346;181;320;163;352;129;358;89;377;60;380;226;412;189;495;150;526;147;534;116;27;206
MA-0118-FM04-000982-L.dw.png;MA-0118;33.05139;-3.978985;2023;desert;flower;New material;191;160;208;159;251;243;252;189;269;106;324;247;373;283;361;259;401;229;369;206;412;175;418;135;435;103;435;277;473;241;547;206;586;204;599;177;66;230
MA-0118-FM04-000982-R.dw.png;MA-0118;33.05139;-3.978985;2023;desert;flower;New material;180;176;196;174;245;254;243;200;252;115;317;252;370;285;355;262;394;228;360;207;400;174;403;132;418;98;433;274;469;234;540;194;576;190;590;163;62;259
MA-0118-FM04-000983-L.dw.png;MA-0118;33.05139;-3.978985;2023;desert;flower;New material;126;173;143;167;200;241;194;187;191;104;273;233;328;255;310;236;346;195;315;180;346;140;344;99;356;67;390;233;414;191;487;140;525;128;530;97;26;269
MA-0118-FM04-000983-R.dw.png;MA-0118;33.05139;-3.978985;2023;desert;flower;New material;144;144;163;143;201;228;208;175;228;94;272;239;320;276;307;252;354;221;328;199;368;170;376;129;397;101;384;271;420;237;503;206;544;205;556;176;24;209
MA-0118-FM04-000984-L.dw.png;MA-0118;33.05139;-3.978985;2023;desert;flower;New material;177;182;195;177;250;246;238;194;236;113;322;235;373;258;355;239;389;199;356;183;387;146;383;104;394;71;439;235;464;196;530;145;567;133;570;102;63;281
MA-0118-FM04-000984-R.dw.png;MA-0118;33.05139;-3.978985;2023;desert;flower;New material;167;180;183;175;240;243;229;192;225;112;312;233;362;257;346;237;379;197;346;183;375;145;372;104;387;70;429;234;453;195;517;145;555;134;557;103;52;278
MA-0118-FM04-000985-L.dw.png;MA-0118;33.05139;-3.978985;2023;desert;flower;New material;153;139;178;138;212;219;222;168;233;87;291;227;336;261;322;237;368;206;342;184;385;154;390;114;407;82;401;254;434;221;519;188;562;188;575;158;28;218
MA-0118-FM04-000986-L.dw.png;MA-0118;33.05139;-3.978985;2023;desert;flower;New material;197;171;215;169;256;251;262;197;276;115;335;253;388;286;373;264;413;230;382;211;421;175;428;136;444;103;448;276;483;240;566;199;602;194;610;162;82;252
MA-0118-FM04-000986-R.dw.png;MA-0118;33.05139;-3.978985;2023;desert;flower;New material;191;173;210;171;256;254;255;198;269;116;332;255;385;288;370;265;411;233;379;212;417;175;422;136;438;103;445;278;481;241;563;200;598;196;605;163;75;254
MA-0118-FM04-000987-L.dw.png;MA-0118;33.05139;-3.978985;2023;desert;flower;New material;135;181;153;175;211;249;202;193;197;108;286;238;339;262;323;241;357;198;326;185;354;142;353;104;368;68;402;240;430;194;503;143;535;133;539;100;26;274
MA-0118-FM04-000987-R.dw.png;MA-0118;33.05139;-3.978985;2023;desert;flower;New material;163;120;181;117;226;201;230;147;238;62;302;204;350;237;337;213;377;178;354;161;386;124;392;85;414;53;414;227;452;187;533;152;566;148;574;115;41;193
MA-0118-FM04-000988-L.dw.png;MA-0118;33.05139;-3.978985;2023;desert;flower;New material;192;174;211;171;247;251;255;196;266;119;323;253;374;287;360;263;398;230;374;209;409;176;412;138;431;107;438;274;469;240;544;200;577;197;587;168;78;253
MA-0118-FM04-000988-R.dw.png;MA-0118;33.05139;-3.978985;2023;desert;flower;New material;189;164;207;161;244;237;252;185;262;106;322;238;375;270;359;247;398;213;374;196;407;161;410;123;428;93;437;257;469;222;543;182;575;179;585;148;79;247
MA-0118-FM04-000989-L.dw.png;MA-0118;33.05139;-3.978985;2023;desert;flower;New material;143;182;159;177;212;252;209;196;201;114;296;241;346;265;329;245;368;202;335;189;367;146;366;108;377;70;417;244;442;201;522;147;554;138;561;105;32;278
MA-0118-FM04-000989-R.dw.png;MA-0118;33.05139;-3.978985;2023;desert;flower;New material;174;180;191;174;250;247;239;192;228;109;328;237;379;260;362;241;399;197;367;183;395;141;395;104;408;64;448;238;474;195;553;141;584;133;591;98;65;279
MA-0118-FM04-000990-L.dw.png;MA-0118;33.05139;-3.978985;2023;desert;flower;New material;204;173;220;170;269;251;269;197;275;112;346;253;394;282;378;261;421;227;385;205;429;174;434;136;451;102;457;273;493;235;574;199;612;196;617;166;83;254
MA-0118-FM04-000990-R.dw.png;MA-0118;33.05139;-3.978985;2023;desert;flower;New material;199;181;216;177;263;256;262;200;267;116;342;256;390;285;376;264;418;226;383;207;424;173;427;135;443;101;453;274;490;236;570;196;605;192;613;161;81;264
MA-0118-FM04-000991-L.dw.png;MA-0118;33.05139;-3.978985;2023;desert;flower;New material;200;175;222;174;265;254;260;197;276;114;347;257;396;286;382;265;425;230;394;212;429;174;433;136;449;102;459;276;496;238;575;199;613;196;619;164;79;252
MA-0118-FM04-000991-R.dw.png;MA-0118;33.05139;-3.978985;2023;desert;flower;New material;197;176;216;174;260;255;253;198;273;117;341;258;391;288;377;267;421;231;392;214;424;176;429;138;446;104;456;277;494;239;571;200;608;196;617;164;74;251
MA-0119-MS01-000833-R.dw.png;MA-0119;31.592643;-9.175254;2023;semiarid;flower;New material;193;170;216;169;251;248;253;193;270;111;329;250;380;284;366;261;410;228;379;207;416;174;421;134;441;103;441;276;477;239;565;200;602;196;611;166;67;245
MA-0119-MS01-000834-R.dw.png;MA-0119;31.592643;-9.175254;2023;semiarid;flower;New material;201;179;219;177;265;259;266;204;280;117;340;263;391;296;377;274;419;238;392;220;423;182;426;142;444;109;451;287;489;248;576;205;601;202;611;170;78;258
MA-0119-MS01-000835-L.dw.png;MA-0119;31.592643;-9.175254;2023;semiarid;flower;New material;194;169;215;169;255;245;260;195;270;114;329;248;375;282;360;258;397;226;372;208;412;174;415;137;434;105;434;274;467;238;543;199;589;193;594;160;75;241
MA-0119-MS01-000835-R.dw.png;MA-0119;31.592643;-9.175254;2023;semiarid;flower;New material;188;163;211;162;249;240;259;190;265;108;323;242;370;275;355;251;392;218;366;201;406;168;410;131;429;98;430;267;462;230;540;191;584;185;590;153;70;238
MA-0119-MS01-000836-R.dw.png;MA-0119;31.592643;-9.175254;2023;semiarid;flower;New material;190;180;213;179;256;257;254;201;270;120;331;260;383;294;368;270;408;237;380;218;419;185;425;145;447;111;448;286;487;248;565;211;599;208;607;175;71;258
MA-0119-MS01-000837-R.dw.png;MA-0119;31.592643;-9.175254;2023;semiarid;flower;New material;184;171;203;169;247;250;249;197;259;118;321;255;364;288;350;263;393;233;365;214;400;177;407;140;428;110;427;278;458;243;541;206;579;202;589;172;65;246
MA-0119-MS01-000838-L.dw.png;MA-0119;31.592643;-9.175254;2023;semiarid;flower;New material;198;170;221;169;252;249;263;197;281;117;336;256;385;289;371;267;416;233;388;212;426;179;431;140;449;107;448;280;478;248;569;206;607;202;618;172;76;245
MA-0119-MS01-000838-R.dw.png;MA-0119;31.592643;-9.175254;2023;semiarid;flower;New material;198;170;219;168;257;247;265;196;278;112;339;252;388;283;374;261;415;226;392;208;426;171;431;132;446;99;452;272;481;238;572;193;607;189;618;158;78;246
MA-0119-MS01-000839-L.dw.png;MA-0119;31.592643;-9.175254;2023;semiarid;flower;New material;203;175;223;174;262;254;265;200;277;116;338;258;387;294;372;269;423;235;395;216;429;180;435;141;452;107;452;286;491;247;571;209;609;205;611;173;71;250
MA-0119-MS01-000839-R.dw.png;MA-0119;31.592643;-9.175254;2023;semiarid;flower;New material;209;172;227;171;271;252;273;198;282;112;346;254;394;289;377;264;430;230;401;211;434;174;439;134;456;102;459;279;496;239;579;200;616;195;619;163;78;253
MA-0119-MS01-000840-L.dw.png;MA-0119;31.592643;-9.175254;2023;semiarid;flower;New material;207;173;227;173;263;256;270;199;290;113;345;261;402;298;384;272;428;237;399;214;439;180;446;142;468;112;465;288;498;251;584;211;623;207;634;177;83;260
MA-0120-MS02-000841-R.dw.png;MA-0120;31.354252;-7.389871;2023;semiarid;flower;New material;179;202;200;194;259;262;249;208;240;116;340;245;392;264;375;245;407;199;371;186;403;143;396;100;410;62;460;235;481;191;555;132;592;118;597;84;75;310
MA-0120-MS02-000842-L.dw.png;MA-0120;31.354252;-7.389871;2023;semiarid;flower;New material;146;133;168;131;205;215;212;158;224;75;283;218;326;251;314;227;367;192;336;171;372;137;377;94;394;62;393;242;434;203;517;163;561;158;568;126;18;213
MA-0120-MS02-000842-R.dw.png;MA-0120;31.354252;-7.389871;2023;semiarid;flower;New material;135;156;158;150;211;223;205;166;203;84;283;212;337;236;317;216;362;172;328;158;356;117;352;75;364;39;399;215;433;169;501;116;542;104;543;70;26;257
MA-0120-MS02-000843-R.dw.png;MA-0120;31.354252;-7.389871;2023;semiarid;flower;New material;177;176;199;170;243;239;242;186;236;107;316;229;366;255;352;234;392;193;354;179;386;144;382;105;393;72;429;235;460;191;527;143;561;135;565;104;66;264
MA-0120-MS02-000844-R.dw.png;MA-0120;31.354252;-7.389871;2023;semiarid;flower;New material;200;176;220;174;259;253;260;197;279;115;336;258;392;291;375;267;414;229;381;208;425;174;431;134;453;101;455;280;488;238;570;197;607;193;616;161;78;249
MA-0120-MS02-000845-R.dw.png;MA-0120;31.354252;-7.389871;2023;semiarid;flower;New material;149;190;172;183;227;250;219;196;211;108;302;234;365;254;345;235;382;190;347;176;374;135;367;92;375;54;427;229;455;183;527;123;563;108;566;75;54;296
MA-0120-MS02-000846-R.dw.png;MA-0120;31.354252;-7.389871;2023;semiarid;flower;New material;163;141;186;139;223;218;234;168;238;80;301;222;354;258;337;232;380;198;355;178;389;143;387;101;404;69;419;247;453;208;537;169;570;165;581;134;36;219
MA-0121-MS03-000847-R.dw.png;MA-0121;31.38803;-9.699691;2023;semiarid;flower;New material;205;183;222;179;275;258;273;205;278;120;349;260;395;295;379;269;422;233;396;214;431;180;436;136;455;102;462;284;500;244;585;204;625;198;631;166;83;262
MA-0121-MS03-000848-R.dw.png;MA-0121;31.38803;-9.699691;2023;semiarid;flower;New material;199;175;220;172;267;252;269;199;274;115;346;255;391;286;376;264;417;229;393;212;423;176;424;135;439;102;455;275;490;239;568;200;602;195;612;164;80;255
MA-0121-MS03-000849-R.dw.png;MA-0121;31.38803;-9.699691;2023;semiarid;flower;New material;210;178;235;175;277;259;280;203;292;119;353;263;402;294;386;272;440;238;408;219;443;180;449;138;469;107;468;285;507;245;591;206;628;202;636;173;81;254
MA-0121-MS03-000850-R.dw.png;MA-0121;31.38803;-9.699691;2023;semiarid;flower;New material;206;180;225;178;272;263;272;205;277;122;348;264;398;294;387;273;430;235;404;217;437;182;437;138;453;104;468;284;503;245;583;202;617;197;624;164;90;265
MA-0121-MS03-000851-R.dw.png;MA-0121;31.38803;-9.699691;2023;semiarid;flower;New material;208;180;228;178;274;258;273;201;283;118;347;262;393;296;378;271;427;237;400;216;431;182;438;140;458;107;458;286;492;250;583;209;615;205;625;174;84;256
MA-0121-MS03-000852-R.dw.png;MA-0121;31.38803;-9.699691;2023;semiarid;flower;New material;207;182;227;181;268;260;268;206;282;126;342;263;390;297;376;273;418;241;390;220;432;185;436;144;458;112;458;288;490;252;572;208;608;202;619;169;80;259
MA-0121-MS03-000853-R.dw.png;MA-0121;31.38803;-9.699691;2023;semiarid;flower;New material;205;162;228;161;265;237;271;188;283;109;343;243;389;276;377;253;421;220;397;202;435;170;438;132;455;102;456;267;492;229;570;194;609;190;618;162;80;232
MA-0121-MS03-000854-L.dw.png;MA-0121;31.38803;-9.699691;2023;semiarid;flower;New material;187;169;204;166;231;234;246;190;250;111;313;240;360;272;347;250;385;219;359;201;394;168;398;133;414;100;421;262;454;228;533;191;565;190;577;161;73;234
MA-0121-MS03-000854-R.dw.png;MA-0121;31.38803;-9.699691;2023;semiarid;flower;New material;186;169;201;168;231;236;247;192;247;113;309;240;358;272;344;250;380;219;353;200;389;168;394;134;412;102;416;263;448;228;527;192;559;191;570;161;72;237
MA-0121-MS03-000855-L.dw.png;MA-0121;31.38803;-9.699691;2023;semiarid;flower;New material;211;183;232;180;275;263;277;209;290;125;355;269;397;301;386;279;430;245;397;225;436;190;441;148;455;115;466;291;507;254;587;216;618;213;630;182;83;254
MA-0121-MS03-000855-R.dw.png;MA-0121;31.38803;-9.699691;2023;semiarid;flower;New material;209;183;230;180;275;261;273;207;287;125;351;266;397;299;385;276;431;243;401;223;436;188;440;146;453;113;464;289;506;251;585;212;617;209;627;177;85;256
MA-0121-MS03-000856-R.dw.png;MA-0121;31.38803;-9.699691;2023;semiarid;flower;New material;178;182;196;175;250;243;244;191;230;113;321;228;379;248;366;231;395;187;360;176;387;134;381;92;393;60;439;222;463;179;529;122;562;110;564;77;71;285
MA-0121-MS03-000857-L.dw.png;MA-0121;31.38803;-9.699691;2023;semiarid;flower;New material;180;166;201;163;240;241;243;188;257;105;317;246;367;278;352;256;401;222;368;203;404;169;412;129;430;95;433;267;471;229;551;190;585;187;597;158;55;238
MA-0121-MS03-000857-R.dw.png;MA-0121;31.38803;-9.699691;2023;semiarid;flower;New material;194;161;216;159;252;238;258;186;272;102;329;245;377;278;362;255;410;222;381;203;420;170;429;129;447;97;447;268;485;231;561;194;601;190;614;162;68;229
MA-0121-MS03-000858-L.dw.png;MA-0121;31.38803;-9.699691;2023;semiarid;flower;New material;206;174;224;173;262;249;265;197;274;117;335;254;380;285;368;265;414;230;382;208;418;175;422;135;438;105;444;275;480;238;562;199;595;196;608;166;78;247
MA-0121-MS03-000858-R.dw.png;MA-0121;31.38803;-9.699691;2023;semiarid;flower;New material;209;173;226;171;260;247;268;197;276;116;335;253;381;285;369;263;417;230;384;206;420;175;424;135;440;107;445;275;483;237;565;199;597;196;605;167;82;246
MA-0121-MS03-000859-L.dw.png;MA-0121;31.38803;-9.699691;2023;semiarid;flower;New material;158;134;178;132;214;210;219;156;230;79;295;212;347;243;332;221;374;186;345;166;385;136;388;95;405;66;414;233;448;194;532;156;567;152;576;123;39;214
MA-0121-MS03-000859-R.dw.png;MA-0121;31.38803;-9.699691;2023;semiarid;flower;New material;179;76;200;75;227;159;239;106;256;29;308;170;357;206;345;184;388;153;365;132;405;104;414;64;433;36;427;204;463;171;551;143;584;143;595;115;49;142
MA-0121-MS03-000860-L.dw.png;MA-0121;31.38803;-9.699691;2023;semiarid;flower;New material;195;169;216;168;253;244;265;196;273;115;339;248;382;280;369;257;412;225;386;208;417;175;421;134;439;103;444;270;478;233;558;194;591;191;603;160;76;246
MA-0121-MS03-000860-R.dw.png;MA-0121;31.38803;-9.699691;2023;semiarid;flower;New material;195;168;217;166;258;244;265;195;276;117;339;249;381;281;368;257;413;225;388;209;418;175;422;134;438;104;444;272;479;234;559;194;592;190;602;160;77;245
MA-0122-MS04-000861-R.dw.png;MA-0122;31.206843;-7.853004;2023;semiarid;flower;New material;188;169;204;167;243;246;250;194;261;112;315;248;366;283;352;260;397;225;371;206;404;173;406;135;424;101;428;274;467;234;545;196;582;192;594;164;65;242
MA-0122-MS04-000862-L.dw.png;MA-0122;31.206843;-7.853004;2023;semiarid;flower;New material;204;172;224;170;264;246;272;196;283;114;355;251;407;283;394;262;441;226;409;208;438;173;443;135;460;102;471;273;507;234;576;196;618;192;625;161;81;247
MA-0122-MS04-000862-R.dw.png;MA-0122;31.206843;-7.853004;2023;semiarid;flower;New material;202;174;222;171;265;249;272;200;281;115;354;253;406;285;393;265;438;228;404;208;437;177;442;138;460;106;469;275;506;237;577;198;617;193;628;163;79;248
MA-0122-MS04-000864-R.dw.png;MA-0122;31.206843;-7.853004;2023;semiarid;flower;New material;178;163;200;161;241;241;245;188;257;106;318;245;370;278;355;255;398;222;371;203;404;168;410;131;426;95;431;269;469;233;552;193;584;189;592;157;69;242
MA-0122-MS04-000865-R.dw.png;MA-0122;31.206843;-7.853004;2023;semiarid;flower;New material;197;181;219;179;254;255;264;204;268;122;335;258;391;291;376;268;415;233;386;215;421;178;425;140;438;105;451;281;487;243;571;202;607;197;612;166;78;266
MA-0122-MS04-000866-L.dw.png;MA-0122;31.206843;-7.853004;2023;semiarid;flower;New material;208;172;228;169;269;252;278;198;286;117;352;259;394;291;383;268;431;233;399;212;437;177;441;138;461;108;464;282;500;244;585;203;619;200;624;168;79;247
MA-0122-MS04-000866-R.dw.png;MA-0122;31.206843;-7.853004;2023;semiarid;flower;New material;205;174;226;172;267;253;275;199;282;118;350;258;394;291;381;267;431;233;399;212;434;176;438;136;454;105;463;281;499;243;581;200;616;197;621;165;79;251
MA-0122-MS04-000867-R.dw.png;MA-0122;31.206843;-7.853004;2023;semiarid;flower;New material;210;181;227;178;271;259;273;203;279;118;355;261;403;294;389;270;429;236;396;215;435;183;444;142;460;106;465;282;503;246;584;202;619;198;629;167;81;262
MA-0122-MS04-000868-R.dw.png;MA-0122;31.206843;-7.853004;2023;semiarid;flower;New material;208;182;223;179;258;256;271;206;282;118;340;261;392;294;376;270;420;235;392;216;430;179;436;141;456;107;456;286;494;247;581;204;617;200;626;170;83;257
MA-0122-MS04-000869-L.dw.png;MA-0122;31.206843;-7.853004;2023;semiarid;flower;New material;201;166;220;164;267;247;264;192;272;112;337;249;387;282;373;260;408;223;388;206;427;175;433;137;445;105;450;274;488;237;567;199;601;197;609;167;82;240
MA-0122-MS04-000869-R.dw.png;MA-0122;31.206843;-7.853004;2023;semiarid;flower;New material;199;166;220;164;266;245;261;190;271;111;339;247;389;279;374;256;411;221;385;202;426;170;430;132;442;101;451;270;488;231;563;193;600;190;607;160;83;243
MA-0123-MS05-000870-R.dw.png;MA-0123;31.650354;-8.016617;2023;semiarid;flower;New material;199;171;220;169;267;250;269;197;273;115;340;254;382;286;371;262;415;229;382;209;420;176;424;136;440;106;444;277;483;237;559;200;595;195;605;164;80;247
MA-0123-MS05-000871-L.dw.png;MA-0123;31.650354;-8.016617;2023;semiarid;flower;New material;204;175;223;172;262;253;271;202;277;116;337;258;387;292;373;268;416;232;390;214;427;180;431;139;447;110;453;282;492;242;562;204;606;200;615;168;80;251
MA-0123-MS05-000871-R.dw.png;MA-0123;31.650354;-8.016617;2023;semiarid;flower;New material;201;170;219;167;265;248;268;196;275;109;335;250;387;285;373;261;418;226;390;208;426;172;431;131;445;101;452;274;491;235;563;196;605;191;613;160;79;248
MA-0123-MS05-000872-R.dw.png;MA-0123;31.650354;-8.016617;2023;semiarid;flower;New material;211;178;231;176;284;259;282;204;292;120;361;263;409;294;392;271;438;234;413;218;445;181;449;138;463;108;475;284;512;247;596;206;631;201;639;168;84;255
MA-0123-MS05-000873-R.dw.png;MA-0123;31.650354;-8.016617;2023;semiarid;flower;New material;198;174;218;172;266;252;267;199;277;116;341;253;391;286;378;263;418;229;392;209;429;175;431;135;447;103;456;275;486;239;567;197;610;191;619;161;82;255
MA-0123-MS05-000874-R.dw.png;MA-0123;31.650354;-8.016617;2023;semiarid;flower;New material;199;174;219;172;266;251;271;200;275;115;339;253;387;286;377;263;416;228;387;209;426;175;429;135;443;104;450;275;483;237;556;199;603;193;614;164;82;256
MA-0123-MS05-000875-R.dw.png;MA-0123;31.650354;-8.016617;2023;semiarid;flower;New material;201;172;219;169;265;251;267;196;278;113;341;254;392;286;379;264;416;227;389;207;426;173;432;134;448;102;456;275;496;235;568;198;610;193;620;162;81;254
MA-0123-MS05-000876-R.dw.png;MA-0123;31.650354;-8.016617;2023;semiarid;flower;New material;202;171;222;169;256;247;267;195;279;112;336;251;387;283;372;261;413;225;388;206;424;173;428;135;449;104;451;274;492;236;566;199;609;194;619;165;79;247
MA-0123-MS05-000877-L.dw.png;MA-0123;31.650354;-8.016617;2023;semiarid;flower;New material;195;173;213;170;262;250;264;198;269;114;335;252;385;285;374;262;413;228;385;209;420;174;422;134;438;100;449;274;482;236;559;194;600;189;609;159;80;255
MA-0123-MS05-000877-R.dw.png;MA-0123;31.650354;-8.016617;2023;semiarid;flower;New material;198;171;213;169;262;249;265;197;272;113;337;252;385;284;374;262;413;228;387;210;421;176;425;137;441;103;451;275;484;239;559;199;600;194;609;166;79;251
MA-0123-MS05-000878-R.dw.png;MA-0123;31.650354;-8.016617;2023;semiarid;flower;New material;210;175;230;173;273;252;279;201;279;118;349;255;395;288;383;265;426;229;398;210;432;177;436;136;448;106;461;278;503;239;573;200;610;196;616;164;82;253
MA-0124-OR01-000992-L.dw.png;MA-0124;32.773598;-3.616392;2023;desert;flower;New material;196;173;214;171;253;250;269;207;273;119;329;256;378;292;365;269;402;235;380;218;417;183;423;146;444;114;443;284;477;247;559;209;591;207;600;176;81;254
MA-0124-OR01-000992-R.dw.png;MA-0124;32.773598;-3.616392;2023;desert;flower;New material;195;174;213;173;258;251;266;207;271;117;330;254;379;290;366;266;403;231;380;214;420;180;424;140;443;110;443;282;479;243;557;204;592;200;602;171;82;257
MA-0124-OR01-000993-L.dw.png;MA-0124;32.773598;-3.616392;2023;desert;flower;New material;194;154;213;152;255;235;264;181;278;95;334;240;388;278;374;252;416;218;386;196;432;162;434;123;454;91;452;270;491;232;579;193;612;190;625;161;74;226
MA-0124-OR01-000993-R.dw.png;MA-0124;32.773598;-3.616392;2023;desert;flower;New material;175;176;196;169;258;241;249;185;242;99;336;227;397;249;376;228;411;185;374;172;408;128;402;89;412;55;455;227;484;181;560;123;589;115;596;79;81;279
MA-0124-OR01-000994-L.dw.png;MA-0124;32.773598;-3.616392;2023;desert;flower;New material;201;181;226;180;266;260;268;204;279;118;341;260;396;294;382;271;423;234;391;213;428;176;436;135;456;104;462;281;499;242;576;198;613;193;617;161;87;271
MA-0124-OR01-000994-R.dw.png;MA-0124;32.773598;-3.616392;2023;desert;flower;New material;202;178;226;177;264;259;268;202;282;117;342;261;397;295;382;272;426;236;394;214;431;178;438;136;458;105;465;284;501;246;581;205;614;203;619;168;87;266
MA-0124-OR01-000995-L.dw.png;MA-0124;32.773598;-3.616392;2023;desert;flower;New material;200;176;220;173;258;256;262;199;280;118;343;264;396;299;382;277;418;239;392;219;432;183;438;143;461;111;460;289;497;251;583;212;617;209;629;177;80;257
MA-0124-OR01-000995-R.dw.png;MA-0124;32.773598;-3.616392;2023;desert;flower;New material;183;173;202;171;240;252;245;197;261;115;327;260;378;294;365;271;402;234;374;214;413;178;418;139;438;106;442;283;479;247;562;206;597;202;608;169;65;253
MA-0124-OR01-000996-L.dw.png;MA-0124;32.773598;-3.616392;2023;desert;flower;New material;215;177;236;174;270;255;280;204;292;119;352;260;406;296;394;273;432;240;405;220;444;185;451;143;470;112;466;288;502;251;592;212;626;209;636;177;85;252
MA-0124-OR01-000996-R.dw.png;MA-0124;32.773598;-3.616392;2023;desert;flower;New material;213;176;235;173;271;253;280;201;291;117;353;255;408;290;394;266;429;232;404;213;444;180;449;136;467;105;467;281;502;243;589;202;625;197;637;167;89;256
MA-0124-OR01-000997-L.dw.png;MA-0124;32.773598;-3.616392;2023;desert;flower;New material;197;177;215;174;258;256;263;202;272;117;335;259;388;293;372;268;413;233;388;214;423;179;427;137;447;101;450;282;491;241;563;202;604;196;611;164;77;261
MA-0124-OR01-000997-R.dw.png;MA-0124;32.773598;-3.616392;2023;desert;flower;New material;200;172;218;170;255;251;268;199;278;114;333;254;388;290;373;265;413;230;390;213;426;177;432;136;452;101;452;280;491;241;562;202;605;196;613;164;82;254
MA-0124-OR01-000998-L.dw.png;MA-0124;32.773598;-3.616392;2023;desert;flower;New material;202;180;220;176;255;255;267;202;275;115;337;259;395;293;381;271;418;235;390;215;428;178;438;139;458;106;459;283;494;247;577;205;614;200;627;170;80;257
MA-0124-OR01-000998-R.dw.png;MA-0124;32.773598;-3.616392;2023;desert;flower;New material;202;183;217;180;259;259;266;205;273;118;339;262;396;296;382;273;422;239;390;217;428;181;434;141;457;108;458;287;495;249;575;207;615;203;625;173;82;263
MA-0124-OR01-000999-L.dw.png;MA-0124;32.773598;-3.616392;2023;desert;flower;New material;207;181;227;178;276;263;277;206;291;118;351;263;410;298;392;274;432;240;406;218;447;182;449;140;470;106;476;287;513;251;596;209;640;202;654;170;87;266
MA-0124-OR01-000999-R.dw.png;MA-0124;32.773598;-3.616392;2023;desert;flower;New material;209;178;226;177;274;260;275;205;293;117;347;264;402;300;385;276;428;243;398;219;443;186;447;144;468;110;472;291;505;256;590;215;638;211;649;178;86;258
MA-0124-OR01-001000-L.dw.png;MA-0124;32.773598;-3.616392;2023;desert;flower;New material;204;180;230;178;280;264;280;207;286;122;357;267;398;301;387;276;436;241;397;217;444;184;450;143;466;108;467;291;509;250;589;212;634;209;641;174;85;261
MA-0124-OR01-001000-R.dw.png;MA-0124;32.773598;-3.616392;2023;desert;flower;New material;206;179;229;176;283;263;276;204;287;120;358;266;400;300;389;276;441;241;398;218;444;184;450;144;467;110;472;290;512;250;592;213;637;209;643;176;87;262
MA-0124-OR01-001001-L.dw.png;MA-0124;32.773598;-3.616392;2023;desert;flower;New material;215;184;236;180;280;263;279;204;295;119;358;266;416;300;395;276;437;242;408;220;454;185;458;144;479;111;480;290;512;257;603;212;647;205;656;173;95;266
MA-0124-OR01-001001-R.dw.png;MA-0124;32.773598;-3.616392;2023;desert;flower;New material;210;183;228;180;272;263;273;204;287;120;354;266;412;299;394;276;437;242;402;218;447;184;450;143;468;110;478;290;507;255;600;209;642;202;651;171;88;269
MA-0124-OR01-001002-L.dw.png;MA-0124;32.773598;-3.616392;2023;desert;flower;New material;177;179;198;173;244;239;250;188;238;107;322;225;389;244;367;226;402;187;365;173;398;132;397;94;405;58;451;221;483;179;550;127;585;112;586;79;74;276
MA-0124-OR01-001002-R.dw.png;MA-0124;32.773598;-3.616392;2023;desert;flower;New material;181;181;201;175;250;240;256;191;240;109;326;225;392;245;371;227;409;186;366;173;402;134;401;97;411;60;457;221;485;179;551;128;589;113;590;81;78;277
MA-0125-TT01-000879-R.dw.png;MA-0125;35.804619;-5.356678;2023;Mediterranean;flower;New material;202;174;225;171;269;248;270;197;278;115;342;249;393;280;379;259;418;222;396;207;427;172;431;131;444;96;453;271;491;232;573;192;607;188;614;154;79;250
MA-0125-TT01-000880-R.dw.png;MA-0125;35.804619;-5.356678;2023;Mediterranean;flower;New material;208;180;227;178;264;262;280;210;293;120;347;265;400;300;384;276;426;240;400;222;440;185;446;144;464;110;462;291;505;249;587;208;618;205;626;171;81;256
MA-0125-TT01-000881-R.dw.png;MA-0125;35.804619;-5.356678;2023;Mediterranean;flower;New material;209;183;227;180;275;260;277;205;281;121;351;260;401;289;384;268;427;230;396;212;438;177;441;139;456;105;468;279;498;241;579;199;620;195;627;162;94;269
MA-0125-TT01-000882-R.dw.png;MA-0125;35.804619;-5.356678;2023;Mediterranean;flower;New material;206;179;227;177;276;264;281;207;290;122;355;266;403;299;389;277;438;240;406;221;450;182;457;142;470;109;472;289;508;251;596;208;632;205;641;170;81;257
MA-0125-TT01-000883-R.dw.png;MA-0125;35.804619;-5.356678;2023;Mediterranean;flower;New material;203;180;220;177;261;255;268;201;277;117;343;256;387;286;372;264;418;230;387;211;423;177;425;140;442;106;452;275;486;240;565;199;598;195;608;163;82;258
MA-0125-TT01-000884-L.dw.png;MA-0125;35.804619;-5.356678;2023;Mediterranean;flower;New material;211;174;229;171;272;258;278;204;291;119;352;264;403;297;388;275;438;240;405;220;448;183;452;145;468;109;474;289;511;252;596;209;631;204;637;171;80;251
MA-0125-TT01-000884-R.dw.png;MA-0125;35.804619;-5.356678;2023;Mediterranean;flower;New material;214;174;234;173;278;259;282;205;296;119;356;265;408;299;393;277;442;243;411;221;451;185;456;147;471;110;479;290;517;252;600;212;635;209;642;175;82;250
MA-0125-TT01-000885-L.dw.png;MA-0125;35.804619;-5.356678;2023;Mediterranean;flower;New material;202;172;223;170;266;250;272;198;278;113;341;251;398;285;380;264;427;233;389;208;433;178;442;137;458;105;459;279;499;241;585;205;627;202;630;168;74;248
MA-0125-TT01-000885-R.dw.png;MA-0125;35.804619;-5.356678;2023;Mediterranean;flower;New material;207;175;229;173;275;250;281;199;282;114;349;250;407;282;387;261;434;228;394;205;440;174;446;133;464;101;470;273;508;235;592;196;633;193;637;158;85;257
MA-0126-TT02-000886-R.dw.png;MA-0126;35.825161;-5.434339;2023;Mediterranean;flower;New material;179;177;204;175;248;261;255;205;264;116;332;265;385;300;368;276;415;238;382;219;425;181;430;140;447;104;455;289;490;251;582;206;622;202;634;169;52;256
MA-0126-TT02-000887-R.dw.png;MA-0126;35.825161;-5.434339;2023;Mediterranean;flower;New material;211;180;233;178;279;261;278;205;291;122;354;263;403;296;388;274;441;240;404;219;446;182;453;143;468;110;474;286;513;248;598;206;635;203;647;169;81;259
MA-0126-TT02-000888-R.dw.png;MA-0126;35.825161;-5.434339;2023;Mediterranean;flower;New material;191;163;215;161;264;247;264;191;274;105;341;249;389;280;372;258;420;222;389;202;429;169;436;129;451;93;458;270;497;233;582;191;617;187;629;153;65;242
MA-0126-TT02-000889-L.dw.png;MA-0126;35.825161;-5.434339;2023;Mediterranean;flower;New material;212;180;234;178;272;260;277;205;291;122;352;262;399;294;385;272;433;239;402;219;441;185;447;146;464;112;464;286;499;247;580;209;615;205;627;173;82;257
MA-0126-TT02-000889-R.dw.png;MA-0126;35.825161;-5.434339;2023;Mediterranean;flower;New material;210;182;233;179;272;259;280;204;289;121;359;261;404;291;389;269;435;234;404;216;441;181;445;142;463;109;470;282;504;244;586;204;618;199;630;167;84;263
MA-0126-TT02-000890-R.dw.png;MA-0126;35.825161;-5.434339;2023;Mediterranean;flower;New material;209;184;232;183;273;270;278;212;295;124;350;272;403;304;386;282;437;245;409;225;448;186;455;148;472;110;479;292;518;255;605;213;645;207;655;172;85;264
MA-0126-TT02-000891-R.dw.png;MA-0126;35.825161;-5.434339;2023;Mediterranean;flower;New material;206;179;226;178;269;262;275;207;283;121;350;263;406;296;390;274;433;239;404;220;445;183;448;144;464;112;472;287;512;249;591;208;627;206;638;177;83;258
MA-0126-TT02-000892-L.dw.png;MA-0126;35.825161;-5.434339;2023;Mediterranean;flower;New material;204;180;229;179;269;261;269;204;288;123;344;263;401;296;383;275;428;236;400;218;437;179;442;137;457;105;469;286;504;248;591;203;627;198;636;166;77;256
MA-0126-TT02-000892-R.dw.png;MA-0126;35.825161;-5.434339;2023;Mediterranean;flower;New material;203;176;226;175;266;255;265;199;289;120;341;258;398;291;381;270;426;231;397;213;436;175;439;134;454;102;466;280;501;243;590;198;624;194;634;162;73;250
MA-0126-TT02-000893-L.dw.png;MA-0126;35.825161;-5.434339;2023;Mediterranean;flower;New material;206;180;233;178;272;260;277;205;283;121;351;262;404;295;387;273;430;237;408;218;443;181;450;141;463;109;472;286;512;245;592;207;629;204;644;172;78;258
MA-0126-TT02-000893-R.dw.png;MA-0126;35.825161;-5.434339;2023;Mediterranean;flower;New material;193;173;219;171;257;252;266;198;269;114;339;253;391;287;375;264;416;227;393;210;431;173;438;132;452;100;460;277;498;237;577;198;617;193;633;163;68;249
MA-0126-TT02-000894-L.dw.png;MA-0126;35.825161;-5.434339;2023;Mediterranean;flower;New material;212;180;233;179;278;261;288;210;296;122;355;264;406;297;389;274;440;240;411;221;448;185;453;145;468;110;479;285;515;248;599;209;643;205;654;173;89;260
MA-0126-TT02-000894-R.dw.png;MA-0126;35.825161;-5.434339;2023;Mediterranean;flower;New material;211;183;233;181;279;262;288;211;292;123;354;264;407;296;390;274;438;238;408;220;446;184;449;144;466;108;477;284;514;246;600;207;641;202;652;170;89;266
MA-0126-TT02-000895-L.dw.png;MA-0126;35.825161;-5.434339;2023;Mediterranean;flower;New material;218;184;238;181;289;270;291;214;306;126;374;276;423;309;409;288;457;253;420;231;465;193;475;152;489;115;496;301;535;264;622;222;652;221;665;186;82;260
MA-0126-TT02-000895-R.dw.png;MA-0126;35.825161;-5.434339;2023;Mediterranean;flower;New material;217;180;237;178;293;266;290;208;304;122;371;269;423;301;408;281;457;244;419;221;467;184;474;143;488;108;496;292;534;253;621;210;654;207;669;173;84;260
MA-0126-TT02-000896-L.dw.png;MA-0126;35.825161;-5.434339;2023;Mediterranean;flower;New material;210;180;233;178;275;264;283;207;290;120;361;268;409;299;395;278;437;239;409;219;449;185;452;139;468;106;478;289;516;251;596;207;634;204;644;170;78;259
MA-0126-TT02-000896-R.dw.png;MA-0126;35.825161;-5.434339;2023;Mediterranean;flower;New material;208;177;232;175;274;262;279;202;290;117;360;265;410;297;396;276;440;237;410;217;446;181;450;138;466;104;479;287;517;248;596;204;633;202;644;169;79;255
MA-0127-TT03-000897-L.dw.png;MA-0127;35.816744;-5.52425;2023;Mediterranean;flower;New material;214;188;238;185;279;266;279;207;290;125;359;267;412;300;397;277;442;240;406;217;445;182;450;141;464;108;480;288;516;248;601;206;636;203;643;169;87;269
MA-0127-TT03-000897-R.dw.png;MA-0127;35.816744;-5.52425;2023;Mediterranean;flower;New material;208;179;230;177;276;258;276;204;287;117;350;260;398;293;382;270;426;233;394;212;435;177;439;140;459;105;465;282;502;241;583;201;619;198;629;166;78;260
MA-0127-TT03-000898-R.dw.png;MA-0127;35.816744;-5.52425;2023;Mediterranean;flower;New material;197;188;219;186;271;269;264;210;275;121;349;268;398;299;379;276;431;240;391;218;432;179;436;141;452;107;457;288;497;247;592;205;624;203;633;170;75;274
MA-0127-TT03-000899-R.dw.png;MA-0127;35.816744;-5.52425;2023;Mediterranean;flower;New material;209;180;232;178;270;260;281;206;296;118;353;265;404;299;389;275;432;239;402;218;444;185;451;148;472;112;463;291;501;252;584;211;622;209;633;176;77;254
MA-0127-TT03-000900-R.dw.png;MA-0127;35.816744;-5.52425;2023;Mediterranean;flower;New material;206;185;229;183;275;265;279;209;291;123;362;269;412;300;393;277;437;239;416;223;452;186;455;144;470;111;479;289;516;251;601;210;639;207;651;174;83;267
MA-0127-TT03-000901-L.dw.png;MA-0127;35.816744;-5.52425;2023;Mediterranean;flower;New material;193;175;216;175;266;260;261;202;278;118;343;261;401;295;384;271;424;236;397;218;435;183;441;142;458;108;465;285;502;245;583;206;617;203;631;171;71;253
MA-0127-TT03-000901-R.dw.png;MA-0127;35.816744;-5.52425;2023;Mediterranean;flower;New material;176;176;202;176;250;259;246;201;261;116;330;259;389;292;372;270;415;233;388;215;423;179;427;139;443;104;452;281;490;241;572;200;608;197;623;166;57;255
MA-0127-TT03-000902-L.dw.png;MA-0127;35.816744;-5.52425;2023;Mediterranean;flower;New material;215;185;236;184;277;264;284;213;291;126;347;265;402;301;384;277;425;240;404;225;442;186;450;146;468;111;471;292;508;253;581;211;625;207;640;174;84;264
MA-0127-TT03-000902-R.dw.png;MA-0127;35.816744;-5.52425;2023;Mediterranean;flower;New material;212;185;235;184;269;259;282;211;288;124;345;261;399;296;381;272;422;236;399;219;437;182;445;143;465;108;468;287;502;248;575;206;624;200;637;169;83;263
MA-0127-TT03-000903-R.dw.png;MA-0127;35.816744;-5.52425;2023;Mediterranean;flower;New material;202;181;224;180;263;260;273;209;279;124;340;264;391;297;376;275;424;241;389;219;431;185;438;144;456;112;457;288;494;252;577;210;615;203;626;172;74;256
MA-0127-TT03-000904-L.dw.png;MA-0127;35.816744;-5.52425;2023;Mediterranean;flower;New material;185;184;207;179;261;250;258;197;251;116;342;240;399;263;380;244;418;201;382;188;416;149;411;110;420;77;462;243;491;197;557;151;594;141;596;107;75;281
MA-0127-TT03-000904-R.dw.png;MA-0127;35.816744;-5.52425;2023;Mediterranean;flower;New material;193;167;218;164;260;245;266;191;272;109;342;248;394;280;376;258;424;223;387;203;427;172;429;133;444;103;456;271;493;233;568;199;603;196;610;164;70;247
MA-0127-TT03-000905-L.dw.png;MA-0127;35.816744;-5.52425;2023;Mediterranean;flower;New material;213;179;232;176;280;258;281;202;287;119;356;260;408;295;392;271;441;234;407;214;446;177;447;139;464;108;475;284;513;243;591;204;624;200;633;167;89;262
MA-0127-TT03-000905-R.dw.png;MA-0127;35.816744;-5.52425;2023;Mediterranean;flower;New material;209;178;230;176;277;260;273;201;287;119;352;262;403;298;387;273;437;238;404;217;443;182;446;143;462;112;470;289;512;248;589;210;620;207;627;173;86;263
MA-0128-TT04-000907-R.dw.png;MA-0128;35.876894;-5.394175;2023;Mediterranean;flower;New material;193;173;216;171;265;253;260;196;272;114;340;255;385;289;370;266;416;230;381;208;418;173;425;133;439;100;452;278;486;240;568;199;599;194;612;162;69;251
MA-0128-TT04-000908-R.dw.png;MA-0128;35.876894;-5.394175;2023;Mediterranean;flower;New material;178;184;196;178;254;247;245;195;242;113;328;236;381;257;360;239;403;194;376;183;404;141;397;102;408;71;446;236;475;191;549;138;588;126;596;95;71;283
MA-0128-TT04-000909-R.dw.png;MA-0128;35.876894;-5.394175;2023;Mediterranean;flower;New material;200;174;225;172;258;251;268;197;279;117;340;254;394;286;379;265;422;226;391;206;433;174;440;136;454;102;464;275;497;239;580;197;619;194;625;161;72;248
MA-0128-TT04-000910-R.dw.png;MA-0128;35.876894;-5.394175;2023;Mediterranean;flower;New material;208;173;229;172;262;251;272;197;282;113;351;254;401;285;387;264;434;227;401;208;438;171;439;129;455;98;470;274;506;236;590;193;626;189;631;155;81;252
MA-0128-TT04-000911-R.dw.png;MA-0128;35.876894;-5.394175;2023;Mediterranean;flower;New material;199;174;222;172;263;253;267;199;276;115;346;255;392;288;379;266;428;229;397;210;433;175;435;135;452;104;464;276;498;240;587;197;621;193;630;161;81;257
MA-0129-TT05-000912-R.dw.png;MA-0129;35.899236;-5.475031;2023;Mediterranean;flower;New material;210;186;236;185;277;269;277;209;292;129;360;270;415;302;398;282;445;243;415;225;449;189;455;150;473;114;479;294;518;256;609;214;644;211;653;177;85;274
MA-0129-TT05-000913-R.dw.png;MA-0129;35.899236;-5.475031;2023;Mediterranean;flower;New material;206;226;223;223;265;306;274;252;277;167;348;308;404;342;389;321;435;281;407;262;442;226;448;186;463;153;473;331;511;291;591;249;631;244;639;214;77;308
MA-0129-TT05-000914-R.dw.png;MA-0129;35.899236;-5.475031;2023;Mediterranean;flower;New material;208;191;232;189;277;274;282;218;292;126;361;278;413;313;392;287;447;251;408;229;448;191;454;146;471;108;484;301;522;260;608;214;645;209;655;174;74;279
MA-0129-TT05-000915-R.dw.png;MA-0129;35.899236;-5.475031;2023;Mediterranean;flower;New material;221;185;245;183;281;267;285;208;297;123;362;271;421;305;403;283;452;243;417;221;456;185;460;142;481;107;491;294;526;254;613;210;651;206;658;169;86;268
MA-0129-TT05-000917-R.dw.png;MA-0129;35.899236;-5.475031;2023;Mediterranean;flower;New material;218;187;245;186;281;268;287;210;298;124;367;270;429;304;411;281;458;244;426;224;466;187;473;144;487;114;494;295;534;256;620;214;660;211;669;177;85;267
MA-0129-TT05-000918-R.dw.png;MA-0129;35.899236;-5.475031;2023;Mediterranean;flower;New material;208;183;231;182;273;270;280;212;289;126;358;274;408;307;394;284;442;247;414;229;447;188;453;147;471;114;476;297;518;256;603;217;640;214;646;178;74;264
MA-0129-TT05-000919-L.dw.png;MA-0129;35.899236;-5.475031;2023;Mediterranean;flower;New material;208;178;232;176;278;260;277;205;295;119;351;265;409;301;394;278;439;242;408;221;448;185;455;143;471;107;477;292;517;253;605;211;641;207;651;171;82;252
MA-0129-TT05-000919-R.dw.png;MA-0129;35.899236;-5.475031;2023;Mediterranean;flower;New material;205;180;229;179;277;260;272;204;286;119;351;263;407;297;391;275;436;238;404;219;442;182;448;139;462;103;475;288;512;249;597;205;634;202;644;166;82;260
MA-0129-TT05-000920-L.dw.png;MA-0129;35.899236;-5.475031;2023;Mediterranean;flower;New material;215;180;240;179;275;258;284;204;298;120;363;262;424;295;407;273;449;237;421;219;462;184;469;144;484;110;488;285;525;247;615;207;653;205;661;169;84;259
MA-0129-TT05-000920-R.dw.png;MA-0129;35.899236;-5.475031;2023;Mediterranean;flower;New material;217;181;243;181;276;260;282;205;298;122;363;263;423;298;407;276;448;240;419;221;461;187;468;147;485;114;486;289;524;252;609;211;649;208;660;174;85;257
MA-0130-SN01-000553-L.dw.png;MA-0130;34.228029;-6.581791;2023;Mediterranean;flower;New material;208;178;225;175;272;256;273;203;282;117;348;259;392;290;378;268;424;234;397;213;434;179;436;139;454;108;456;281;493;244;580;201;614;198;621;168;84;254
MA-0130-SN01-000553-R.dw.png;MA-0130;34.228029;-6.581791;2023;Mediterranean;flower;New material;207;180;224;177;273;258;271;203;282;116;348;259;392;289;380;267;424;232;395;211;435;177;437;137;453;107;457;279;493;243;582;198;615;194;623;163;84;260
MA-0130-SN01-000554-L.dw.png;MA-0130;34.228029;-6.581791;2023;Mediterranean;flower;New material;190;168;212;166;260;245;260;194;266;115;330;247;374;280;362;257;403;224;377;207;411;173;411;135;429;101;439;271;477;237;556;196;591;192;602;162;80;244
MA-0130-SN01-000554-R.dw.png;MA-0130;34.228029;-6.581791;2023;Mediterranean;flower;New material;190;170;214;169;267;245;261;194;268;115;333;246;377;279;365;256;405;223;381;205;413;171;413;134;431;101;442;270;479;235;558;195;594;191;603;162;79;244
MA-0130-SN01-000555-L.dw.png;MA-0130;34.228029;-6.581791;2023;Mediterranean;flower;New material;174;170;198;169;231;247;243;198;249;113;313;252;360;284;347;262;387;227;362;210;401;175;406;136;422;105;425;276;461;242;549;200;581;197;592;167;49;242
MA-0130-SN01-000555-R.dw.png;MA-0130;34.228029;-6.581791;2023;Mediterranean;flower;New material;203;175;224;172;261;250;268;198;274;115;341;252;390;284;377;262;418;226;391;209;428;173;431;133;445;100;457;273;490;238;577;193;609;190;617;158;81;251
MA-0130-SN01-000556-L.dw.png;MA-0130;34.228029;-6.581791;2023;Mediterranean;flower;New material;194;193;214;190;260;269;258;212;268;129;341;271;389;303;375;280;417;243;388;222;427;187;429;148;451;111;452;291;487;253;571;210;605;206;611;172;68;273
MA-0130-SN01-000556-R.dw.png;MA-0130;34.228029;-6.581791;2023;Mediterranean;flower;New material;203;175;222;173;265;254;267;199;277;116;347;259;394;291;379;268;421;231;398;213;434;178;436;140;457;105;459;280;497;243;575;203;611;200;618;165;74;250
MA-0130-SN01-000557-L.dw.png;MA-0130;34.228029;-6.581791;2023;Mediterranean;flower;New material;195;173;217;170;262;251;264;198;269;113;335;248;389;280;374;258;422;222;383;203;421;168;423;129;438;95;454;270;491;231;566;189;603;185;614;154;76;255
MA-0130-SN01-000557-R.dw.png;MA-0130;34.228029;-6.581791;2023;Mediterranean;flower;New material;205;179;224;175;272;259;272;204;280;119;344;259;392;291;380;269;426;235;390;214;429;180;431;140;448;107;459;283;498;245;572;205;610;202;623;171;83;256
MA-0130-SN01-000558-L.dw.png;MA-0130;34.228029;-6.581791;2023;Mediterranean;flower;New material;166;186;185;180;240;249;233;197;229;118;314;239;366;261;349;242;385;202;353;187;383;145;383;104;393;72;424;242;455;199;531;144;563;134;566;101;63;283
MA-0130-SN01-000559-L.dw.png;MA-0130;34.228029;-6.581791;2023;Mediterranean;flower;New material;196;172;221;170;260;248;265;197;277;115;341;254;390;284;378;264;417;228;383;208;426;174;428;137;445;105;452;275;489;237;565;200;605;195;611;163;76;246
MA-0130-SN01-000559-R.dw.png;MA-0130;34.228029;-6.581791;2023;Mediterranean;flower;New material;191;172;219;171;257;248;261;197;271;115;333;251;385;282;373;262;414;225;382;205;421;171;425;134;439;102;448;272;484;232;562;195;599;190;603;158;72;252
MA-0130-SN01-000560-L.dw.png;MA-0130;34.228029;-6.581791;2023;Mediterranean;flower;New material;145;155;165;149;215;221;217;168;216;87;295;212;351;236;333;216;367;175;342;161;372;123;368;83;382;49;417;215;448;171;513;123;552;112;558;79;34;250
MA-0130-SN01-000561-L.dw.png;MA-0130;34.228029;-6.581791;2023;Mediterranean;flower;New material;203;180;222;178;264;259;266;205;276;118;342;263;388;294;374;272;425;240;386;218;422;182;430;143;450;111;450;286;489;248;566;209;603;206;618;175;79;260
MA-0130-SN01-000561-R.dw.png;MA-0130;34.228029;-6.581791;2023;Mediterranean;flower;New material;203;182;223;179;264;258;270;205;274;118;344;259;393;289;379;268;423;234;391;213;424;178;431;138;448;106;452;281;492;242;569;200;606;197;620;165;85;266
MA-0130-SN01-000562-L.dw.png;MA-0130;34.228029;-6.581791;2023;Mediterranean;flower;New material;175;162;194;160;224;234;237;187;249;110;308;239;356;273;343;249;381;215;359;200;393;166;393;130;409;99;418;263;447;226;522;187;561;183;568;154;52;236
MA-0130-SN01-000562-R.dw.png;MA-0130;34.228029;-6.581791;2023;Mediterranean;flower;New material;154;174;174;168;220;234;221;185;215;107;301;222;355;244;338;224;370;182;341;170;368;132;361;96;371;63;413;222;436;177;498;126;537;113;540;83;52;275
MA-0130-SN01-000563-L.dw.png;MA-0130;34.228029;-6.581791;2023;Mediterranean;flower;New material;202;176;219;174;264;256;266;202;279;117;337;259;390;292;372;269;418;236;389;217;428;183;431;139;451;106;456;283;490;246;564;203;603;198;614;163;74;255
MA-0130-SN01-000563-R.dw.png;MA-0130;34.228029;-6.581791;2023;Mediterranean;flower;New material;200;171;218;168;265;251;264;197;276;112;339;254;389;286;372;263;418;230;387;212;426;177;428;134;444;100;456;277;492;239;563;198;598;193;608;160;77;249
MA-0130-SN01-000564-L.dw.png;MA-0130;34.228029;-6.581791;2023;Mediterranean;flower;New material;199;183;223;181;265;260;267;207;271;119;340;261;395;292;373;268;411;234;385;216;421;179;430;139;446;105;455;282;487;246;572;201;612;197;617;164;72;261
MA-0130-SN01-000564-R.dw.png;MA-0130;34.228029;-6.581791;2023;Mediterranean;flower;New material;198;183;220;180;260;260;265;206;270;120;338;261;393;294;372;270;408;236;383;217;421;183;429;141;449;107;453;284;484;250;571;206;610;202;616;170;70;260
MA-0130-SN01-000565-L.dw.png;MA-0130;34.228029;-6.581791;2023;Mediterranean;flower;New material;183;176;201;172;251;237;250;188;238;108;322;225;375;249;359;229;394;192;364;178;389;140;389;105;397;70;436;229;462;190;530;138;564;128;565;98;82;272
MA-0130-SN01-000565-R.dw.png;MA-0130;34.228029;-6.581791;2023;Mediterranean;flower;New material;187;169;208;165;252;231;252;184;246;105;324;223;378;249;363;228;396;192;369;177;396;142;396;106;404;72;439;230;465;193;533;143;569;133;572;102;82;261
MA-0130-SN01-000566-L.dw.png;MA-0130;34.228029;-6.581791;2023;Mediterranean;flower;New material;199;168;214;165;250;241;263;192;268;110;329;244;384;277;370;255;412;222;381;200;420;170;425;133;443;101;447;268;482;232;557;193;594;189;607;157;72;237
MA-0130-SN01-000566-R.dw.png;MA-0130;34.228029;-6.581791;2023;Mediterranean;flower;New material;197;162;211;160;254;236;259;186;265;104;328;239;383;272;369;250;414;218;379;197;417;165;423;127;441;95;447;262;481;226;553;187;593;181;605;150;72;233
MA-0130-SN01-000567-L.dw.png;MA-0130;34.228029;-6.581791;2023;Mediterranean;flower;New material;204;181;225;178;266;259;274;204;287;115;350;259;404;290;390;269;429;230;404;214;435;177;439;135;458;102;473;277;503;241;582;194;618;189;627;157;86;267
MA-0130-SN01-000567-R.dw.png;MA-0130;34.228029;-6.581791;2023;Mediterranean;flower;New material;203;176;225;174;263;257;270;201;286;116;347;260;397;293;384;271;424;233;400;215;431;180;437;139;457;105;467;282;500;246;577;201;614;196;620;164;82;258
MA-0130-SN01-000568-L.dw.png;MA-0130;34.228029;-6.581791;2023;Mediterranean;flower;New material;206;178;226;176;271;254;265;199;281;123;342;256;393;291;378;266;413;232;391;215;424;182;429;144;450;114;459;281;490;244;566;207;601;203;612;173;81;257
MA-0130-SN01-000568-R.dw.png;MA-0130;34.228029;-6.581791;2023;Mediterranean;flower;New material;207;179;227;177;272;254;267;200;281;123;341;256;393;290;378;266;414;231;390;213;424;181;429;143;449;112;458;279;487;242;564;203;602;198;609;167;81;259
MA-0130-SN01-000569-L.dw.png;MA-0130;34.228029;-6.581791;2023;Mediterranean;flower;New material;200;166;223;167;262;246;262;191;275;110;339;251;384;285;373;261;421;232;384;210;424;175;424;135;444;103;454;275;490;240;566;199;601;197;611;166;82;249
MA-0130-SN01-000569-R.dw.png;MA-0130;34.228029;-6.581791;2023;Mediterranean;flower;New material;222;171;246;171;290;249;287;195;296;111;360;251;406;284;395;262;441;230;406;208;444;174;443;133;462;103;476;274;513;237;587;197;618;196;629;163;107;258
MA-0130-SN01-000570-L.dw.png;MA-0130;34.228029;-6.581791;2023;Mediterranean;flower;New material;200;172;217;170;255;246;268;200;275;114;332;254;382;290;370;268;411;237;378;214;418;182;423;142;442;111;445;285;481;249;564;213;606;210;614;182;72;238
MA-0130-SN01-000570-R.dw.png;MA-0130;34.228029;-6.581791;2023;Mediterranean;flower;New material;205;173;222;171;262;246;274;199;277;115;340;251;392;285;379;263;418;230;383;208;423;176;428;134;447;104;456;277;493;240;576;199;617;194;624;164;78;244
MA-0130-SN01-000571-L.dw.png;MA-0130;34.228029;-6.581791;2023;Mediterranean;flower;New material;206;178;223;175;264;256;274;204;281;118;351;258;399;289;385;267;424;228;399;210;435;172;437;134;457;102;462;278;500;238;577;194;614;190;622;159;76;255
MA-0130-SN01-000571-R.dw.png;MA-0130;34.228029;-6.581791;2023;Mediterranean;flower;New material;207;178;224;175;267;257;272;203;282;119;352;260;400;290;387;268;423;230;399;212;438;176;438;135;458;104;463;280;504;239;579;198;616;194;623;162;77;255
MA-0131-SN02-000573-L.dw.png;MA-0131;34.885629;-6.258452;2023;Mediterranean;flower;New material;187;193;203;187;264;252;257;202;245;117;334;238;387;259;367;240;405;196;379;185;404;144;397;106;409;69;449;234;471;194;541;139;576;126;579;93;96;299
MA-0131-SN02-000573-R.dw.png;MA-0131;34.885629;-6.258452;2023;Mediterranean;flower;New material;190;179;209;177;256;255;259;204;267;117;327;255;373;288;359;265;405;231;377;212;414;179;415;139;431;105;440;275;470;241;549;202;585;197;594;166;79;262
MA-0131-SN02-000574-L.dw.png;MA-0131;34.885629;-6.258452;2023;Mediterranean;flower;New material;205;169;224;168;272;243;273;192;282;112;347;244;398;276;385;254;422;218;402;202;435;165;438;126;456;97;470;264;498;228;579;188;616;186;624;154;85;251
MA-0131-SN02-000574-R.dw.png;MA-0131;34.885629;-6.258452;2023;Mediterranean;flower;New material;194;186;214;179;275;245;262;194;258;113;349;231;403;253;387;233;418;192;390;180;417;139;415;100;424;70;470;228;494;186;561;134;598;124;601;92;93;289
MA-0131-SN02-000575-L.dw.png;MA-0131;34.885629;-6.258452;2023;Mediterranean;flower;New material;202;176;222;174;260;254;264;198;277;116;341;257;387;289;375;268;422;233;393;213;426;176;431;137;444;104;456;279;490;244;575;201;611;198;621;169;84;251
MA-0131-SN02-000575-R.dw.png;MA-0131;34.885629;-6.258452;2023;Mediterranean;flower;New material;202;176;220;174;261;255;262;200;277;118;340;259;388;292;375;268;421;233;393;214;427;179;429;140;444;106;456;281;489;246;575;204;611;201;622;171;82;251
MA-0131-SN02-000576-L.dw.png;MA-0131;34.885629;-6.258452;2023;Mediterranean;flower;New material;205;180;221;178;270;259;268;205;284;119;339;260;393;294;379;271;421;237;395;218;428;181;434;142;454;110;459;283;492;247;571;207;611;202;621;169;81;257
MA-0131-SN02-000576-R.dw.png;MA-0131;34.885629;-6.258452;2023;Mediterranean;flower;New material;211;179;228;178;273;258;275;206;288;120;344;259;397;293;383;269;425;236;398;216;432;180;437;140;456;107;464;282;497;246;578;205;616;199;626;167;86;258
MA-0131-SN02-000577-L.dw.png;MA-0131;34.885629;-6.258452;2023;Mediterranean;flower;New material;202;172;221;172;255;250;260;195;272;119;335;251;382;284;368;260;413;227;379;206;418;177;425;140;438;105;445;276;481;238;553;202;588;198;600;168;77;249
MA-0131-SN02-000577-R.dw.png;MA-0131;34.885629;-6.258452;2023;Mediterranean;flower;New material;200;174;219;172;261;251;258;196;267;120;334;251;380;284;366;260;409;227;378;206;415;176;422;138;436;103;446;274;481;236;552;198;588;193;598;163;74;252
MA-0131-SN02-000578-L.dw.png;MA-0131;34.885629;-6.258452;2023;Mediterranean;flower;New material;195;174;216;173;260;253;258;198;273;115;339;258;391;288;374;267;413;231;385;214;420;176;423;135;442;103;452;279;486;244;571;201;603;197;611;164;77;249
MA-0131-SN02-000578-R.dw.png;MA-0131;34.885629;-6.258452;2023;Mediterranean;flower;New material;196;173;218;171;262;251;259;195;273;112;341;254;393;285;375;263;412;226;387;209;422;171;425;130;443;99;453;275;491;236;571;194;604;189;614;155;80;252
MA-0131-SN02-000579-L.dw.png;MA-0131;34.885629;-6.258452;2023;Mediterranean;flower;New material;202;175;227;175;273;255;270;199;284;118;350;257;399;290;387;268;428;236;398;215;434;180;440;139;460;106;461;282;493;248;583;206;617;202;628;172;79;257
MA-0131-SN02-000579-R.dw.png;MA-0131;34.885629;-6.258452;2023;Mediterranean;flower;New material;202;178;226;176;274;255;270;200;281;117;348;256;397;288;384;265;420;231;397;213;430;177;436;136;457;103;460;278;492;243;581;198;616;194;627;163;82;264
MA-0131-SN02-000580-L.dw.png;MA-0131;34.885629;-6.258452;2023;Mediterranean;flower;New material;206;168;230;167;264;243;272;193;284;114;335;248;381;282;368;258;414;227;388;208;423;176;429;137;446;105;450;274;484;240;564;204;598;201;608;171;86;243
MA-0131-SN02-000580-R.dw.png;MA-0131;34.885629;-6.258452;2023;Mediterranean;flower;New material;203;124;228;122;265;198;269;147;281;69;335;200;380;233;369;210;414;178;389;159;419;126;425;86;441;55;449;224;483;188;559;149;595;145;604;114;87;203
MA-0131-SN02-000581-L.dw.png;MA-0131;34.885629;-6.258452;2023;Mediterranean;flower;New material;212;178;232;175;270;257;278;204;287;118;348;261;396;293;381;270;428;237;401;218;438;184;445;144;461;110;469;284;504;249;584;212;623;209;629;175;91;259
MA-0131-SN02-000581-R.dw.png;MA-0131;34.885629;-6.258452;2023;Mediterranean;flower;New material;211;181;230;179;273;258;278;204;286;119;351;259;401;288;386;267;431;233;401;212;435;177;441;136;455;102;473;277;507;240;585;200;622;194;629;162;93;269
MA-0131-SN02-000582-L.dw.png;MA-0131;34.885629;-6.258452;2023;Mediterranean;flower;New material;199;180;223;179;270;261;267;205;281;122;345;263;395;294;382;272;423;237;391;218;427;181;431;141;450;108;459;284;494;246;576;204;612;202;614;167;82;261
MA-0131-SN02-000582-R.dw.png;MA-0131;34.885629;-6.258452;2023;Mediterranean;flower;New material;201;178;228;178;273;259;270;204;285;122;345;262;397;294;382;272;422;237;393;218;431;182;435;144;452;110;461;284;497;247;578;207;615;204;619;170;84;256
MA-0131-SN02-000583-L.dw.png;MA-0131;34.885629;-6.258452;2023;Mediterranean;flower;New material;205;173;225;171;261;249;269;198;283;117;340;252;392;285;376;264;418;230;392;212;427;176;432;141;452;110;458;278;488;244;572;204;610;200;612;168;87;253
MA-0131-SN02-000583-R.dw.png;MA-0131;34.885629;-6.258452;2023;Mediterranean;flower;New material;206;173;227;171;264;249;268;196;284;117;339;251;394;285;379;262;419;230;395;211;429;176;434;139;451;107;461;276;491;241;575;202;615;198;620;167;86;252
MA-0131-SN02-000584-L.dw.png;MA-0131;34.885629;-6.258452;2023;Mediterranean;flower;New material;200;170;223;168;258;246;263;194;276;114;336;250;381;284;369;261;409;228;384;211;418;175;424;137;444;109;443;276;476;239;560;201;600;199;605;167;81;249
MA-0131-SN02-000584-R.dw.png;MA-0131;34.885629;-6.258452;2023;Mediterranean;flower;New material;200;171;221;169;256;246;257;192;274;113;335;248;382;281;370;258;412;226;381;207;415;172;422;134;441;106;444;273;478;236;558;197;599;194;604;163;83;252
MA-0131-SN02-000585-L.dw.png;MA-0131;34.885629;-6.258452;2023;Mediterranean;flower;New material;205;174;227;172;260;250;273;197;283;114;343;249;399;282;385;259;429;224;396;206;435;168;439;133;453;97;465;269;500;232;576;190;614;184;625;153;84;256
MA-0131-SN02-000585-R.dw.png;MA-0131;34.885629;-6.258452;2023;Mediterranean;flower;New material;206;177;227;175;260;254;273;200;285;117;344;255;399;289;385;265;428;232;398;211;434;175;441;138;459;105;462;279;499;242;579;201;615;198;628;166;82;256
MA-0131-SN02-000587-L.dw.png;MA-0131;34.885629;-6.258452;2023;Mediterranean;flower;New material;199;171;221;170;263;248;264;194;279;114;341;253;385;287;374;264;420;232;388;212;428;179;434;142;450;110;451;278;488;242;572;206;609;203;617;172;81;246
MA-0131-SN02-000587-R.dw.png;MA-0131;34.885629;-6.258452;2023;Mediterranean;flower;New material;197;172;218;169;263;248;265;196;274;114;340;251;387;284;373;261;416;227;387;209;424;175;432;137;446;106;450;273;485;237;570;199;606;196;612;166;82;253
MA-0131-SN02-000588-L.dw.png;MA-0131;34.885629;-6.258452;2023;Mediterranean;flower;New material;170;173;193;168;247;237;247;186;239;99;331;224;380;247;364;227;405;185;367;171;397;130;395;90;405;56;449;223;478;180;549;127;584;116;584;83;67;273
MA-0131-SN02-000588-R.dw.png;MA-0131;34.885629;-6.258452;2023;Mediterranean;flower;New material;182;191;204;186;260;253;255;203;247;117;342;237;390;258;373;239;412;198;373;185;403;146;399;104;409;73;458;232;485;189;553;139;587;126;587;95;81;293
MA-0131-SN02-000589-L.dw.png;MA-0131;34.885629;-6.258452;2023;Mediterranean;flower;New material;196;172;218;170;257;252;265;198;273;117;344;256;389;289;377;266;419;233;390;213;427;179;433;140;451;108;454;278;484;243;560;206;601;202;610;169;71;249
MA-0131-SN02-000589-R.dw.png;MA-0131;34.885629;-6.258452;2023;Mediterranean;flower;New material;183;175;206;169;257;240;255;186;247;104;342;226;395;249;379;231;411;188;379;175;411;133;408;95;421;59;456;225;479;185;544;132;585;118;589;84;78;279
MA-0131-SN02-000590-L.dw.png;MA-0131;34.885629;-6.258452;2023;Mediterranean;flower;New material;202;174;221;172;258;247;263;195;273;115;338;249;387;279;375;258;411;223;390;207;421;172;423;135;437;104;450;270;483;234;560;192;595;187;600;158;84;257
MA-0131-SN02-000590-R.dw.png;MA-0131;34.885629;-6.258452;2023;Mediterranean;flower;New material;203;175;223;172;257;247;264;195;274;114;337;250;388;282;375;260;409;226;388;209;420;174;424;137;438;104;449;273;482;238;560;197;598;193;604;164;84;255
MA-0132-SN03-000591-L.dw.png;MA-0132;35.169706;-6.119848;2023;Mediterranean;flower;New material;195;177;216;175;259;251;255;199;265;118;327;253;382;286;367;263;403;230;377;212;415;178;420;140;441;105;446;275;478;239;549;200;589;195;594;161;67;256
MA-0132-SN03-000591-R.dw.png;MA-0132;35.169706;-6.119848;2023;Mediterranean;flower;New material;186;186;206;182;264;243;252;194;245;114;337;228;396;247;377;229;403;189;372;177;404;139;399;101;411;61;454;222;478;180;537;130;576;114;578;81;81;292
MA-0132-SN03-000592-L.dw.png;MA-0132;35.169706;-6.119848;2023;Mediterranean;flower;New material;191;191;210;185;273;253;265;201;252;115;355;235;403;255;385;236;417;196;392;185;414;142;407;101;414;67;470;229;493;186;557;131;593;120;593;88;83;298
MA-0132-SN03-000592-R.dw.png;MA-0132;35.169706;-6.119848;2023;Mediterranean;flower;New material;173;172;192;171;235;253;242;201;249;114;320;257;363;288;352;266;392;235;367;217;397;182;403;141;418;108;429;281;460;246;539;209;577;206;584;175;42;247
MA-0132-SN03-000593-L.dw.png;MA-0132;35.169706;-6.119848;2023;Mediterranean;flower;New material;185;170;204;168;250;250;252;192;269;111;331;251;382;283;369;261;408;228;377;206;417;173;424;134;441;103;446;273;480;236;563;192;597;189;612;160;67;250
MA-0132-SN03-000593-R.dw.png;MA-0132;35.169706;-6.119848;2023;Mediterranean;flower;New material;185;172;204;169;247;252;251;195;268;112;327;255;377;287;364;265;405;231;376;210;415;178;423;139;440;108;441;277;476;240;559;198;596;195;608;166;65;251
MA-0132-SN03-000594-R.dw.png;MA-0132;35.169706;-6.119848;2023;Mediterranean;flower;New material;186;178;203;175;245;253;247;199;257;118;318;257;367;289;353;267;393;231;370;215;405;178;406;137;422;103;434;280;469;241;552;201;583;198;591;166;63;254
MA-0132-SN03-000596-L.dw.png;MA-0132;35.169706;-6.119848;2023;Mediterranean;flower;New material;193;175;213;173;240;247;252;198;263;118;313;249;367;282;346;257;386;226;364;209;400;177;404;138;426;105;428;273;457;239;535;202;575;196;579;162;73;251
MA-0132-SN03-000596-R.dw.png;MA-0132;35.169706;-6.119848;2023;Mediterranean;flower;New material;196;174;215;172;244;246;253;196;265;117;318;248;371;282;352;258;389;226;367;209;406;176;409;138;432;106;430;274;462;240;542;201;581;197;586;165;75;248
MA-0132-SN03-000597-L.dw.png;MA-0132;35.169706;-6.119848;2023;Mediterranean;flower;New material;202;176;223;175;263;255;269;203;277;119;350;259;395;292;382;269;423;235;396;217;432;183;436;140;451;105;467;280;501;243;580;203;620;198;630;169;78;254
MA-0132-SN03-000597-R.dw.png;MA-0132;35.169706;-6.119848;2023;Mediterranean;flower;New material;204;179;222;177;265;256;268;204;279;119;351;261;393;293;382;270;428;238;394;218;432;186;435;144;452;109;465;283;503;246;576;208;617;205;631;174;86;257
MA-0132-SN03-000598-L.dw.png;MA-0132;35.169706;-6.119848;2023;Mediterranean;flower;New material;208;183;230;180;282;256;277;205;281;120;348;257;401;290;385;267;427;232;394;212;434;178;437;137;452;104;465;279;500;240;584;197;618;194;628;162;87;259
MA-0132-SN03-000598-R.dw.png;MA-0132;35.169706;-6.119848;2023;Mediterranean;flower;New material;200;183;222;181;273;257;268;206;272;122;341;260;390;293;375;269;416;237;388;217;424;182;430;142;448;107;456;283;490;246;577;205;609;204;616;171;78;261
MA-0132-SN03-000599-L.dw.png;MA-0132;35.169706;-6.119848;2023;Mediterranean;flower;New material;166;171;181;170;234;254;232;200;238;116;311;258;353;293;341;268;385;235;357;217;391;180;396;144;418;109;418;285;460;245;540;209;571;205;583;177;45;249
MA-0132-SN03-000599-R.dw.png;MA-0132;35.169706;-6.119848;2023;Mediterranean;flower;New material;174;186;187;183;260;252;245;200;233;116;335;237;387;259;366;239;401;195;366;184;394;140;393;103;405;66;448;234;479;184;545;132;578;121;581;87;76;295
MA-0132-SN03-000600-L.dw.png;MA-0132;35.169706;-6.119848;2023;Mediterranean;flower;New material;159;191;180;185;235;258;225;203;229;119;299;247;361;273;341;251;375;212;352;200;383;159;386;116;400;80;417;256;449;213;525;162;566;151;567;115;41;290
MA-0132-SN03-000600-R.dw.png;MA-0132;35.169706;-6.119848;2023;Mediterranean;flower;New material;201;181;222;179;267;259;265;203;278;119;338;257;393;288;374;265;415;232;390;215;426;179;434;136;453;103;449;280;487;238;569;197;608;192;613;158;69;269
MA-0133-SN04-000601-L.dw.png;MA-0133;35.876552;-5.392867;2023;Mediterranean;flower;New material;213;183;235;181;275;263;270;205;288;123;351;267;403;299;386;277;444;243;404;224;445;185;447;143;464;111;471;290;511;250;599;208;632;206;638;172;81;262
MA-0133-SN04-000601-R.dw.png;MA-0133;35.876552;-5.392867;2023;Mediterranean;flower;New material;214;183;235;181;277;263;272;206;290;123;352;267;403;301;386;278;446;244;404;222;446;186;449;144;470;112;472;291;511;252;602;209;634;207;641;173;83;263
MA-0133-SN04-000602-L.dw.png;MA-0133;35.876552;-5.392867;2023;Mediterranean;flower;New material;214;191;239;186;282;266;285;211;293;126;367;267;418;300;401;275;445;237;418;221;456;184;462;142;479;108;490;288;527;249;605;206;646;200;654;166;93;280
MA-0133-SN04-000602-R.dw.png;MA-0133;35.876552;-5.392867;2023;Mediterranean;flower;New material;210;183;233;179;277;259;281;205;288;120;359;260;413;293;397;269;441;232;412;215;450;179;456;139;474;106;483;281;519;244;594;203;640;199;646;162;91;272
MA-0133-SN04-000603-L.dw.png;MA-0133;35.876552;-5.392867;2023;Mediterranean;flower;New material;173;200;192;194;254;266;244;215;246;121;330;257;382;283;366;262;406;218;371;202;405;158;402;118;413;80;458;259;490;214;568;158;603;147;605;113;63;301
MA-0133-SN04-000603-R.dw.png;MA-0133;35.876552;-5.392867;2023;Mediterranean;flower;New material;194;183;213;180;262;261;265;208;279;116;341;264;397;297;379;274;423;236;391;216;430;179;433;137;452;102;468;285;508;245;592;203;628;197;634;163;74;266
MA-0133-SN04-000604-L.dw.png;MA-0133;35.876552;-5.392867;2023;Mediterranean;flower;New material;213;180;232;177;275;263;278;205;289;119;357;266;410;300;391;277;445;240;412;220;450;182;452;143;471;108;481;291;515;250;603;209;641;205;647;172;84;267
MA-0133-SN04-000604-R.dw.png;MA-0133;35.876552;-5.392867;2023;Mediterranean;flower;New material;218;180;235;178;279;265;281;205;294;119;361;268;414;302;396;279;450;243;417;221;454;185;459;146;476;110;485;293;520;253;607;213;645;210;651;176;85;264
MA-0133-SN04-000605-L.dw.png;MA-0133;35.876552;-5.392867;2023;Mediterranean;flower;New material;210;184;235;180;267;266;282;210;293;126;354;269;411;304;393;280;430;240;414;225;456;187;462;147;480;111;479;295;517;256;611;211;647;207;658;173;80;263
MA-0133-SN04-000605-R.dw.png;MA-0133;35.876552;-5.392867;2023;Mediterranean;flower;New material;208;185;234;181;268;267;282;211;291;126;354;268;410;303;394;279;431;241;412;226;455;186;459;146;477;109;479;293;517;254;610;210;644;206;654;172;80;267
MA-0133-SN04-000606-L.dw.png;MA-0133;35.876552;-5.392867;2023;Mediterranean;flower;New material;197;183;218;181;258;261;263;206;275;124;331;263;390;295;375;274;420;236;394;218;434;183;437;145;457;112;465;286;502;247;582;208;618;205;623;173;77;264
MA-0133-SN04-000606-R.dw.png;MA-0133;35.876552;-5.392867;2023;Mediterranean;flower;New material;195;179;216;175;258;256;262;202;275;118;330;257;391;290;375;268;419;230;392;212;432;177;437;142;457;108;464;281;500;242;581;202;619;199;623;166;76;259
MA-0133-SN04-000607-L.dw.png;MA-0133;35.876552;-5.392867;2023;Mediterranean;flower;New material;197;177;217;173;254;253;264;202;269;122;337;256;387;287;373;266;423;229;388;210;427;176;432;137;447;105;458;278;496;238;575;200;611;196;617;163;77;255
MA-0133-SN04-000607-R.dw.png;MA-0133;35.876552;-5.392867;2023;Mediterranean;flower;New material;202;177;221;174;258;255;267;202;272;123;339;258;388;289;377;267;420;230;392;212;431;177;435;140;450;108;461;279;500;240;579;202;616;197;623;164;80;254
MA-0133-SN04-000608-L.dw.png;MA-0133;35.876552;-5.392867;2023;Mediterranean;flower;New material;205;186;224;183;269;261;273;212;281;124;344;266;395;299;380;277;432;242;392;221;434;182;442;140;459;108;466;290;507;248;596;208;631;202;636;170;77;264
MA-0133-SN04-000608-R.dw.png;MA-0133;35.876552;-5.392867;2023;Mediterranean;flower;New material;205;167;227;166;269;244;271;193;280;107;344;249;395;284;379;261;432;226;395;206;432;167;444;126;460;95;465;275;506;235;597;195;632;192;639;159;74;242
MA-0133-SN04-000609-L.dw.png;MA-0133;35.876552;-5.392867;2023;Mediterranean;flower;New material;219;191;240;191;287;276;289;220;300;126;364;279;416;315;396;289;449;256;418;237;459;196;464;152;480;116;489;306;532;266;621;223;650;221;655;184;89;269
MA-0133-SN04-000609-R.dw.png;MA-0133;35.876552;-5.392867;2023;Mediterranean;flower;New material;214;191;237;189;288;276;286;220;297;126;366;278;415;313;398;288;452;254;421;236;457;194;461;148;476;113;488;304;532;263;618;220;646;217;653;182;88;270
MA-0133-SN04-000610-L.dw.png;MA-0133;35.876552;-5.392867;2023;Mediterranean;flower;New material;219;184;241;182;282;268;288;209;294;123;368;271;418;304;402;282;453;243;415;221;457;185;467;143;483;112;497;294;533;254;618;211;657;206;664;173;83;268
MA-0133-SN04-000610-R.dw.png;MA-0133;35.876552;-5.392867;2023;Mediterranean;flower;New material;213;178;241;177;279;263;280;201;292;118;364;266;416;300;398;277;451;239;415;218;456;181;466;141;481;109;492;291;529;250;618;207;653;205;664;172;82;261
MA-0133-SN04-000611-L.dw.png;MA-0133;35.876552;-5.392867;2023;Mediterranean;flower;New material;204;176;224;174;265;254;267;198;276;116;344;254;390;282;375;262;413;227;383;210;426;173;431;134;446;100;453;273;487;237;572;192;604;188;611;155;79;264
MA-0133-SN04-000611-R.dw.png;MA-0133;35.876552;-5.392867;2023;Mediterranean;flower;New material;207;174;227;172;267;253;267;195;278;115;343;255;390;286;377;264;419;231;391;212;429;176;436;138;453;103;456;276;490;241;574;197;608;193;615;161;81;258
MA-0133-SN04-000612-L.dw.png;MA-0133;35.876552;-5.392867;2023;Mediterranean;flower;New material;208;186;229;183;268;265;275;208;289;123;364;266;413;295;399;274;443;238;410;218;449;181;453;142;468;108;481;283;515;245;588;203;626;198;637;166;81;267
MA-0133-SN04-000612-R.dw.png;MA-0133;35.876552;-5.392867;2023;Mediterranean;flower;New material;209;188;230;185;269;267;280;212;291;126;365;269;414;299;399;277;445;242;410;221;449;186;453;146;467;111;482;288;517;250;587;210;625;207;642;175;82;268
MA-0133-SN04-000613-L.dw.png;MA-0133;35.876552;-5.392867;2023;Mediterranean;flower;New material;191;178;211;171;267;243;265;191;252;109;340;234;393;259;375;239;419;196;380;182;411;141;408;102;416;67;460;237;485;194;562;139;602;127;607;93;73;275
MA-0133-SN04-000613-R.dw.png;MA-0133;35.876552;-5.392867;2023;Mediterranean;flower;New material;191;176;212;170;266;243;263;190;254;108;340;233;395;256;375;238;417;195;384;182;412;140;408;100;418;65;462;235;488;192;565;136;604;123;607;90;71;271
MA-0133-SN04-000614-L.dw.png;MA-0133;35.876552;-5.392867;2023;Mediterranean;flower;New material;195;181;218;179;271;258;266;206;278;119;347;261;395;297;382;272;425;235;397;217;437;183;441;142;463;107;471;287;505;249;592;208;631;205;639;173;67;255
MA-0133-SN04-000614-R.dw.png;MA-0133;35.876552;-5.392867;2023;Mediterranean;flower;New material;211;181;234;180;281;258;279;205;291;119;362;261;415;295;398;272;443;236;414;218;449;182;453;140;474;105;484;285;519;246;603;204;643;201;651;168;81;254
MA-0133-SN04-000615-L.dw.png;MA-0133;35.876552;-5.392867;2023;Mediterranean;flower;New material;206;180;224;178;267;258;268;204;276;118;341;260;391;292;376;270;417;235;393;218;432;180;436;138;451;103;459;283;493;246;583;201;615;196;623;163;77;258
MA-0133-SN04-000615-R.dw.png;MA-0133;35.876552;-5.392867;2023;Mediterranean;flower;New material;210;180;227;178;269;257;274;205;280;119;345;260;397;293;382;271;424;237;399;219;437;181;441;139;455;104;464;283;497;248;588;202;620;198;631;166;78;257
MA-0133-SN04-000616-L.dw.png;MA-0133;35.876552;-5.392867;2023;Mediterranean;flower;New material;215;192;234;190;282;271;284;218;292;129;357;275;409;307;391;284;440;248;408;228;451;193;459;155;475;117;479;300;516;260;600;219;641;215;648;182;80;267
MA-0133-SN04-000616-R.dw.png;MA-0133;35.876552;-5.392867;2023;Mediterranean;flower;New material;216;190;236;187;282;268;286;215;291;124;359;270;415;302;394;279;443;242;414;223;456;187;460;147;477;110;482;293;519;253;603;212;644;207;649;172;86;273
MA-0133-SN04-000617-L.dw.png;MA-0133;35.876552;-5.392867;2023;Mediterranean;flower;New material;152;198;176;191;233;259;224;206;216;119;304;244;369;262;344;245;384;198;352;185;380;141;376;99;386;63;431;239;462;192;537;131;571;118;572;84;47;304
MA-0133-SN04-000617-R.dw.png;MA-0133;35.876552;-5.392867;2023;Mediterranean;flower;New material;150;188;173;183;225;253;223;200;218;113;300;242;362;266;338;245;383;203;348;187;382;146;379;104;391;68;425;245;458;201;540;147;575;136;577;102;40;289
MA-0133-SN04-000618-L.dw.png;MA-0133;35.876552;-5.392867;2023;Mediterranean;flower;New material;197;191;215;186;277;256;264;203;261;116;352;244;407;266;387;247;431;204;385;189;422;146;420;105;429;69;473;245;504;197;581;141;614;130;618;97;86;293
MA-0133-SN04-000618-R.dw.png;MA-0133;35.876552;-5.392867;2023;Mediterranean;flower;New material;174;188;194;182;256;250;241;198;238;113;329;237;387;259;366;239;407;196;365;182;398;139;398;99;407;63;451;237;482;187;558;130;592;118;594;85;65;287
MA-0134-SN05-000619-L.dw.png;MA-0134;35.845618;-5.446041;2023;Mediterranean;flower;New material;217;183;240;181;278;265;281;208;294;125;356;270;409;304;395;281;439;248;413;230;451;192;461;148;480;116;478;295;510;263;602;219;643;216;655;183;82;261
MA-0134-SN05-000619-R.dw.png;MA-0134;35.845618;-5.446041;2023;Mediterranean;flower;New material;219;188;243;186;281;269;280;208;293;126;357;269;414;304;399;280;444;246;415;227;453;187;462;145;477;109;483;292;515;257;605;210;645;204;656;172;84;271
MA-0134-SN05-000620-L.dw.png;MA-0134;35.845618;-5.446041;2023;Mediterranean;flower;New material;212;178;236;176;282;261;282;205;293;122;356;265;407;300;391;276;443;240;410;220;453;184;459;144;478;110;474;289;509;251;594;209;633;204;645;170;86;262
MA-0134-SN05-000620-R.dw.png;MA-0134;35.845618;-5.446041;2023;Mediterranean;flower;New material;213;176;234;175;282;260;282;205;292;120;356;264;406;299;391;275;439;240;408;220;449;185;456;145;474;112;472;290;511;253;594;210;632;206;643;173;84;258
MA-0134-SN05-000621-L.dw.png;MA-0134;35.845618;-5.446041;2023;Mediterranean;flower;New material;200;175;221;174;253;257;263;203;281;119;334;264;390;300;375;277;419;242;395;222;431;185;439;143;457;110;463;292;500;254;585;212;618;209;630;176;73;250
MA-0134-SN05-000621-R.dw.png;MA-0134;35.845618;-5.446041;2023;Mediterranean;flower;New material;200;180;221;178;255;261;263;207;282;123;332;267;392;302;375;279;420;244;392;224;431;187;438;145;455;111;464;293;504;255;586;212;619;208;630;175;73;256
MA-0134-SN05-000622-L.dw.png;MA-0134;35.845618;-5.446041;2023;Mediterranean;flower;New material;215;181;233;180;283;265;281;209;294;122;359;268;411;302;393;279;438;243;409;222;453;188;462;148;481;113;477;293;517;255;601;215;644;211;657;180;79;259
MA-0134-SN05-000622-R.dw.png;MA-0134;35.845618;-5.446041;2023;Mediterranean;flower;New material;215;182;233;180;284;264;281;208;292;123;362;268;411;301;396;278;439;242;414;224;451;189;462;149;478;114;476;293;519;253;603;216;642;212;658;182;80;260
MA-0134-SN05-000623-L.dw.png;MA-0134;35.845618;-5.446041;2023;Mediterranean;flower;New material;210;182;236;180;278;265;279;207;292;123;362;270;403;303;388;278;437;243;409;224;449;190;455;149;469;112;470;293;509;255;597;214;633;211;642;177;80;258
MA-0134-SN05-000623-R.dw.png;MA-0134;35.845618;-5.446041;2023;Mediterranean;flower;New material;213;182;241;181;286;266;286;209;295;124;367;270;409;304;394;278;446;245;410;223;454;190;462;148;476;111;477;293;516;255;606;213;641;210;651;177;84;260
MA-0134-SN05-000624-L.dw.png;MA-0134;35.845618;-5.446041;2023;Mediterranean;flower;New material;214;178;235;176;275;264;283;208;297;121;361;271;402;304;390;280;435;245;408;225;445;186;450;147;467;113;469;296;509;257;585;218;617;216;631;183;79;250
MA-0134-SN05-000624-R.dw.png;MA-0134;35.845618;-5.446041;2023;Mediterranean;flower;New material;219;182;240;180;277;266;286;210;301;122;364;272;408;306;394;281;440;245;414;225;449;189;453;149;472;115;476;296;513;258;592;218;625;215;637;181;81;253
MA-0134-SN05-000625-L.dw.png;MA-0134;35.845618;-5.446041;2023;Mediterranean;flower;New material;217;187;241;185;274;265;281;212;294;127;359;271;414;307;396;283;438;247;415;231;451;191;457;147;472;113;482;298;519;261;606;219;643;214;650;181;76;260
MA-0134-SN05-000625-R.dw.png;MA-0134;35.845618;-5.446041;2023;Mediterranean;flower;New material;220;187;242;186;281;266;283;211;294;127;363;272;416;308;400;283;439;246;418;230;455;191;459;146;476;114;484;298;522;260;610;218;644;215;655;180;79;263
MA-0134-SN05-000626-L.dw.png;MA-0134;35.845618;-5.446041;2023;Mediterranean;flower;New material;214;184;236;182;273;264;284;212;292;126;358;270;405;304;388;279;442;245;405;224;447;190;452;146;467;112;477;294;516;254;601;214;638;211;649;178;78;255
MA-0134-SN05-000626-R.dw.png;MA-0134;35.845618;-5.446041;2023;Mediterranean;flower;New material;213;181;234;179;271;262;282;208;292;123;358;268;403;303;389;278;445;244;409;223;449;189;451;144;466;109;475;293;514;255;598;215;638;211;648;180;79;254
MA-0134-SN05-000627-L.dw.png;MA-0134;35.845618;-5.446041;2023;Mediterranean;flower;New material;221;189;243;186;290;275;289;214;295;125;369;278;421;313;403;288;453;253;419;230;461;193;468;148;487;112;484;304;525;266;624;219;655;216;667;181;85;271
MA-0134-SN05-000627-R.dw.png;MA-0134;35.845618;-5.446041;2023;Mediterranean;flower;New material;222;191;242;187;295;277;288;213;294;126;374;277;426;311;407;287;455;249;423;228;463;189;469;144;486;109;488;300;527;261;625;215;659;210;669;177;86;277
MA-0134-SN05-000628-L.dw.png;MA-0134;35.845618;-5.446041;2023;Mediterranean;flower;New material;202;170;227;170;258;248;265;196;279;116;331;252;386;288;371;264;415;229;393;214;429;177;436;138;454;105;445;281;484;245;577;205;611;203;622;169;75;242
MA-0134-SN05-000628-R.dw.png;MA-0134;35.845618;-5.446041;2023;Mediterranean;flower;New material;200;172;225;170;256;247;265;196;277;114;331;251;387;286;371;261;416;228;393;211;427;176;432;135;449;101;447;277;483;242;574;201;608;199;619;165;78;248
MA-0134-SN05-000629-L.dw.png;MA-0134;35.845618;-5.446041;2023;Mediterranean;flower;New material;213;179;238;178;279;262;277;204;296;123;359;266;406;302;389;276;438;245;409;223;452;191;458;147;472;110;473;292;509;255;603;212;636;209;644;175;81;253
MA-0134-SN05-000629-R.dw.png;MA-0134;35.845618;-5.446041;2023;Mediterranean;flower;New material;212;178;238;177;280;262;280;205;295;123;360;267;404;302;388;276;439;245;409;224;450;192;456;150;471;111;472;293;506;257;600;214;636;211;644;178;83;254
MA-0134-SN05-000630-L.dw.png;MA-0134;35.845618;-5.446041;2023;Mediterranean;flower;New material;215;184;240;182;281;267;285;208;298;123;367;270;413;303;396;279;447;244;414;222;458;189;463;147;476;110;479;293;520;254;611;210;647;206;655;172;85;265
MA-0134-SN05-000630-R.dw.png;MA-0134;35.845618;-5.446041;2023;Mediterranean;flower;New material;215;181;240;179;277;264;285;206;297;122;364;269;410;301;392;276;439;242;410;221;455;189;462;145;477;108;478;292;518;253;611;210;646;206;657;172;83;261
MA-0134-SN05-000631-L.dw.png;MA-0134;35.845618;-5.446041;2023;Mediterranean;flower;New material;219;180;240;178;281;262;285;207;297;120;356;265;411;300;396;277;441;243;411;223;449;186;454;145;470;113;480;291;515;255;596;214;629;210;638;178;92;256
MA-0134-SN05-000631-R.dw.png;MA-0134;35.845618;-5.446041;2023;Mediterranean;flower;New material;211;183;229;180;273;262;278;206;285;119;353;263;409;296;394;273;439;238;404;217;441;181;447;141;461;106;478;284;509;246;589;204;623;200;633;167;87;264
MA-0135-SN06-000632-L.dw.png;MA-0135;35.818605;-5.540126;2023;Mediterranean;flower;New material;205;172;223;170;265;258;273;202;288;118;341;263;394;299;380;275;431;240;396;218;438;187;444;147;467;114;468;291;504;254;593;216;625;214;633;182;78;250
MA-0135-SN06-000632-R.dw.png;MA-0135;35.818605;-5.540126;2023;Mediterranean;flower;New material;205;172;221;170;265;256;271;201;285;117;342;261;397;297;379;271;430;237;395;215;438;185;443;145;465;112;468;287;504;250;590;210;625;207;631;175;77;247
MA-0135-SN06-000633-L.dw.png;MA-0135;35.818605;-5.540126;2023;Mediterranean;flower;New material;189;177;210;174;252;250;259;199;266;116;337;251;386;284;373;260;417;226;386;208;425;172;428;132;447;99;458;271;486;235;566;194;606;187;619;155;75;256
MA-0135-SN06-000633-R.dw.png;MA-0135;35.818605;-5.540126;2023;Mediterranean;flower;New material;189;174;210;172;247;251;260;200;269;117;334;257;379;291;366;267;412;234;383;215;424;181;430;141;447;109;449;281;485;246;564;210;606;205;621;172;71;249
MA-0135-SN06-000634-L.dw.png;MA-0135;35.818605;-5.540126;2023;Mediterranean;flower;New material;205;183;229;180;276;261;273;204;285;122;353;263;406;294;390;273;437;237;401;214;445;179;447;139;463;106;478;284;514;245;598;202;629;198;641;165;75;263
MA-0135-SN06-000634-R.dw.png;MA-0135;35.818605;-5.540126;2023;Mediterranean;flower;New material;211;179;237;178;277;259;280;204;293;122;354;264;407;297;392;275;440;241;408;218;450;184;455;144;471;113;479;289;517;251;602;212;635;210;648;175;79;255
MA-0135-SN06-000635-L.dw.png;MA-0135;35.818605;-5.540126;2023;Mediterranean;flower;New material;202;176;224;173;266;251;267;198;275;118;338;251;390;285;369;260;420;229;384;208;425;175;431;133;448;103;456;274;490;236;576;196;608;192;619;160;85;258
MA-0135-SN06-000635-R.dw.png;MA-0135;35.818605;-5.540126;2023;Mediterranean;flower;New material;203;176;224;174;262;251;267;198;275;116;339;250;393;284;372;258;420;226;389;205;428;174;431;130;450;100;459;272;491;234;578;194;612;189;622;158;88;258
MA-0135-SN06-000636-L.dw.png;MA-0135;35.818605;-5.540126;2023;Mediterranean;flower;New material;210;179;230;177;271;248;275;198;280;117;338;250;399;286;386;264;425;226;395;206;435;172;441;135;463;104;463;276;496;236;576;195;616;192;624;160;79;252
MA-0135-SN06-000636-R.dw.png;MA-0135;35.818605;-5.540126;2023;Mediterranean;flower;New material;201;175;221;172;261;253;266;199;278;116;338;256;388;292;377;268;419;235;388;213;429;182;437;143;457;113;456;284;495;246;573;210;610;208;618;175;73;248
MA-0135-SN06-000637-L.dw.png;MA-0135;35.818605;-5.540126;2023;Mediterranean;flower;New material;201;172;217;170;252;246;267;198;271;114;331;247;383;279;370;257;407;223;383;206;416;171;419;130;436;100;447;268;478;233;553;194;594;188;598;157;76;246
MA-0135-SN06-000637-R.dw.png;MA-0135;35.818605;-5.540126;2023;Mediterranean;flower;New material;191;172;206;170;238;245;258;199;263;114;320;247;375;280;362;258;400;225;372;205;408;174;412;133;429;102;438;270;470;234;545;197;585;193;589;161;67;247
MA-0135-SN06-000638-L.dw.png;MA-0135;35.818605;-5.540126;2023;Mediterranean;flower;New material;211;176;229;172;280;261;284;206;294;122;350;265;401;300;386;277;436;243;402;222;442;186;449;144;468;112;470;290;506;255;595;214;628;210;640;179;84;255
MA-0135-SN06-000638-R.dw.png;MA-0135;35.818605;-5.540126;2023;Mediterranean;flower;New material;213;176;230;173;279;258;284;205;293;120;353;264;403;297;387;273;433;239;401;218;442;183;449;141;465;108;472;286;507;251;596;208;630;204;639;172;85;256
MA-0135-SN06-000639-L.dw.png;MA-0135;35.818605;-5.540126;2023;Mediterranean;flower;New material;181;185;206;178;251;247;252;194;245;111;339;229;398;250;374;229;408;190;379;178;407;137;403;100;412;65;456;228;481;185;553;130;590;117;594;85;79;283
MA-0135-SN06-000639-R.dw.png;MA-0135;35.818605;-5.540126;2023;Mediterranean;flower;New material;174;185;199;179;241;248;247;196;240;111;329;231;389;253;362;232;400;193;374;180;403;141;397;104;405;69;447;231;474;188;547;133;584;121;585;90;71;281
MA-0135-SN06-000640-L.dw.png;MA-0135;35.818605;-5.540126;2023;Mediterranean;flower;New material;202;176;222;174;260;255;261;197;271;119;332;254;390;286;375;264;413;229;385;208;425;173;429;135;443;102;451;275;488;238;569;194;605;189;612;158;81;259
MA-0135-SN06-000640-R.dw.png;MA-0135;35.818605;-5.540126;2023;Mediterranean;flower;New material;202;177;223;173;252;255;264;198;275;119;335;257;394;289;380;267;414;231;392;212;429;178;434;136;447;102;456;279;494;241;574;199;611;194;622;165;81;258
MA-0135-SN06-000641-L.dw.png;MA-0135;35.818605;-5.540126;2023;Mediterranean;flower;New material;204;174;225;172;265;249;271;199;285;114;341;253;395;287;381;265;423;230;392;210;429;176;436;137;458;107;459;277;493;239;571;200;614;195;624;164;79;249
MA-0135-SN06-000641-R.dw.png;MA-0135;35.818605;-5.540126;2023;Mediterranean;flower;New material;204;175;224;172;267;251;269;199;282;115;340;253;395;287;380;265;421;229;392;211;430;176;436;137;457;107;456;276;494;239;570;199;616;193;621;163;81;251
MA-0135-SN06-000642-L.dw.png;MA-0135;35.818605;-5.540126;2023;Mediterranean;flower;New material;195;168;219;166;258;248;263;195;277;112;336;249;386;283;372;259;417;227;389;209;424;174;428;133;445;106;451;273;489;234;559;197;597;193;606;163;78;247
MA-0135-SN06-000642-R.dw.png;MA-0135;35.818605;-5.540126;2023;Mediterranean;flower;New material;194;165;220;165;257;246;260;193;277;112;331;248;382;283;367;259;417;229;383;208;421;175;425;134;445;107;449;275;486;238;557;199;595;196;606;166;77;242
MA-0135-SN06-000643-L.dw.png;MA-0135;35.818605;-5.540126;2023;Mediterranean;flower;New material;196;195;213;192;256;266;267;219;266;133;331;267;385;301;365;276;409;245;383;225;418;194;421;153;442;123;445;293;484;254;560;219;602;216;612;184;76;269
MA-0135-SN06-000643-R.dw.png;MA-0135;35.818605;-5.540126;2023;Mediterranean;flower;New material;189;177;205;174;248;249;254;200;262;116;327;250;379;285;362;259;404;228;379;210;411;178;416;135;436;105;442;277;480;239;555;205;597;203;607;172;69;251
MA-0135-SN06-000644-L.dw.png;MA-0135;35.818605;-5.540126;2023;Mediterranean;flower;New material;200;177;219;175;256;256;263;202;272;122;339;261;388;293;371;269;415;237;386;217;426;182;433;142;450;109;453;284;487;249;576;207;612;203;623;170;77;256
MA-0135-SN06-000644-R.dw.png;MA-0135;35.818605;-5.540126;2023;Mediterranean;flower;New material;198;179;218;177;252;258;261;203;272;123;339;260;390;293;374;268;415;235;388;215;429;180;436;139;453;107;457;281;489;247;579;202;617;196;625;165;78;260
MA-0135-SN06-000645-L.dw.png;MA-0135;35.818605;-5.540126;2023;Mediterranean;flower;New material;210;177;234;175;266;255;275;201;292;119;348;260;402;292;387;269;429;234;400;214;443;180;447;138;464;107;468;282;504;245;594;202;626;199;627;164;86;255
MA-0135-SN06-000645-R.dw.png;MA-0135;35.818605;-5.540126;2023;Mediterranean;flower;New material;209;175;233;174;267;255;272;199;289;117;350;260;403;292;384;268;430;234;402;215;441;180;445;139;462;107;469;282;504;245;591;205;621;202;625;167;85;255
MA-0135-SN06-000646-L.dw.png;MA-0135;35.818605;-5.540126;2023;Mediterranean;flower;New material;195;171;217;171;258;251;259;197;273;112;336;256;387;292;370;266;412;234;385;213;424;179;431;137;448;107;451;284;488;246;576;208;610;205;621;172;77;250
MA-0135-SN06-000646-R.dw.png;MA-0135;35.818605;-5.540126;2023;Mediterranean;flower;New material;202;168;223;167;263;247;266;193;277;109;338;249;393;285;377;260;418;226;387;204;428;170;435;129;453;100;458;275;495;236;579;197;616;193;625;160;84;248
MA-0135-SN06-000647-L.dw.png;MA-0135;35.818605;-5.540126;2023;Mediterranean;flower;New material;197;173;219;171;259;254;262;200;278;118;333;260;379;293;365;270;413;235;384;215;425;183;431;143;449;114;446;284;484;246;561;211;598;209;606;178;71;249
MA-0135-SN06-000647-R.dw.png;MA-0135;35.818605;-5.540126;2023;Mediterranean;flower;New material;204;177;225;175;267;253;266;197;280;117;344;256;388;286;375;265;423;228;394;209;432;175;436;135;454;105;459;275;493;236;570;198;608;195;611;162;83;261
MA-0136-SN07-000647-L.dw.png;MA-0136;35.516418;-5.16426;2023;Mediterranean;flower;New material;214;175;234;174;274;260;281;202;296;117;363;264;408;297;394;274;440;238;411;219;450;185;450;141;465;109;473;288;510;251;602;208;634;205;642;175;82;254
MA-0136-SN07-000647-R.dw.png;MA-0136;35.516418;-5.16426;2023;Mediterranean;flower;New material;212;175;236;174;277;259;283;204;296;119;363;263;408;295;394;273;439;237;412;217;451;186;449;141;468;111;473;286;511;248;604;206;638;202;644;171;82;254
MA-0136-SN07-000648-L.dw.png;MA-0136;35.516418;-5.16426;2023;Mediterranean;flower;New material;212;175;230;172;278;255;280;204;291;116;353;260;402;294;389;272;427;237;402;219;444;184;448;146;467;114;466;284;500;252;584;215;626;211;638;181;86;251
MA-0136-SN07-000648-R.dw.png;MA-0136;35.516418;-5.16426;2023;Mediterranean;flower;New material;183;199;199;192;265;261;256;208;244;121;346;244;397;262;378;245;409;200;381;189;408;146;402;108;412;71;457;239;483;195;554;139;591;126;595;92;79;307
MA-0136-SN07-000649-L.dw.png;MA-0136;35.516418;-5.16426;2023;Mediterranean;flower;New material;204;179;220;177;266;261;269;206;277;121;346;266;394;298;379;276;423;242;390;221;432;189;435;145;452;112;458;289;495;252;583;212;616;211;626;182;76;253
MA-0136-SN07-000649-R.dw.png;MA-0136;35.516418;-5.16426;2023;Mediterranean;flower;New material;204;179;220;177;264;261;263;203;276;122;343;266;391;300;377;277;420;243;392;222;430;189;434;147;451;114;456;291;492;253;580;215;614;215;623;185;75;253
MA-0136-SN07-000650-L.dw.png;MA-0136;35.516418;-5.16426;2023;Mediterranean;flower;New material;210;183;234;181;274;269;281;211;294;126;361;275;410;306;394;283;444;246;410;225;449;190;452;146;471;114;479;296;518;255;602;215;634;211;639;178;84;266
MA-0136-SN07-000650-R.dw.png;MA-0136;35.516418;-5.16426;2023;Mediterranean;flower;New material;210;181;234;179;274;267;281;210;297;126;358;273;408;306;392;283;440;246;408;226;448;191;451;149;471;118;478;297;519;255;596;218;634;214;640;181;82;261
MA-0136-SN07-000651-L.dw.png;MA-0136;35.516418;-5.16426;2023;Mediterranean;flower;New material;217;179;239;178;282;266;284;209;299;124;360;270;407;304;390;280;441;245;410;224;451;190;454;148;469;112;475;295;514;254;600;214;637;211;641;179;81;255
MA-0136-SN07-000651-R.dw.png;MA-0136;35.516418;-5.16426;2023;Mediterranean;flower;New material;219;177;239;177;284;263;286;207;300;124;364;268;410;303;395;279;443;244;412;223;453;191;456;150;470;113;478;294;517;257;601;218;640;215;645;184;84;254
MA-0136-SN07-000652-L.dw.png;MA-0136;35.516418;-5.16426;2023;Mediterranean;flower;New material;208;181;230;178;270;264;279;209;291;122;352;269;406;303;391;280;437;244;408;224;448;187;454;148;472;116;470;296;513;258;599;221;640;218;648;185;83;263
MA-0136-SN07-000652-R.dw.png;MA-0136;35.516418;-5.16426;2023;Mediterranean;flower;New material;212;176;236;173;276;258;284;201;293;114;362;259;414;292;399;269;446;231;417;213;454;175;458;136;474;102;478;283;520;243;605;203;646;198;652;165;88;261
MA-0136-SN07-000653-L.dw.png;MA-0136;35.516418;-5.16426;2023;Mediterranean;flower;New material;216;186;235;183;279;271;284;215;295;132;362;276;408;309;396;286;437;249;414;232;451;196;453;153;468;119;475;300;516;262;600;222;632;220;641;189;82;262
MA-0136-SN07-000653-R.dw.png;MA-0136;35.516418;-5.16426;2023;Mediterranean;flower;New material;217;183;235;181;282;267;287;212;293;129;364;272;410;304;398;281;436;244;410;225;450;191;452;146;467;114;478;294;517;256;599;217;633;214;641;186;84;263
MA-0136-SN07-000654-L.dw.png;MA-0136;35.516418;-5.16426;2023;Mediterranean;flower;New material;207;189;227;187;267;274;274;215;290;128;356;277;407;309;394;287;440;250;408;228;449;188;453;148;475;112;478;299;520;257;605;214;635;210;648;175;71;268
MA-0136-SN07-000654-R.dw.png;MA-0136;35.516418;-5.16426;2023;Mediterranean;flower;New material;219;166;241;166;275;253;286;195;303;106;363;261;412;294;401;272;446;234;415;212;459;173;464;134;487;97;486;285;526;245;611;204;646;201;661;168;80;241
MA-0136-SN07-000655-L.dw.png;MA-0136;35.516418;-5.16426;2023;Mediterranean;flower;New material;211;173;239;171;282;259;282;201;294;122;361;263;409;298;395;275;442;239;406;216;452;185;455;146;473;113;476;288;510;251;595;209;634;205;645;174;80;245
MA-0136-SN07-000655-R.dw.png;MA-0136;35.516418;-5.16426;2023;Mediterranean;flower;New material;210;172;237;171;284;260;280;200;292;122;361;263;410;297;397;274;442;238;404;214;450;184;454;144;470;110;477;287;513;249;596;208;633;205;649;174;80;249
MA-0137-SN08-000656-L.dw.png;MA-0137;35.342273;-5.181206;2023;Mediterranean;flower;New material;210;175;235;172;273;253;273;196;286;116;352;256;403;287;388;265;435;230;405;210;440;175;444;136;461;105;474;275;507;238;582;199;620;193;627;159;85;258
MA-0137-SN08-000656-R.dw.png;MA-0137;35.342273;-5.181206;2023;Mediterranean;flower;New material;210;174;234;171;269;253;274;197;289;115;349;258;400;290;386;268;435;233;407;213;441;179;447;140;464;108;471;280;507;243;583;206;620;202;630;169;83;254
MA-0137-SN08-000657-L.dw.png;MA-0137;35.342273;-5.181206;2023;Mediterranean;flower;New material;215;173;237;171;282;257;285;199;295;116;364;261;408;293;392;269;437;233;414;214;452;178;458;138;476;107;479;281;514;244;598;202;637;198;644;165;83;252
MA-0137-SN08-000657-R.dw.png;MA-0137;35.342273;-5.181206;2023;Mediterranean;flower;New material;215;173;237;171;283;258;285;199;296;115;367;262;410;294;397;270;442;235;416;214;454;179;459;138;474;108;480;282;519;245;601;203;638;200;647;168;86;256
MA-0137-SN08-000658-L.dw.png;MA-0137;35.342273;-5.181206;2023;Mediterranean;flower;New material;204;176;228;175;266;256;277;204;284;119;346;261;402;295;387;272;426;235;405;219;439;182;444;140;462;108;472;285;506;248;589;206;628;202;638;171;80;250
MA-0137-SN08-000658-R.dw.png;MA-0137;35.342273;-5.181206;2023;Mediterranean;flower;New material;204;177;227;175;267;254;276;201;280;118;349;256;405;288;389;266;427;229;403;211;437;174;442;133;458;101;471;274;505;238;589;193;628;188;637;156;83;256
MA-0137-SN08-000659-L.dw.png;MA-0137;35.342273;-5.181206;2023;Mediterranean;flower;New material;213;179;237;177;278;262;282;206;296;118;358;265;408;295;393;274;435;239;413;220;450;184;454;145;473;115;475;285;507;251;587;210;624;206;637;176;84;259
MA-0137-SN08-000659-R.dw.png;MA-0137;35.342273;-5.181206;2023;Mediterranean;flower;New material;213;179;234;177;285;259;281;202;292;115;359;259;411;289;396;267;437;231;413;212;451;176;454;136;472;107;482;276;512;240;590;196;629;191;640;159;88;264
MA-0137-SN08-000660-R.dw.png;MA-0137;35.342273;-5.181206;2023;Mediterranean;flower;New material;208;174;232;172;277;260;285;204;293;114;356;264;405;297;389;273;437;237;411;218;449;182;458;139;476;105;472;288;512;248;593;209;632;204;642;170;81;253
MA-0137-SN08-000661-L.dw.png;MA-0137;35.342273;-5.181206;2023;Mediterranean;flower;New material;206;175;228;173;261;253;270;200;283;118;340;255;392;288;378;265;424;232;394;214;424;180;430;139;450;111;455;279;490;242;566;204;603;201;611;170;82;256
MA-0137-SN08-000661-R.dw.png;MA-0137;35.342273;-5.181206;2023;Mediterranean;flower;New material;207;174;230;172;265;251;271;199;284;118;342;254;395;287;379;264;422;230;393;211;428;179;433;139;451;111;459;276;495;240;570;202;608;198;615;168;84;256
MA-0137-SN08-000662-L.dw.png;MA-0137;35.342273;-5.181206;2023;Mediterranean;flower;New material;263;154;288;152;327;239;333;181;342;96;405;244;454;279;441;255;492;220;464;198;502;162;506;120;526;88;532;269;567;230;651;189;691;184;699;150;133;232
MA-0137-SN08-000662-R.dw.png;MA-0137;35.342273;-5.181206;2023;Mediterranean;flower;New material;200;169;225;168;265;258;269;199;281;115;338;265;386;303;374;278;426;246;400;224;438;189;444;147;465;116;468;295;500;260;583;223;624;220;634;187;69;244
MA-0137-SN08-000663-L.dw.png;MA-0137;35.342273;-5.181206;2023;Mediterranean;flower;New material;197;173;217;171;258;257;265;200;270;118;344;260;394;293;381;270;422;233;390;212;431;177;436;138;450;103;465;280;498;245;582;203;617;199;625;166;78;258
MA-0137-SN08-000663-R.dw.png;MA-0137;35.342273;-5.181206;2023;Mediterranean;flower;New material;199;177;220;174;268;260;267;202;271;120;348;261;399;293;385;270;427;232;395;213;432;177;437;136;452;103;470;279;501;243;582;200;619;195;627;162;80;263
MA-0137-SN08-000664-R.dw.png;MA-0137;35.342273;-5.181206;2023;Mediterranean;flower;New material;216;179;235;176;277;261;282;203;292;121;360;266;403;298;394;275;445;239;413;218;448;181;453;138;468;107;480;286;517;249;598;207;632;203;645;169;81;256
MA-0137-SN08-000665-L.dw.png;MA-0137;35.342273;-5.181206;2023;Mediterranean;flower;New material;148;157;170;154;216;241;216;183;230;90;295;242;345;276;329;251;373;219;346;197;384;160;386;117;410;86;415;268;452;228;540;188;578;184;586;152;23;238
MA-0137-SN08-000666-L.dw.png;MA-0137;35.342273;-5.181206;2023;Mediterranean;flower;New material;205;179;224;177;269;261;267;203;282;121;349;267;398;300;384;277;427;242;399;221;437;185;443;142;460;110;464;292;505;253;588;211;621;208;629;174;74;255
MA-0137-SN08-000666-R.dw.png;MA-0137;35.342273;-5.181206;2023;Mediterranean;flower;New material;204;179;225;177;271;261;270;204;279;121;346;264;399;297;385;274;427;238;396;217;434;180;440;139;456;106;467;286;507;247;587;205;623;200;622;166;76;256
MA-0137-SN08-000667-L.dw.png;MA-0137;35.342273;-5.181206;2023;Mediterranean;flower;New material;148;183;170;179;234;258;222;201;224;114;304;248;363;275;344;252;391;209;355;193;388;154;386;114;400;80;428;255;463;209;536;160;569;152;575;117;35;277
MA-0137-SN08-000667-R.dw.png;MA-0137;35.342273;-5.181206;2023;Mediterranean;flower;New material;155;185;176;179;249;251;228;197;225;109;314;237;375;259;355;238;395;191;360;179;390;138;386;98;398;62;439;236;470;185;539;130;573;118;576;83;50;289
MA-0137-SN08-000668-L.dw.png;MA-0137;35.342273;-5.181206;2023;Mediterranean;flower;New material;194;189;217;183;278;257;263;198;258;116;353;244;408;265;389;246;429;199;396;185;425;142;421;99;429;65;473;240;503;195;577;134;613;121;615;88;82;301
MA-0137-SN08-000668-R.dw.png;MA-0137;35.342273;-5.181206;2023;Mediterranean;flower;New material;213;183;238;181;282;267;285;207;292;124;360;268;410;299;397;277;444;239;413;219;451;181;453;140;467;108;486;285;519;247;601;203;637;198;645;166;84;271
MA-0137-SN08-000669-L.dw.png;MA-0137;35.342273;-5.181206;2023;Mediterranean;flower;New material;212;178;232;177;277;262;282;206;292;119;357;266;405;298;390;276;437;241;409;220;451;185;455;142;472;109;477;289;513;251;594;208;628;205;635;170;80;258
MA-0137-SN08-000669-R.dw.png;MA-0137;35.342273;-5.181206;2023;Mediterranean;flower;New material;210;177;231;175;280;259;280;203;289;115;360;263;408;293;395;272;440;236;410;216;451;180;454;137;472;104;478;283;516;245;596;202;632;198;636;163;80;260
MA-0137-SN08-000670-L.dw.png;MA-0137;35.342273;-5.181206;2023;Mediterranean;flower;New material;219;181;234;179;279;262;278;205;294;120;354;264;402;297;387;274;436;238;408;220;445;183;447;142;464;108;469;287;509;247;586;208;625;204;633;173;83;258
MA-0137-SN08-000670-R.dw.png;MA-0137;35.342273;-5.181206;2023;Mediterranean;flower;New material;215;183;232;182;279;266;276;207;293;123;353;268;400;302;388;279;438;244;404;224;442;189;445;148;463;115;467;294;508;254;583;216;620;213;630;181;82;261
MA-0138-SN09-000671-L.dw.png;MA-0138;35.194091;-5.307241;2023;Mediterranean;flower;New material;207;181;225;179;276;264;276;210;289;122;357;271;408;306;395;282;438;247;408;228;445;191;453;147;471;115;471;298;513;259;598;219;637;216;652;184;81;253
MA-0138-SN09-000671-R.dw.png;MA-0138;35.194091;-5.307241;2023;Mediterranean;flower;New material;210;182;229;182;279;263;284;211;290;121;362;268;412;303;399;279;443;247;409;225;448;189;455;143;472;111;476;294;518;255;605;215;642;211;651;176;83;256
MA-0138-SN09-000672-L.dw.png;MA-0138;35.194091;-5.307241;2023;Mediterranean;flower;New material;197;166;219;164;264;250;259;191;281;109;338;254;386;289;373;265;419;230;384;207;429;174;434;133;451;102;457;279;497;238;576;203;615;199;627;165;62;244
MA-0138-SN09-000672-R.dw.png;MA-0138;35.194091;-5.307241;2023;Mediterranean;flower;New material;205;171;227;169;275;251;268;193;288;111;347;253;398;286;384;263;430;226;395;206;438;172;441;131;457;100;466;275;507;234;584;196;625;190;631;156;73;249
MA-0138-SN09-000673-L.dw.png;MA-0138;35.194091;-5.307241;2023;Mediterranean;flower;New material;136;187;157;180;227;252;213;199;204;112;299;240;357;262;337;243;373;199;340;185;375;141;370;101;381;62;422;238;450;191;516;139;562;122;564;86;29;299
MA-0138-SN09-000673-R.dw.png;MA-0138;35.194091;-5.307241;2023;Mediterranean;flower;New material;185;186;207;181;277;255;257;199;256;113;350;245;406;268;386;248;423;204;392;190;425;148;423;104;434;68;469;247;500;201;571;147;614;134;615;98;75;292
MA-0138-SN09-000674-L.dw.png;MA-0138;35.194091;-5.307241;2023;Mediterranean;flower;New material;207;176;222;172;272;257;265;195;279;114;347;258;395;291;383;268;425;231;395;212;436;178;444;133;463;102;465;279;501;242;590;200;624;195;634;163;76;260
MA-0138-SN09-000674-R.dw.png;MA-0138;35.194091;-5.307241;2023;Mediterranean;flower;New material;221;182;237;178;288;265;279;205;294;121;358;268;404;301;393;280;437;245;405;223;447;189;459;145;477;114;477;291;510;257;598;214;636;210;648;178;87;262
MA-0138-SN09-000675-L.dw.png;MA-0138;35.194091;-5.307241;2023;Mediterranean;flower;New material;177;169;194;163;266;236;252;180;242;93;347;223;395;243;378;224;414;180;380;166;409;124;403;80;414;44;459;218;486;175;559;118;590;108;593;73;72;281
MA-0138-SN09-000675-R.dw.png;MA-0138;35.194091;-5.307241;2023;Mediterranean;flower;New material;181;173;198;169;268;245;251;188;251;102;346;236;393;259;376;239;416;197;383;182;412;142;409;98;425;62;456;241;487;196;563;144;594;135;600;100;71;279
MA-0138-SN09-000676-L.dw.png;MA-0138;35.194091;-5.307241;2023;Mediterranean;flower;New material;201;181;218;179;268;262;267;208;279;121;342;266;390;300;376;277;423;242;395;223;430;187;432;143;452;109;456;291;493;256;577;212;618;209;624;177;79;254
MA-0138-SN09-000676-R.dw.png;MA-0138;35.194091;-5.307241;2023;Mediterranean;flower;New material;201;181;220;177;269;259;269;205;277;120;346;262;391;295;378;272;422;237;391;217;429;181;429;137;449;103;458;284;496;246;575;202;615;197;623;165;81;259
MA-0138-SN09-000677-L.dw.png;MA-0138;35.194091;-5.307241;2023;Mediterranean;flower;New material;157;88;175;88;208;176;222;123;239;45;286;188;326;224;316;200;368;172;338;147;379;117;386;77;409;46;396;221;438;190;529;161;565;163;573;130;20;164
MA-0138-SN09-000677-R.dw.png;MA-0138;35.194091;-5.307241;2023;Mediterranean;flower;New material;156;107;175;106;211;193;220;138;240;59;287;204;326;241;315;216;368;188;340;163;377;133;387;93;409;61;394;239;438;207;528;180;567;181;572;149;23;176
MA-0138-SN09-000678-L.dw.png;MA-0138;35.194091;-5.307241;2023;Mediterranean;flower;New material;220;194;242;190;282;269;284;214;296;128;366;270;417;300;400;278;442;242;412;222;450;186;453;147;469;112;476;290;517;250;591;210;633;206;639;171;97;275
MA-0138-SN09-000678-R.dw.png;MA-0138;35.194091;-5.307241;2023;Mediterranean;flower;New material;209;192;232;189;275;266;274;212;288;128;357;268;408;300;389;277;432;240;405;223;441;185;444;147;460;113;468;290;506;249;584;210;625;205;636;173;88;273
MA-0138-SN09-000679-L.dw.png;MA-0138;35.194091;-5.307241;2023;Mediterranean;flower;New material;191;145;211;143;244;221;256;169;266;89;323;226;366;258;356;236;405;206;369;183;408;151;415;112;432;80;434;250;467;216;546;177;580;172;585;141;65;223
MA-0138-SN09-000679-R.dw.png;MA-0138;35.194091;-5.307241;2023;Mediterranean;flower;New material;175;183;194;177;243;244;240;191;233;112;318;232;368;253;354;235;390;193;358;181;385;140;383;101;394;66;431;230;456;189;525;133;558;120;558;89;70;284
MA-0138-SN09-000680-L.dw.png;MA-0138;35.194091;-5.307241;2023;Mediterranean;flower;New material;209;185;229;182;284;265;279;209;287;125;362;269;407;301;393;278;438;242;407;222;442;186;446;144;467;111;477;291;513;253;596;213;632;210;642;176;81;265
MA-0138-SN09-000680-R.dw.png;MA-0138;35.194091;-5.307241;2023;Mediterranean;flower;New material;212;177;234;176;282;258;283;205;290;122;361;264;407;298;391;274;439;240;414;222;445;186;449;145;471;111;476;290;515;251;597;213;633;211;639;176;82;254
MA-0138-SN09-000681-R.dw.png;MA-0138;35.194091;-5.307241;2023;Mediterranean;flower;New material;149;113;172;111;215;198;222;139;233;55;306;202;353;233;339;210;377;173;357;157;391;118;394;78;415;45;421;224;457;187;551;147;583;143;589;108;22;197
MA-0138-SN09-000682-L.dw.png;MA-0138;35.194091;-5.307241;2023;Mediterranean;flower;New material;214;190;231;187;285;275;285;216;295;129;370;278;414;309;399;286;446;251;412;231;448;196;455;151;474;118;477;300;514;263;600;220;636;216;647;182;86;274
MA-0138-SN09-000682-R.dw.png;MA-0138;35.194091;-5.307241;2023;Mediterranean;flower;New material;214;183;232;180;289;267;282;209;293;123;371;269;416;300;400;276;446;242;415;222;448;187;454;144;475;111;477;291;516;253;602;211;638;208;649;174;89;270
MA-0138-SN09-000683-L.dw.png;MA-0138;35.194091;-5.307241;2023;Mediterranean;flower;New material;212;170;232;168;290;254;283;197;294;112;368;254;408;285;394;261;431;227;398;207;439;173;443;132;462;101;469;274;505;234;579;195;616;190;627;159;85;252
MA-0138-SN09-000683-R.dw.png;MA-0138;35.194091;-5.307241;2023;Mediterranean;flower;New material;213;168;236;166;287;254;282;196;297;111;367;254;408;287;395;263;436;230;406;210;443;175;447;134;468;102;472;277;507;237;581;200;619;196;629;164;86;251
MA-0138-SN09-000684-L.dw.png;MA-0138;35.194091;-5.307241;2023;Mediterranean;flower;New material;215;184;234;184;280;272;281;213;298;126;364;279;411;313;395;289;442;254;410;232;451;195;455;154;474;120;480;304;513;268;598;228;635;225;650;193;84;261
MA-0138-SN09-000684-R.dw.png;MA-0138;35.194091;-5.307241;2023;Mediterranean;flower;New material;215;183;234;183;283;272;285;214;298;124;360;276;411;312;396;287;438;251;408;230;450;192;454;150;474;115;480;301;515;263;598;223;637;218;652;187;87;262
MA-0139-SN10-000685-L.dw.png;MA-0139;35.063152;-5.18726;2023;Mediterranean;flower;New material;203;179;225;178;264;261;268;203;282;119;339;265;390;296;375;274;425;237;389;217;436;182;444;140;462;107;460;285;499;248;581;205;615;200;628;169;75;262
MA-0139-SN10-000686-L.dw.png;MA-0139;35.063152;-5.18726;2023;Mediterranean;flower;New material;150;189;166;182;238;250;221;198;210;109;305;236;365;257;345;238;377;195;342;181;382;136;375;93;388;55;430;231;454;189;535;127;565;115;569;79;41;294
MA-0139-SN10-000686-R.dw.png;MA-0139;35.063152;-5.18726;2023;Mediterranean;flower;New material;201;173;217;171;273;253;271;199;278;111;345;254;394;287;383;265;425;229;393;209;440;174;442;131;462;96;464;277;498;241;592;196;626;192;640;158;72;253
MA-0139-SN10-000687-L.dw.png;MA-0139;35.063152;-5.18726;2023;Mediterranean;flower;New material;199;180;225;179;261;255;266;202;274;117;340;256;392;290;378;266;418;230;386;209;431;175;435;134;455;101;457;278;489;242;576;200;614;196;628;165;79;262
MA-0139-SN10-000687-R.dw.png;MA-0139;35.063152;-5.18726;2023;Mediterranean;flower;New material;196;181;220;179;263;257;263;203;271;116;336;256;391;289;376;266;416;230;384;210;425;175;430;134;448;100;454;277;487;241;569;199;608;196;622;165;74;263
MA-0139-SN10-000688-L.dw.png;MA-0139;35.063152;-5.18726;2023;Mediterranean;flower;New material;210;180;229;178;280;259;284;206;285;119;356;259;404;289;391;268;437;232;400;212;439;177;444;138;460;106;468;278;503;242;585;201;624;196;631;164;83;264
MA-0139-SN10-000688-R.dw.png;MA-0139;35.063152;-5.18726;2023;Mediterranean;flower;New material;206;175;227;173;274;256;275;201;282;117;350;260;396;292;383;269;430;235;394;213;435;182;441;144;461;111;460;282;500;246;579;208;619;206;627;174;78;253
MA-0139-SN10-000689-L.dw.png;MA-0139;35.063152;-5.18726;2023;Mediterranean;flower;New material;192;185;215;183;264;267;259;208;278;123;339;271;391;304;375;281;427;245;390;225;432;187;438;146;462;113;460;296;499;254;580;214;615;211;630;179;65;263
MA-0139-SN10-000689-R.dw.png;MA-0139;35.063152;-5.18726;2023;Mediterranean;flower;New material;161;183;185;180;236;262;230;206;247;121;308;264;361;297;346;274;393;237;359;216;400;181;405;138;427;104;431;285;470;243;549;200;585;196;598;162;39;264
MA-0139-SN10-000690-L.dw.png;MA-0139;35.063152;-5.18726;2023;Mediterranean;flower;New material;163;154;185;154;224;234;231;182;251;96;302;241;353;279;341;254;386;222;352;198;393;167;401;126;426;95;418;272;456;233;539;197;579;195;590;164;22;217
MA-0139-SN10-000690-R.dw.png;MA-0139;35.063152;-5.18726;2023;Mediterranean;flower;New material;192;174;216;171;260;248;264;197;273;109;337;248;393;281;377;257;418;221;385;200;421;166;427;126;449;90;457;268;490;228;574;185;613;180;623;147;56;250
MA-0139-SN10-000691-L.dw.png;MA-0139;35.063152;-5.18726;2023;Mediterranean;flower;New material;197;170;217;169;257;250;263;197;279;112;338;257;388;291;372;266;419;234;391;215;428;179;433;138;452;106;460;282;495;244;571;207;610;204;618;173;70;241
MA-0139-SN10-000691-R.dw.png;MA-0139;35.063152;-5.18726;2023;Mediterranean;flower;New material;188;173;209;172;252;250;252;197;269;114;331;255;381;288;365;264;410;230;380;212;417;175;422;135;443;104;452;278;487;240;565;201;603;197;612;164;63;248
MA-0139-SN10-000692-L.dw.png;MA-0139;35.063152;-5.18726;2023;Mediterranean;flower;New material;168;167;188;164;235;249;235;191;246;105;315;250;371;285;353;260;401;222;374;203;415;169;422;127;436;94;445;273;480;236;565;192;604;188;612;157;35;251
MA-0139-SN10-000692-R.dw.png;MA-0139;35.063152;-5.18726;2023;Mediterranean;flower;New material;202;186;225;183;267;266;265;206;281;122;351;268;406;304;388;278;436;241;409;222;449;186;455;145;470;113;479;292;515;254;599;212;641;209;647;177;70;268
MA-0139-SN10-000693-L.dw.png;MA-0139;35.063152;-5.18726;2023;Mediterranean;flower;New material;201;184;220;179;274;257;270;200;271;110;352;250;412;276;393;256;431;214;398;196;435;155;437;113;451;76;484;257;515;215;599;159;635;150;639;118;80;279
MA-0139-SN10-000693-R.dw.png;MA-0139;35.063152;-5.18726;2023;Mediterranean;flower;New material;202;190;222;188;269;273;269;214;282;126;345;274;404;307;386;284;429;247;398;225;440;189;447;148;464;112;476;296;512;258;603;214;640;209;648;177;73;272
MA-0139-SN10-000694-L.dw.png;MA-0139;35.063152;-5.18726;2023;Mediterranean;flower;New material;211;178;235;178;270;261;277;204;293;121;360;265;406;299;394;274;432;239;408;221;446;184;451;143;468;109;472;289;511;250;589;210;627;204;637;172;81;256
MA-0139-SN10-000694-R.dw.png;MA-0139;35.063152;-5.18726;2023;Mediterranean;flower;New material;211;178;234;176;272;261;276;204;294;122;357;265;404;300;392;275;430;241;404;222;447;186;452;144;470;110;472;291;513;251;589;213;629;207;641;175;80;256
MA-0139-SN10-000695-R.dw.png;MA-0139;35.063152;-5.18726;2023;Mediterranean;flower;New material;142;188;166;182;231;253;218;198;217;110;304;240;357;261;339;242;376;199;347;186;375;144;372;101;387;66;423;237;448;197;524;138;563;126;567;94;31;295
MA-0139-SN10-000696-L.dw.png;MA-0139;35.063152;-5.18726;2023;Mediterranean;flower;New material;203;182;230;181;282;267;275;210;288;124;358;271;404;303;392;282;432;246;400;225;442;191;450;148;468;113;472;295;506;257;594;215;635;211;651;179;76;260
MA-0139-SN10-000696-R.dw.png;MA-0139;35.063152;-5.18726;2023;Mediterranean;flower;New material;206;183;236;183;285;267;279;210;291;123;359;269;408;302;395;279;435;242;407;225;444;188;451;146;469;112;473;291;510;252;592;213;638;207;652;176;83;264
MA-0139-SN10-000697-L.dw.png;MA-0139;35.063152;-5.18726;2023;Mediterranean;flower;New material;199;177;226;174;267;259;271;203;280;117;348;261;397;295;383;270;425;232;400;213;438;179;442;137;461;105;461;284;499;243;575;204;614;200;627;168;73;256
MA-0139-SN10-000697-R.dw.png;MA-0139;35.063152;-5.18726;2023;Mediterranean;flower;New material;203;178;230;177;269;260;274;204;283;118;348;264;397;297;384;274;426;235;403;218;439;181;444;144;464;109;464;288;502;248;576;209;619;206;629;172;74;256
MA-0139-SN10-000698-L.dw.png;MA-0139;35.063152;-5.18726;2023;Mediterranean;flower;New material;181;174;199;173;250;256;249;198;263;110;327;257;377;290;361;267;411;232;372;211;413;177;417;136;437;104;444;280;477;241;557;202;592;198;596;163;52;254
MA-0139-SN10-000698-R.dw.png;MA-0139;35.063152;-5.18726;2023;Mediterranean;flower;New material;204;166;225;164;273;247;271;188;283;101;352;248;401;281;385;257;436;222;403;203;434;168;437;126;458;94;468;270;502;230;578;191;612;187;618;153;74;244
MA-0139-SN10-000699-L.dw.png;MA-0139;35.063152;-5.18726;2023;Mediterranean;flower;New material;198;182;219;179;263;264;260;206;272;126;339;267;389;300;375;277;419;240;387;221;427;187;430;144;447;109;454;290;489;252;572;212;610;208;618;173;83;265
MA-0139-SN10-000699-R.dw.png;MA-0139;35.063152;-5.18726;2023;Mediterranean;flower;New material;205;224;226;222;272;305;270;249;280;166;350;307;401;340;386;317;427;281;394;262;434;226;439;185;454;151;466;329;499;293;579;252;618;248;629;215;93;308
MA-0139-SN10-000700-L.dw.png;MA-0139;35.063152;-5.18726;2023;Mediterranean;flower;New material;163;191;183;186;248;257;240;205;229;117;321;247;378;273;359;251;390;208;361;195;395;155;393;112;406;76;436;253;468;207;542;155;581;142;583;110;52;290
MA-0139-SN10-000700-R.dw.png;MA-0139;35.063152;-5.18726;2023;Mediterranean;flower;New material;184;183;205;181;256;266;257;212;263;123;331;270;380;304;366;280;409;244;378;224;418;192;424;150;442;118;445;295;482;256;560;218;603;213;610;180;56;260
MA-0139-SN10-000701-L.dw.png;MA-0139;35.063152;-5.18726;2023;Mediterranean;flower;New material;218;180;238;178;274;257;284;205;296;121;355;261;410;296;394;272;437;238;411;218;450;181;453;141;472;111;473;286;509;248;598;205;636;202;648;170;90;258
MA-0139-SN10-000701-R.dw.png;MA-0139;35.063152;-5.18726;2023;Mediterranean;flower;New material;217;181;237;179;275;258;285;207;294;122;355;262;407;295;392;272;435;236;412;219;446;182;450;142;465;110;471;285;503;248;592;205;633;202;642;171;91;261
MA-0140-SN11-000702-L.dw.png;MA-0140;35.269179;-3.675277;2023;Mediterranean;flower;New material;194;177;216;175;257;255;262;203;271;115;333;262;380;297;369;274;416;239;382;217;422;182;428;140;445;106;450;288;488;250;574;208;609;204;617;172;62;256
MA-0140-SN11-000702-R.dw.png;MA-0140;35.269179;-3.675277;2023;Mediterranean;flower;New material;164;184;184;178;241;247;238;195;225;108;315;236;369;261;352;239;392;196;349;179;385;140;383;96;391;60;435;236;464;191;539;131;574;119;577;85;49;283
MA-0140-SN11-000703-L.dw.png;MA-0140;35.269179;-3.675277;2023;Mediterranean;flower;New material;205;175;224;174;256;254;264;198;283;112;328;259;386;296;370;271;428;237;390;213;430;179;438;139;455;105;454;286;498;246;579;204;621;201;622;167;77;247
MA-0140-SN11-000703-R.dw.png;MA-0140;35.269179;-3.675277;2023;Mediterranean;flower;New material;204;183;226;181;253;259;266;204;282;119;332;264;389;300;374;275;428;241;391;216;430;183;438;141;455;110;457;289;499;250;582;206;623;202;624;169;79;257
MA-0140-SN11-000704-L.dw.png;MA-0140;35.269179;-3.675277;2023;Mediterranean;flower;New material;204;184;229;182;266;262;271;207;284;124;347;264;402;299;386;273;427;237;400;219;440;182;443;139;464;106;466;288;504;247;578;208;629;202;638;169;83;265
MA-0140-SN11-000704-R.dw.png;MA-0140;35.269179;-3.675277;2023;Mediterranean;flower;New material;205;180;230;178;265;260;272;206;288;123;345;264;399;302;384;276;424;241;395;221;440;186;443;144;464;112;464;293;504;255;580;219;628;215;635;182;84;258
MA-0140-SN11-000705-L.dw.png;MA-0140;35.269179;-3.675277;2023;Mediterranean;flower;New material;201;178;222;176;266;262;264;203;275;121;338;267;385;301;374;278;419;241;387;219;423;183;430;141;451;108;455;291;495;250;579;208;609;205;619;172;69;252
MA-0140-SN11-000705-R.dw.png;MA-0140;35.269179;-3.675277;2023;Mediterranean;flower;New material;199;176;217;175;263;261;263;203;273;121;332;267;377;302;365;278;410;242;378;220;419;186;426;144;447;111;447;294;486;255;572;213;602;210;613;176;63;243
MA-0140-SN11-000706-L.dw.png;MA-0140;35.269179;-3.675277;2023;Mediterranean;flower;New material;191;188;214;181;280;253;269;200;261;111;361;238;413;260;395;240;430;197;391;184;418;140;417;98;427;60;478;234;507;187;575;128;607;117;607;82;83;292
MA-0140-SN11-000706-R.dw.png;MA-0140;35.269179;-3.675277;2023;Mediterranean;flower;New material;190;163;216;162;259;247;262;192;277;103;344;254;389;288;376;265;425;233;387;210;425;174;434;130;456;95;453;281;498;243;582;203;615;200;621;166;56;234
MA-0140-SN11-000707-L.dw.png;MA-0140;35.269179;-3.675277;2023;Mediterranean;flower;New material;202;176;222;175;271;256;268;201;278;119;345;259;397;291;383;269;425;236;392;216;427;184;433;143;449;110;458;282;496;245;575;206;611;203;620;170;75;250
MA-0140-SN11-000707-R.dw.png;MA-0140;35.269179;-3.675277;2023;Mediterranean;flower;New material;206;172;224;171;269;255;271;200;284;116;346;258;399;292;386;269;426;236;398;218;432;185;439;145;458;112;461;284;500;247;581;209;619;206;626;173;74;244
MA-0140-SN11-000708-L.dw.png;MA-0140;35.269179;-3.675277;2023;Mediterranean;flower;New material;202;170;220;167;256;241;270;194;268;113;340;245;390;279;374;254;412;222;384;203;419;171;424;131;441;99;452;270;487;232;563;194;605;190;614;159;87;244
MA-0140-SN11-000708-R.dw.png;MA-0140;35.269179;-3.675277;2023;Mediterranean;flower;New material;202;172;220;169;259;243;269;195;268;115;342;247;391;280;377;255;413;222;386;204;419;171;423;131;442;99;453;269;488;231;562;192;605;187;611;156;86;246
MA-0140-SN11-000709-L.dw.png;MA-0140;35.269179;-3.675277;2023;Mediterranean;flower;New material;193;177;218;176;258;262;269;208;281;120;343;267;393;301;380;278;422;240;392;220;431;187;440;144;459;110;460;291;496;254;587;211;625;207;634;175;73;256
MA-0140-SN11-000709-R.dw.png;MA-0140;35.269179;-3.675277;2023;Mediterranean;flower;New material;200;178;221;176;262;262;272;208;283;120;341;265;394;301;381;278;422;239;393;219;433;188;441;145;461;112;461;290;497;253;585;211;624;208;635;174;75;257
MA-0140-SN11-000710-L.dw.png;MA-0140;35.269179;-3.675277;2023;Mediterranean;flower;New material;204;184;229;181;271;267;274;208;286;124;358;269;405;302;392;279;430;244;402;226;440;186;442;144;461;112;467;292;508;253;585;213;626;208;637;173;80;264
MA-0140-SN11-000710-R.dw.png;MA-0140;35.269179;-3.675277;2023;Mediterranean;flower;New material;202;180;230;179;270;266;269;205;286;123;355;268;401;302;388;278;429;243;401;225;438;188;442;146;461;112;465;292;505;254;585;214;625;210;635;175;78;259
MA-0141-SN12-000711-L.dw.png;MA-0141;35.189861;-3.412752;2023;Mediterranean;flower;New material;204;181;227;180;261;259;274;206;286;117;347;259;406;292;385;268;433;232;405;213;446;177;451;138;468;101;472;281;511;243;596;202;636;198;646;162;81;260
MA-0141-SN12-000711-R.dw.png;MA-0141;35.189861;-3.412752;2023;Mediterranean;flower;New material;205;186;229;183;272;262;273;206;287;119;352;260;409;293;389;268;440;232;405;212;446;177;450;137;465;101;475;280;513;241;597;199;635;194;646;159;84;269
MA-0141-SN12-000712-L.dw.png;MA-0141;35.189861;-3.412752;2023;Mediterranean;flower;New material;183;189;205;187;252;271;252;214;270;123;333;273;392;307;373;284;417;247;385;225;427;187;435;146;455;112;455;300;496;259;585;215;621;212;631;176;50;272
MA-0141-SN12-000712-R.dw.png;MA-0141;35.189861;-3.412752;2023;Mediterranean;flower;New material;128;206;150;200;212;271;202;216;196;122;296;256;358;277;336;258;372;212;334;197;365;154;364;111;376;74;421;254;450;208;530;144;563;134;564;97;18;316
MA-0141-SN12-000713-L.dw.png;MA-0141;35.189861;-3.412752;2023;Mediterranean;flower;New material;195;182;218;180;265;262;269;209;276;121;341;264;398;298;379;274;422;238;398;221;433;185;438;144;460;113;465;288;499;252;595;208;632;204;637;171;68;261
MA-0141-SN12-000713-R.dw.png;MA-0141;35.189861;-3.412752;2023;Mediterranean;flower;New material;204;179;228;176;277;261;279;207;286;119;351;264;408;300;390;275;431;241;409;223;443;187;449;146;470;112;473;293;510;256;605;213;642;211;649;178;76;254
MA-0141-SN12-000714-L.dw.png;MA-0141;35.189861;-3.412752;2023;Mediterranean;flower;New material;193;172;215;168;263;250;255;190;263;107;336;247;389;277;372;255;417;220;387;201;420;166;421;123;435;92;460;266;493;229;570;187;600;183;603;149;69;252
MA-0141-SN12-000714-R.dw.png;MA-0141;35.189861;-3.412752;2023;Mediterranean;flower;New material;205;178;226;175;270;260;266;200;279;118;345;261;396;293;380;270;423;236;397;217;433;181;436;138;452;108;469;284;502;248;579;208;612;204;614;172;79;254
MA-0141-SN12-000715-L.dw.png;MA-0141;35.189861;-3.412752;2023;Mediterranean;flower;New material;111;106;132;106;163;187;179;136;190;47;251;196;304;232;284;206;334;174;314;156;347;121;355;81;374;49;375;227;413;193;503;158;547;157;554;126;-18;176
MA-0141-SN12-000715-R.dw.png;MA-0141;35.189861;-3.412752;2023;Mediterranean;flower;New material;159;169;177;163;227;232;232;180;216;90;315;219;377;240;352;220;389;176;363;165;389;122;384;81;396;44;445;217;471;174;549;114;590;103;590;70;49;272
MA-0141-SN12-000716-L.dw.png;MA-0141;35.189861;-3.412752;2023;Mediterranean;flower;New material;203;172;226;171;267;250;265;195;284;111;342;252;394;286;378;263;429;230;391;206;430;173;434;132;454;99;463;276;498;237;578;195;614;191;624;159;75;246
MA-0141-SN12-000716-R.dw.png;MA-0141;35.189861;-3.412752;2023;Mediterranean;flower;New material;207;171;228;169;270;248;268;193;284;110;346;251;398;286;382;262;429;228;395;207;435;173;440;132;458;100;465;278;504;237;583;197;620;194;632;164;78;243
MA-0141-SN12-000717-L.dw.png;MA-0141;35.189861;-3.412752;2023;Mediterranean;flower;New material;188;180;209;177;252;253;260;203;269;115;330;253;388;286;373;264;413;230;387;214;421;177;426;138;444;105;454;277;489;241;567;204;615;199;620;165;69;257
MA-0141-SN12-000717-R.dw.png;MA-0141;35.189861;-3.412752;2023;Mediterranean;flower;New material;189;181;212;178;253;255;259;204;269;116;334;255;389;288;373;265;416;232;389;215;423;178;425;138;444;106;454;279;491;242;566;204;614;200;618;166;74;260
MA-0141-SN12-000718-L.dw.png;MA-0141;35.189861;-3.412752;2023;Mediterranean;flower;New material;208;181;232;180;265;260;275;207;286;122;348;261;408;294;391;271;437;238;405;219;446;185;449;144;464;111;472;286;510;251;596;208;630;206;642;175;83;260
MA-0141-SN12-000718-R.dw.png;MA-0141;35.189861;-3.412752;2023;Mediterranean;flower;New material;215;180;237;179;270;259;281;205;291;118;354;259;412;292;395;269;441;236;409;216;450;182;453;143;471;109;475;284;516;246;598;205;633;202;645;171;89;258
MA-0141-SN12-000719-L.dw.png;MA-0141;35.189861;-3.412752;2023;Mediterranean;flower;New material;207;183;231;181;276;260;276;204;290;119;356;261;401;292;385;270;434;233;400;212;441;175;441;135;457;102;467;282;504;241;589;197;625;192;634;159;85;265
MA-0141-SN12-000719-R.dw.png;MA-0141;35.189861;-3.412752;2023;Mediterranean;flower;New material;206;180;229;179;277;262;273;204;288;119;354;265;396;298;381;274;433;239;397;217;438;181;440;142;456;108;460;290;497;251;587;209;620;207;630;174;82;260
MA-0141-SN12-000720-L.dw.png;MA-0141;35.189861;-3.412752;2023;Mediterranean;flower;New material;205;185;232;184;274;264;282;213;288;124;350;268;405;302;387;279;438;243;403;221;444;186;450;146;468;111;473;292;511;254;594;211;630;208;641;176;83;263
MA-0141-SN12-000720-R.dw.png;MA-0141;35.189861;-3.412752;2023;Mediterranean;flower;New material;206;187;232;185;272;267;279;214;289;124;352;270;405;303;389;281;435;243;405;223;444;187;448;145;465;109;473;293;513;253;595;210;630;206;642;175;84;266
MA-0141-SN12-000721-L.dw.png;MA-0141;35.189861;-3.412752;2023;Mediterranean;flower;New material;208;176;234;174;272;252;277;201;286;118;350;254;399;284;385;264;425;231;399;214;436;178;438;138;457;104;464;276;496;241;577;200;611;196;623;163;85;255
MA-0141-SN12-000721-R.dw.png;MA-0141;35.189861;-3.412752;2023;Mediterranean;flower;New material;207;175;231;174;272;253;275;201;283;118;347;256;397;287;381;266;425;235;396;216;433;182;436;141;456;107;462;280;494;247;574;207;609;204;623;171;87;255
MA-0141-SN12-000722-L.dw.png;MA-0141;35.189861;-3.412752;2023;Mediterranean;flower;New material;192;182;216;179;256;258;256;202;274;120;328;256;387;287;369;266;410;229;378;210;417;172;421;133;447;98;454;275;486;236;563;195;612;187;620;154;71;263
MA-0141-SN12-000722-R.dw.png;MA-0141;35.189861;-3.412752;2023;Mediterranean;flower;New material;186;180;212;177;253;259;256;203;271;119;324;259;381;292;363;270;405;234;372;214;412;179;418;139;444;105;448;281;483;244;561;205;605;198;613;163;64;259
MA-0141-SN12-000723-L.dw.png;MA-0141;35.189861;-3.412752;2023;Mediterranean;flower;New material;205;176;232;175;263;259;271;204;288;121;342;263;392;299;377;275;421;241;394;221;435;184;441;143;460;109;457;291;492;255;574;213;618;210;625;174;80;252
MA-0141-SN12-000723-R.dw.png;MA-0141;35.189861;-3.412752;2023;Mediterranean;flower;New material;206;179;231;178;265;261;276;207;290;122;344;265;397;301;381;276;427;244;395;223;435;185;442;144;460;112;459;292;496;256;575;217;618;213;630;178;83;258
MA-0141-SN12-000724-L.dw.png;MA-0141;35.189861;-3.412752;2023;Mediterranean;flower;New material;196;177;216;175;259;257;260;201;277;117;349;259;401;291;383;267;423;232;395;216;430;180;434;140;454;105;459;282;496;242;583;201;618;199;632;166;76;258
MA-0141-SN12-000724-R.dw.png;MA-0141;35.189861;-3.412752;2023;Mediterranean;flower;New material;199;176;221;175;261;256;265;200;281;117;350;258;405;292;386;266;425;233;401;217;434;179;438;139;459;104;462;283;502;242;591;202;623;199;638;167;80;257
MA-0141-SN12-000725-L.dw.png;MA-0141;35.189861;-3.412752;2023;Mediterranean;flower;New material;190;179;212;176;254;257;254;200;266;117;329;257;378;288;360;265;404;229;380;211;413;175;418;137;437;105;438;278;473;240;564;198;597;195;606;164;69;260
MA-0141-SN12-000725-R.dw.png;MA-0141;35.189861;-3.412752;2023;Mediterranean;flower;New material;193;177;217;175;257;256;260;201;271;117;330;257;381;289;363;266;403;230;382;213;418;177;424;139;444;108;442;280;477;244;571;199;604;197;611;165;71;254
MA-0141-SN12-000726-L.dw.png;MA-0141;35.189861;-3.412752;2023;Mediterranean;flower;New material;197;163;217;161;258;244;265;191;274;102;331;248;387;285;372;261;421;227;384;204;428;170;432;130;451;97;453;277;494;236;576;197;611;195;620;161;68;238
MA-0141-SN12-000726-R.dw.png;MA-0141;35.189861;-3.412752;2023;Mediterranean;flower;New material;189;169;212;167;253;247;256;194;267;107;326;250;384;287;368;263;413;226;382;207;422;172;426;132;443;99;448;279;490;236;570;195;607;192;614;158;64;246
MA-0141-SN12-000727-L.dw.png;MA-0141;35.189861;-3.412752;2023;Mediterranean;flower;New material;199;179;217;177;257;257;257;200;277;121;335;261;386;293;370;271;421;239;386;218;426;182;430;140;447;107;449;285;488;249;571;207;603;204;614;172;72;251
MA-0141-SN12-000727-R.dw.png;MA-0141;35.189861;-3.412752;2023;Mediterranean;flower;New material;206;181;226;179;264;259;266;203;285;123;341;264;392;297;376;274;424;241;392;220;435;185;439;142;455;110;457;289;495;254;579;213;613;209;622;177;79;253
MA-0141-SN12-000728-L.dw.png;MA-0141;35.189861;-3.412752;2023;Mediterranean;flower;New material;197;180;219;178;262;257;262;203;278;120;331;258;392;293;373;270;412;235;384;213;425;180;433;142;452;112;452;285;482;250;567;207;605;201;609;169;80;261
MA-0141-SN12-000728-R.dw.png;MA-0141;35.189861;-3.412752;2023;Mediterranean;flower;New material;201;182;226;180;266;258;266;203;284;120;339;257;402;290;383;267;421;232;392;211;433;178;438;138;457;108;459;281;491;245;576;200;613;195;620;163;87;268
MA-0142-SN13-000729-L.dw.png;MA-0142;34.939778;-3.097938;2023;Mediterranean;flower;New material;201;175;226;172;257;255;271;200;284;114;344;256;399;288;384;267;427;231;397;211;436;175;442;136;458;104;464;279;500;240;580;198;617;194;625;161;82;257
MA-0142-SN13-000729-R.dw.png;MA-0142;34.939778;-3.097938;2023;Mediterranean;flower;New material;200;178;226;175;258;257;274;202;281;115;349;257;401;287;384;265;428;230;396;211;435;175;441;135;457;103;466;277;502;238;579;196;616;191;624;159;84;263
MA-0142-SN13-000730-L.dw.png;MA-0142;34.939778;-3.097938;2023;Mediterranean;flower;New material;203;176;228;174;268;253;272;198;275;117;347;258;397;290;383;268;429;235;394;213;433;178;442;140;454;107;463;282;498;245;582;205;616;202;624;170;80;251
MA-0142-SN13-000730-R.dw.png;MA-0142;34.939778;-3.097938;2023;Mediterranean;flower;New material;205;174;230;171;266;251;272;197;277;116;347;256;399;290;384;268;433;236;400;214;437;179;444;142;458;109;465;282;500;245;582;206;618;203;627;172;79;247
MA-0142-SN13-000731-L.dw.png;MA-0142;34.939778;-3.097938;2023;Mediterranean;flower;New material;214;183;240;181;277;259;287;209;292;121;357;266;406;299;391;277;438;241;410;222;444;184;447;142;464;112;472;292;509;255;591;215;629;213;638;181;81;257
MA-0142-SN13-000731-R.dw.png;MA-0142;34.939778;-3.097938;2023;Mediterranean;flower;New material;213;185;235;182;275;261;287;210;289;121;360;265;409;297;393;276;437;238;411;221;442;181;444;139;459;109;475;288;511;251;589;209;627;206;635;174;84;263
MA-0142-SN13-000732-L.dw.png;MA-0142;34.939778;-3.097938;2023;Mediterranean;flower;New material;202;181;226;179;260;258;271;205;281;118;342;259;393;293;377;270;423;235;391;215;433;184;434;140;447;105;465;282;497;248;586;205;620;202;629;170;81;260
MA-0142-SN13-000732-R.dw.png;MA-0142;34.939778;-3.097938;2023;Mediterranean;flower;New material;190;169;212;168;248;248;257;194;269;109;326;248;380;283;362;259;410;225;378;203;420;173;421;130;436;96;447;272;481;238;571;195;607;192;616;159;66;248
MA-0142-SN13-000733-R.dw.png;MA-0142;34.939778;-3.097938;2023;Mediterranean;flower;New material;165;159;189;159;230;238;233;187;245;108;307;241;357;274;341;251;385;221;354;200;392;167;397;127;412;95;417;267;450;233;538;191;578;187;584;154;46;231
MA-0142-SN13-000734-L.dw.png;MA-0142;34.939778;-3.097938;2023;Mediterranean;flower;New material;201;173;228;172;264;253;268;198;284;115;334;256;393;290;378;268;418;233;391;213;430;179;436;140;452;107;460;281;493;242;574;203;610;199;617;166;84;251
MA-0142-SN13-000734-R.dw.png;MA-0142;34.939778;-3.097938;2023;Mediterranean;flower;New material;195;171;221;171;260;251;258;195;278;115;330;254;389;288;373;266;415;231;387;211;424;179;429;139;445;105;454;278;488;240;568;202;603;198;611;166;78;252
MA-0142-SN13-000735-L.dw.png;MA-0142;34.939778;-3.097938;2023;Mediterranean;flower;New material;188;195;207;188;271;257;260;203;247;118;349;241;409;259;387;242;426;198;390;185;418;144;416;103;423;66;469;236;499;192;569;133;603;120;604;85;89;298
MA-0142-SN13-000735-R.dw.png;MA-0142;34.939778;-3.097938;2023;Mediterranean;flower;New material;200;183;218;181;269;260;267;207;274;119;345;263;400;294;385;274;431;240;399;219;434;183;440;144;456;110;464;285;503;249;582;207;618;202;626;169;80;260
MA-0142-SN13-000736-L.dw.png;MA-0142;34.939778;-3.097938;2023;Mediterranean;flower;New material;203;182;225;179;277;259;274;205;284;118;357;259;410;289;392;268;436;230;405;212;440;175;440;133;460;102;473;280;515;239;595;198;633;194;644;162;80;259
MA-0142-SN13-000736-R.dw.png;MA-0142;34.939778;-3.097938;2023;Mediterranean;flower;New material;186;185;208;180;268;254;261;200;261;113;347;244;404;268;383;249;419;206;390;192;420;152;415;111;431;75;465;251;500;205;575;154;612;145;618;112;74;276
MA-0142-SN13-000737-L.dw.png;MA-0142;34.939778;-3.097938;2023;Mediterranean;flower;New material;205;177;225;176;265;260;276;203;290;116;349;262;407;296;390;273;434;239;408;220;444;186;446;142;463;109;472;287;509;250;592;211;627;208;638;176;79;258
MA-0142-SN13-000737-R.dw.png;MA-0142;34.939778;-3.097938;2023;Mediterranean;flower;New material;203;177;225;177;262;260;275;204;286;115;344;261;404;296;388;273;429;238;403;219;442;185;444;142;461;108;469;287;506;250;591;209;628;205;637;174;79;258
MA-0142-SN13-000738-L.dw.png;MA-0142;34.939778;-3.097938;2023;Mediterranean;flower;New material;212;176;229;173;275;253;285;202;281;116;355;253;407;283;391;262;432;228;410;212;442;177;440;136;457;102;473;272;502;239;580;198;622;193;633;162;83;253
MA-0142-SN13-000738-R.dw.png;MA-0142;34.939778;-3.097938;2023;Mediterranean;flower;New material;211;177;230;173;272;253;285;203;281;116;355;253;405;283;388;261;433;228;409;211;440;178;440;136;456;102;471;273;501;240;580;199;620;194;630;163;85;254
MA-0142-SN13-000739-L.dw.png;MA-0142;34.939778;-3.097938;2023;Mediterranean;flower;New material;198;183;219;180;263;260;267;206;276;119;346;262;397;296;376;271;423;236;397;215;432;181;433;140;453;103;460;286;492;248;575;204;620;200;632;168;78;265
MA-0142-SN13-000739-R.dw.png;MA-0142;34.939778;-3.097938;2023;Mediterranean;flower;New material;195;183;217;181;259;260;267;207;274;120;341;262;393;296;373;271;419;237;390;215;428;181;431;140;448;104;456;287;490;248;572;204;618;200;628;166;75;263
MA-0142-SN13-000740-L.dw.png;MA-0142;34.939778;-3.097938;2023;Mediterranean;flower;New material;206;179;224;177;270;258;272;204;283;118;349;259;407;294;390;269;441;235;405;216;441;179;445;137;460;101;473;283;512;243;592;201;632;197;642;163;84;262
MA-0142-SN13-000740-R.dw.png;MA-0142;34.939778;-3.097938;2023;Mediterranean;flower;New material;202;169;223;168;265;250;271;197;283;112;343;252;401;290;385;266;434;232;397;210;438;176;444;134;460;99;464;283;508;241;586;202;631;199;641;167;82;252
MA-0142-SN13-000741-L.dw.png;MA-0142;34.939778;-3.097938;2023;Mediterranean;flower;New material;206;184;230;182;270;262;273;207;279;122;346;262;406;295;391;273;428;237;396;215;437;181;443;142;461;109;468;285;505;247;591;201;624;196;638;165;81;264
MA-0142-SN13-000741-R.dw.png;MA-0142;34.939778;-3.097938;2023;Mediterranean;flower;New material;207;182;227;180;271;261;271;206;282;122;344;263;403;298;386;275;429;241;393;217;436;184;443;146;464;113;465;290;504;252;590;209;626;204;638;173;77;257
MA-0142-SN13-000742-L.dw.png;MA-0142;34.939778;-3.097938;2023;Mediterranean;flower;New material;136;181;154;174;219;242;212;190;198;105;295;228;353;248;330;230;362;186;333;172;360;128;359;89;371;54;417;223;442;183;514;120;551;108;550;74;38;286
MA-0142-SN13-000742-R.dw.png;MA-0142;34.939778;-3.097938;2023;Mediterranean;flower;New material;143;128;161;125;211;206;216;153;217;65;286;207;338;239;322;216;362;180;337;160;371;123;377;84;397;50;405;230;438;194;524;148;559;145;567;112;26;212
MA-0143-SN14-000743-L.dw.png;MA-0143;34.285306;-3.300848;2023;Mediterranean;flower;New material;203;174;223;173;266;255;266;197;279;116;345;257;395;288;382;267;421;235;393;215;431;184;438;145;453;112;460;281;493;249;578;208;614;205;621;176;79;250
MA-0143-SN14-000743-R.dw.png;MA-0143;34.285306;-3.300848;2023;Mediterranean;flower;New material;194;173;217;172;263;252;261;193;274;113;341;253;391;283;380;264;418;230;390;210;426;177;432;137;446;107;458;274;489;242;572;200;609;196;618;168;76;253
MA-0143-SN14-000744-L.dw.png;MA-0143;34.285306;-3.300848;2023;Mediterranean;flower;New material;193;172;216;171;249;246;255;194;270;114;332;250;380;280;367;260;408;227;378;209;413;176;418;139;434;105;437;272;476;236;555;198;592;195;595;164;67;245
MA-0143-SN14-000744-R.dw.png;MA-0143;34.285306;-3.300848;2023;Mediterranean;flower;New material;184;186;204;182;256;249;248;198;252;116;333;237;387;260;371;241;407;203;370;189;402;153;399;115;411;79;446;240;474;198;542;149;582;138;580;106;75;280
MA-0143-SN14-000745-L.dw.png;MA-0143;34.285306;-3.300848;2023;Mediterranean;flower;New material;204;171;225;169;261;248;268;196;282;115;341;249;391;281;377;259;421;225;387;206;424;169;429;133;446;100;454;271;482;234;566;192;599;189;608;156;78;250
MA-0143-SN14-000745-R.dw.png;MA-0143;34.285306;-3.300848;2023;Mediterranean;flower;New material;203;174;227;173;256;253;266;200;285;122;338;256;388;289;374;268;417;235;385;214;425;180;432;145;450;113;449;282;483;246;566;206;598;203;608;173;76;246
MA-0143-SN14-000746-L.dw.png;MA-0143;34.285306;-3.300848;2023;Mediterranean;flower;New material;151;193;175;187;233;256;224;203;217;120;314;241;368;259;351;241;384;199;348;188;374;147;371;108;379;70;427;237;452;194;522;138;557;126;560;96;51;299
MA-0143-SN14-000746-R.dw.png;MA-0143;34.285306;-3.300848;2023;Mediterranean;flower;New material;179;180;204;178;250;258;246;202;260;120;330;258;379;287;365;267;408;233;374;212;407;180;412;141;428;105;441;277;476;241;555;200;590;196;597;166;61;264
MA-0143-SN14-000747-L.dw.png;MA-0143;34.285306;-3.300848;2023;Mediterranean;flower;New material;183;169;208;169;246;251;248;194;265;113;330;256;378;289;364;267;407;233;379;214;414;180;420;138;435;105;447;283;480;247;561;207;596;205;607;175;52;246
MA-0143-SN14-000747-R.dw.png;MA-0143;34.285306;-3.300848;2023;Mediterranean;flower;New material;162;177;186;176;228;257;227;200;242;118;311;258;359;290;344;268;388;233;356;213;390;180;395;139;410;105;430;280;460;243;537;200;573;196;583;166;34;259
MA-0143-SN14-000748-L.dw.png;MA-0143;34.285306;-3.300848;2023;Mediterranean;flower;New material;200;176;220;173;260;253;263;200;277;118;336;256;383;288;370;268;410;232;385;214;421;178;425;138;440;104;448;279;479;243;565;201;601;197;615;166;79;251
MA-0143-SN14-000748-R.dw.png;MA-0143;34.285306;-3.300848;2023;Mediterranean;flower;New material;193;171;215;169;257;249;255;193;271;111;334;253;379;284;366;263;409;229;378;209;416;174;422;135;437;100;442;275;472;242;562;199;598;195;614;165;75;247
MA-0143-SN14-000749-L.dw.png;MA-0143;34.285306;-3.300848;2023;Mediterranean;flower;New material;204;163;223;162;267;242;267;188;278;111;347;246;387;277;374;256;422;224;384;203;421;168;423;131;439;98;451;270;484;233;560;194;598;190;608;160;78;234
MA-0143-SN14-000749-R.dw.png;MA-0143;34.285306;-3.300848;2023;Mediterranean;flower;New material;203;167;223;166;261;244;264;190;277;113;344;249;386;280;372;258;420;227;383;206;419;171;422;133;438;101;451;272;486;236;561;198;598;193;608;163;78;238
MA-0143-SN14-000750-L.dw.png;MA-0143;34.285306;-3.300848;2023;Mediterranean;flower;New material;214;183;238;182;280;262;287;209;290;122;357;266;412;299;395;277;437;241;409;222;447;188;456;150;472;118;477;292;511;256;594;216;633;213;645;182;82;253
MA-0143-SN14-000750-R.dw.png;MA-0143;34.285306;-3.300848;2023;Mediterranean;flower;New material;204;186;225;185;265;265;272;212;279;126;346;269;402;303;385;281;425;245;397;226;435;191;445;152;461;119;464;296;501;259;586;220;624;217;636;186;72;258
MA-0143-SN14-000751-L.dw.png;MA-0143;34.285306;-3.300848;2023;Mediterranean;flower;New material;204;174;224;173;272;254;266;198;281;118;349;257;397;288;384;268;432;233;393;213;426;175;427;137;445;102;468;278;500;242;576;201;611;197;620;167;85;251
MA-0143-SN14-000751-R.dw.png;MA-0143;34.285306;-3.300848;2023;Mediterranean;flower;New material;204;175;224;174;275;254;268;199;281;119;351;257;398;288;383;267;432;232;393;212;426;175;427;137;443;102;466;278;502;240;574;201;610;198;619;167;88;255
MA-0143-SN14-000752-L.dw.png;MA-0143;34.285306;-3.300848;2023;Mediterranean;flower;New material;203;181;226;180;267;263;267;205;281;122;350;265;401;298;387;275;430;242;400;222;436;186;441;145;456;109;464;288;503;252;597;207;628;203;638;174;76;259
MA-0143-SN14-000752-R.dw.png;MA-0143;34.285306;-3.300848;2023;Mediterranean;flower;New material;210;176;231;176;275;259;273;202;288;119;352;262;404;296;389;273;436;241;404;219;439;185;446;144;462;109;468;287;506;251;603;208;633;205;643;175;84;252
MA-0143-SN14-000753-L.dw.png;MA-0143;34.285306;-3.300848;2023;Mediterranean;flower;New material;196;155;216;155;245;237;257;183;275;103;324;246;373;281;355;257;405;226;377;204;416;173;421;133;440;101;435;276;472;241;550;208;591;206;602;176;61;226
MA-0143-SN14-000753-R.dw.png;MA-0143;34.285306;-3.300848;2023;Mediterranean;flower;New material;158;183;177;178;221;248;224;195;219;111;300;236;361;258;339;238;375;198;342;183;370;142;365;103;377;67;417;239;444;194;505;145;549;130;550;97;49;287
MA-0143-SN14-000754-L.dw.png;MA-0143;34.285306;-3.300848;2023;Mediterranean;flower;New material;201;172;218;170;269;249;268;197;272;114;343;250;393;282;379;261;420;225;389;206;420;170;421;132;436;98;456;272;490;235;566;193;598;188;605;157;83;253
MA-0143-SN14-000754-R.dw.png;MA-0143;34.285306;-3.300848;2023;Mediterranean;flower;New material;193;176;212;175;261;254;262;200;264;118;338;254;386;285;371;265;418;230;381;211;413;173;413;133;429;99;453;275;484;238;561;195;593;191;599;159;77;259
MA-0143-SN14-000755-L.dw.png;MA-0143;34.285306;-3.300848;2023;Mediterranean;flower;New material;201;186;221;185;272;267;274;214;282;125;349;269;399;301;382;278;432;243;396;222;436;189;440;146;459;112;470;290;509;252;588;211;634;207;642;175;73;265
MA-0143-SN14-000755-R.dw.png;MA-0143;34.285306;-3.300848;2023;Mediterranean;flower;New material;203;186;223;184;275;267;277;213;282;124;353;269;401;301;383;278;439;243;400;222;439;189;443;146;461;112;472;291;512;252;592;212;633;208;641;177;74;263
MA-0144-SN15-000756-L.dw.png;MA-0144;31.620037;-9.585117;2023;semiarid;flower;New material;198;171;221;169;257;247;264;195;274;114;336;247;392;280;375;257;411;224;381;203;420;170;423;132;439;96;455;270;488;231;567;191;600;186;608;154;86;253
MA-0144-SN15-000756-R.dw.png;MA-0144;31.620037;-9.585117;2023;semiarid;flower;New material;202;172;225;170;257;248;264;194;277;116;338;248;393;282;377;259;417;226;384;204;421;171;425;134;442;99;455;272;488;233;568;193;600;188;609;156;86;253
MA-0144-SN15-000757-L.dw.png;MA-0144;31.620037;-9.585117;2023;semiarid;flower;New material;202;176;222;175;274;256;272;202;282;118;349;257;399;289;382;266;431;234;396;213;436;179;440;140;454;109;464;280;493;246;569;203;610;200;616;167;80;254
MA-0144-SN15-000757-R.dw.png;MA-0144;31.620037;-9.585117;2023;semiarid;flower;New material;197;173;220;172;268;254;265;199;278;117;342;256;390;289;374;266;422;233;387;212;429;180;434;141;451;108;454;280;487;245;562;205;601;203;608;169;76;251
MA-0144-SN15-000758-L.dw.png;MA-0144;31.620037;-9.585117;2023;semiarid;flower;New material;201;174;222;174;258;252;260;196;280;116;336;254;389;288;375;266;419;233;388;214;427;181;431;142;452;111;452;281;492;245;576;206;611;203;616;173;76;243
MA-0144-SN15-000758-R.dw.png;MA-0144;31.620037;-9.585117;2023;semiarid;flower;New material;201;173;224;172;262;251;264;195;282;115;340;250;393;283;378;261;420;226;388;209;428;174;432;137;449;104;454;273;493;236;576;198;613;193;617;162;79;243
MA-0144-SN15-000759-L.dw.png;MA-0144;31.620037;-9.585117;2023;semiarid;flower;New material;199;179;225;178;270;257;270;203;278;123;346;259;402;293;385;271;431;235;397;218;431;180;437;142;452;108;465;284;503;244;575;204;612;200;621;168;85;259
MA-0144-SN15-000759-R.dw.png;MA-0144;31.620037;-9.585117;2023;semiarid;flower;New material;200;174;229;175;270;258;267;200;282;121;347;263;397;298;381;275;433;239;399;222;432;185;440;146;457;114;464;289;502;251;575;213;611;210;625;179;83;252
MA-0144-SN15-000760-L.dw.png;MA-0144;31.620037;-9.585117;2023;semiarid;flower;New material;196;189;216;183;280;247;268;199;254;117;347;234;399;255;380;237;417;193;386;184;414;140;409;103;418;66;460;231;485;187;553;131;588;120;590;86;95;290
MA-0144-SN15-000760-R.dw.png;MA-0144;31.620037;-9.585117;2023;semiarid;flower;New material;211;178;229;178;274;257;271;205;283;122;346;261;390;294;377;273;424;241;398;221;431;187;438;149;453;116;455;287;492;250;572;213;607;210;616;179;84;251
MA-0144-SN15-000761-L.dw.png;MA-0144;31.620037;-9.585117;2023;semiarid;flower;New material;204;174;226;174;263;253;272;203;280;118;342;257;387;293;373;268;419;236;392;217;429;182;436;143;450;111;451;287;488;249;572;209;612;206;619;176;81;248
MA-0144-SN15-000761-R.dw.png;MA-0144;31.620037;-9.585117;2023;semiarid;flower;New material;202;174;223;173;262;251;270;202;277;116;339;254;387;290;371;264;419;234;388;214;424;180;430;141;446;110;449;283;486;245;566;207;607;204;615;174;81;249
MA-0144-SN15-000762-L.dw.png;MA-0144;31.620037;-9.585117;2023;semiarid;flower;New material;197;175;218;173;263;251;261;197;275;116;343;251;395;279;380;259;421;225;388;206;424;175;430;137;444;102;456;268;492;232;568;193;608;188;617;159;80;250
MA-0144-SN15-000762-R.dw.png;MA-0144;31.620037;-9.585117;2023;semiarid;flower;New material;197;177;218;175;260;253;260;197;273;116;344;252;397;280;380;260;421;227;385;208;423;175;428;138;442;102;455;271;490;234;568;195;607;190;617;161;80;253
MA-0144-SN15-000763-L.dw.png;MA-0144;31.620037;-9.585117;2023;semiarid;flower;New material;193;167;216;166;256;245;262;194;273;112;334;248;383;282;369;260;415;228;382;206;423;173;427;132;446;102;449;273;476;241;563;195;600;192;606;160;79;243
MA-0144-SN15-000763-R.dw.png;MA-0144;31.620037;-9.585117;2023;semiarid;flower;New material;197;168;217;167;258;248;262;196;278;114;333;255;379;290;368;268;412;235;382;214;423;182;428;141;448;111;445;283;475;253;563;211;597;208;606;177;77;238
MA-0144-SN15-000764-L.dw.png;MA-0144;31.620037;-9.585117;2023;semiarid;flower;New material;207;173;227;172;267;254;272;199;284;117;351;258;397;289;382;267;429;234;399;213;439;181;443;140;457;108;463;281;499;244;579;203;615;200;622;167;78;249
MA-0144-SN15-000764-R.dw.png;MA-0144;31.620037;-9.585117;2023;semiarid;flower;New material;201;174;221;172;264;253;271;200;280;116;346;256;395;287;380;266;428;233;393;213;434;178;437;139;451;108;462;279;498;241;573;203;610;200;619;168;75;250
MA-0144-SN15-000765-L.dw.png;MA-0144;31.620037;-9.585117;2023;semiarid;flower;New material;201;171;222;170;251;246;262;195;275;116;332;251;377;283;363;261;406;230;377;209;411;174;417;139;433;106;437;275;472;239;553;200;583;195;594;163;79;246
MA-0144-SN15-000765-R.dw.png;MA-0144;31.620037;-9.585117;2023;semiarid;flower;New material;201;167;221;166;250;243;260;192;274;114;332;250;375;283;363;261;405;230;377;210;413;177;418;140;435;108;436;277;474;242;552;204;585;202;596;170;80;235
MA-0144-SN15-000766-L.dw.png;MA-0144;31.620037;-9.585117;2023;semiarid;flower;New material;199;170;224;169;260;248;262;192;280;114;337;251;387;283;372;262;417;228;387;210;424;176;429;138;444;106;449;275;490;236;561;201;597;197;608;167;82;246
MA-0144-SN15-000766-R.dw.png;MA-0144;31.620037;-9.585117;2023;semiarid;flower;New material;198;172;222;171;265;248;261;193;276;115;336;248;385;279;371;257;414;223;382;205;421;171;424;133;439;102;450;268;487;230;554;192;592;187;600;155;85;253
MA-0144-SN15-000767-L.dw.png;MA-0144;31.620037;-9.585117;2023;semiarid;flower;New material;197;171;219;170;267;248;265;198;275;112;337;253;384;286;368;263;405;230;378;211;417;176;423;138;443;108;440;279;473;241;553;203;595;200;605;170;76;241
MA-0144-SN15-000767-R.dw.png;MA-0144;31.620037;-9.585117;2023;semiarid;flower;New material;199;174;221;173;269;251;262;198;276;113;342;254;389;286;374;263;409;228;384;210;418;173;424;137;444;108;445;277;479;238;559;200;599;195;610;165;78;245
MA-0145-SN16-000768-L.dw.png;MA-0145;31.647325;-9.581382;2023;semiarid;flower;New material;206;176;231;173;268;250;271;196;278;116;347;252;403;285;388;264;435;230;397;208;437;175;444;140;461;107;468;276;504;239;580;200;614;195;619;164;84;252
MA-0145-SN16-000768-R.dw.png;MA-0145;31.647325;-9.581382;2023;semiarid;flower;New material;208;175;233;173;267;250;274;197;281;116;348;252;404;285;388;263;435;229;401;207;438;173;447;137;462;104;469;275;508;237;585;197;616;192;620;160;82;252
MA-0145-SN16-000769-L.dw.png;MA-0145;31.647325;-9.581382;2023;semiarid;flower;New material;192;172;212;170;253;247;262;193;265;114;328;249;380;280;365;259;413;225;383;206;418;173;421;136;443;104;447;270;480;233;558;194;598;190;604;158;72;249
MA-0145-SN16-000769-R.dw.png;MA-0145;31.647325;-9.581382;2023;semiarid;flower;New material;196;170;217;169;256;247;266;197;270;114;329;251;380;285;368;263;413;230;387;212;421;178;425;141;448;111;446;277;481;240;563;203;603;199;609;169;74;243
MA-0145-SN16-000770-L.dw.png;MA-0145;31.647325;-9.581382;2023;semiarid;flower;New material;191;172;214;170;250;244;259;196;267;116;334;248;381;280;367;258;411;225;380;208;416;171;420;135;437;99;440;271;477;234;559;196;595;193;605;161;69;241
MA-0145-SN16-000770-R.dw.png;MA-0145;31.647325;-9.581382;2023;semiarid;flower;New material;191;172;214;171;250;245;261;198;269;116;336;249;385;280;368;257;410;225;384;208;415;171;420;134;438;99;443;271;481;232;562;194;597;190;607;160;70;241
MA-0145-SN16-000771-L.dw.png;MA-0145;31.647325;-9.581382;2023;semiarid;flower;New material;194;166;215;165;258;241;254;190;268;109;334;243;388;275;371;252;408;219;378;201;415;167;419;129;437;99;456;264;486;226;560;187;598;183;604;154;77;246
MA-0145-SN16-000771-R.dw.png;MA-0145;31.647325;-9.581382;2023;semiarid;flower;New material;189;178;212;174;264;243;254;192;255;111;340;234;397;258;376;238;410;199;379;186;408;147;406;110;419;77;456;239;488;196;553;149;590;139;593;111;87;273
MA-0145-SN16-000772-L.dw.png;MA-0145;31.647325;-9.581382;2023;semiarid;flower;New material;189;165;208;163;256;242;257;190;260;111;325;243;372;275;358;254;401;220;371;199;404;168;409;131;426;100;439;265;469;229;541;192;584;187;592;156;74;241
MA-0145-SN16-000772-R.dw.png;MA-0145;31.647325;-9.581382;2023;semiarid;flower;New material;189;160;207;158;250;239;256;188;264;109;322;247;367;281;354;260;401;231;373;206;405;176;412;141;431;109;433;276;466;241;539;211;583;208;594;180;70;229
MA-0145-SN16-000773-L.dw.png;MA-0145;31.647325;-9.581382;2023;semiarid;flower;New material;194;177;213;175;247;250;259;199;268;119;335;252;386;284;368;261;409;227;383;211;417;174;423;137;439;105;452;274;486;237;566;196;597;192;606;162;76;253
MA-0145-SN16-000773-R.dw.png;MA-0145;31.647325;-9.581382;2023;semiarid;flower;New material;192;175;216;173;252;248;262;199;270;117;334;251;385;283;366;260;406;226;384;210;418;174;425;137;440;105;451;273;484;238;567;197;602;193;610;163;76;249
MA-0145-SN16-000774-L.dw.png;MA-0145;31.647325;-9.581382;2023;semiarid;flower;New material;169;191;189;185;242;253;240;200;236;115;320;238;375;260;355;240;390;199;358;185;386;144;383;106;393;70;434;237;466;192;538;133;568;122;573;91;68;292
MA-0145-SN16-000775-L.dw.png;MA-0145;31.647325;-9.581382;2023;semiarid;flower;New material;194;174;215;171;249;247;260;197;267;115;334;252;386;284;372;264;414;229;386;211;418;173;422;136;439;103;450;273;476;239;552;199;592;192;594;160;82;246
MA-0145-SN16-000775-R.dw.png;MA-0145;31.647325;-9.581382;2023;semiarid;flower;New material;190;174;212;172;251;249;257;198;263;116;333;254;383;286;369;265;410;231;381;212;413;175;418;137;434;104;446;276;475;241;551;201;589;196;594;163;78;248
MA-0145-SN16-000776-L.dw.png;MA-0145;31.647325;-9.581382;2023;semiarid;flower;New material;196;173;218;172;265;254;263;196;279;112;338;255;390;288;375;266;416;229;391;212;426;174;432;134;452;102;456;279;486;242;573;201;613;199;625;168;77;254
MA-0145-SN16-000776-R.dw.png;MA-0145;31.647325;-9.581382;2023;semiarid;flower;New material;200;174;221;172;268;252;263;193;278;112;342;253;393;284;376;262;418;224;391;207;428;170;433;130;452;100;459;273;489;235;574;193;617;189;628;158;78;254
MA-0145-SN16-000777-L.dw.png;MA-0145;31.647325;-9.581382;2023;semiarid;flower;New material;195;171;216;169;248;247;258;194;268;113;333;250;384;282;370;261;408;225;379;206;413;170;419;132;436;99;443;273;476;235;558;195;599;188;605;157;67;244
MA-0145-SN16-000777-R.dw.png;MA-0145;31.647325;-9.581382;2023;semiarid;flower;New material;194;169;215;168;254;247;256;192;268;111;334;252;381;285;368;264;409;229;381;209;414;173;421;135;440;102;441;277;474;241;557;200;599;196;606;164;66;241
MA-0145-SN16-000778-L.dw.png;MA-0145;31.647325;-9.581382;2023;semiarid;flower;New material;192;174;212;172;257;249;265;200;275;117;342;253;388;283;373;260;415;229;392;211;427;177;429;137;448;106;453;274;489;239;570;197;604;195;615;163;76;250
MA-0145-SN16-000778-R.dw.png;MA-0145;31.647325;-9.581382;2023;semiarid;flower;New material;181;174;201;172;244;250;252;200;264;117;330;253;375;283;359;261;400;228;380;213;415;176;419;138;439;107;439;274;474;239;556;197;592;193;603;162;62;250
MA-0145-SN16-000779-L.dw.png;MA-0145;31.647325;-9.581382;2023;semiarid;flower;New material;201;171;222;169;258;247;259;192;276;116;337;253;384;283;367;261;413;228;383;210;423;175;430;139;447;107;446;274;483;236;561;199;602;194;606;161;74;240
MA-0145-SN16-000779-R.dw.png;MA-0145;31.647325;-9.581382;2023;semiarid;flower;New material;199;169;221;168;255;247;259;193;275;114;336;255;380;287;365;264;412;232;385;214;420;179;427;142;447;112;443;279;478;243;562;206;601;204;608;171;73;237
MA-0145-SN16-000780-L.dw.png;MA-0145;31.647325;-9.581382;2023;semiarid;flower;New material;167;180;187;175;234;241;233;186;229;106;314;225;369;243;351;226;385;181;354;171;382;131;379;95;388;61;428;221;455;175;522;121;555;110;558;79;62;276
MA-0145-SN16-000780-R.dw.png;MA-0145;31.647325;-9.581382;2023;semiarid;flower;New material;151;148;172;147;202;225;211;172;229;92;279;232;326;265;315;244;359;212;334;194;369;160;377;124;395;93;389;260;427;227;506;193;541;191;550;161;24;213
MA-0145-SN16-000781-L.dw.png;MA-0145;31.647325;-9.581382;2023;semiarid;flower;New material;189;163;211;162;240;242;249;186;268;109;316;244;371;277;354;255;394;222;373;204;408;167;415;130;432;98;436;268;471;232;547;192;584;189;590;156;64;236
MA-0145-SN16-000781-R.dw.png;MA-0145;31.647325;-9.581382;2023;semiarid;flower;New material;180;161;202;159;231;240;236;184;256;106;305;243;359;275;342;252;388;220;360;199;397;166;402;129;417;96;424;266;460;228;537;191;574;187;579;155;55;237
MA-0145-SN16-000782-L.dw.png;MA-0145;31.647325;-9.581382;2023;semiarid;flower;New material;199;172;222;169;259;247;261;191;276;115;338;252;390;283;376;263;419;229;389;210;424;175;430;138;449;105;454;275;490;237;565;200;600;195;609;165;78;247
MA-0145-SN16-000782-R.dw.png;MA-0145;31.647325;-9.581382;2023;semiarid;flower;New material;200;172;224;170;257;247;264;191;276;115;339;248;392;280;378;261;419;224;388;205;424;171;429;135;450;102;456;270;492;233;568;195;601;190;611;159;80;250
MA-0146-SS01-000498-L.dw.png;MA-0146;30.104805;-9.554393;2023;semiarid;flower;New material;192;177;210;174;248;255;253;200;266;120;325;255;376;286;360;265;400;231;371;211;410;176;413;138;429;105;433;278;469;240;551;199;583;194;591;165;77;255
MA-0146-SS01-000498-R.dw.png;MA-0146;30.104805;-9.554393;2023;semiarid;flower;New material;188;175;206;173;248;253;250;198;263;119;325;254;370;286;357;262;397;228;369;211;406;174;408;137;426;102;429;276;467;238;547;197;577;193;586;162;74;254
MA-0146-SS01-000499-L.dw.png;MA-0146;30.104805;-9.554393;2023;semiarid;flower;New material;194;165;215;163;255;239;259;190;268;111;328;243;377;275;365;252;407;220;384;204;417;171;418;131;433;98;442;264;478;229;556;191;589;188;597;159;81;241
MA-0146-SS01-000499-R.dw.png;MA-0146;30.104805;-9.554393;2023;semiarid;flower;New material;195;168;215;166;257;242;261;193;267;112;329;245;381;277;367;254;405;222;387;206;420;172;419;133;437;100;443;267;479;231;557;192;591;189;601;160;82;246
MA-0146-SS01-000500-L.dw.png;MA-0146;30.104805;-9.554393;2023;semiarid;flower;New material;200;174;219;173;255;249;260;198;270;117;329;252;372;283;361;261;401;227;381;213;414;174;414;136;433;103;438;273;467;237;550;195;580;190;590;160;82;248
MA-0146-SS01-000500-R.dw.png;MA-0146;30.104805;-9.554393;2023;semiarid;flower;New material;199;175;219;174;252;251;262;201;270;119;330;253;376;285;363;262;402;229;379;212;414;178;413;136;431;105;439;274;469;240;547;198;581;193;593;162;83;248
MA-0146-SS01-000501-L.dw.png;MA-0146;30.104805;-9.554393;2023;semiarid;flower;New material;193;162;213;160;248;235;260;188;269;109;324;240;370;273;355;250;395;221;370;200;404;170;409;131;425;101;431;265;459;232;544;191;580;186;582;157;79;233
MA-0146-SS01-000501-R.dw.png;MA-0146;30.104805;-9.554393;2023;semiarid;flower;New material;194;164;213;162;246;237;262;190;269;110;322;241;368;274;353;251;396;222;368;203;403;172;409;133;423;102;429;266;459;233;543;192;580;188;582;158;77;237
MA-0146-SS01-000502-L.dw.png;MA-0146;30.104805;-9.554393;2023;semiarid;flower;New material;199;166;221;164;256;241;262;189;274;112;334;244;382;275;367;253;411;220;383;201;421;168;424;130;441;100;447;265;479;229;557;190;591;187;606;159;81;243
MA-0146-SS01-000502-R.dw.png;MA-0146;30.104805;-9.554393;2023;semiarid;flower;New material;193;168;212;165;253;243;259;191;265;113;331;243;376;276;363;252;408;220;379;201;415;167;416;130;431;98;440;266;471;228;551;188;584;185;599;157;74;246
MA-0146-SS01-000503-L.dw.png;MA-0146;30.104805;-9.554393;2023;semiarid;flower;New material;197;165;219;164;257;238;266;194;270;115;324;243;373;280;359;255;401;226;367;205;409;172;413;132;430;102;432;270;467;235;550;193;579;191;586;161;83;240
MA-0146-SS01-000503-R.dw.png;MA-0146;30.104805;-9.554393;2023;semiarid;flower;New material;190;166;209;165;249;239;256;192;263;116;317;244;365;280;351;255;396;226;363;205;401;173;406;132;424;102;426;272;461;236;542;195;570;191;577;161;78;241
MA-0146-SS01-000504-L.dw.png;MA-0146;30.104805;-9.554393;2023;semiarid;flower;New material;192;166;211;165;243;241;254;193;269;109;324;246;375;280;362;257;397;225;374;207;413;175;417;137;435;102;441;271;474;237;553;197;590;195;601;165;69;237
MA-0146-SS01-000504-R.dw.png;MA-0146;30.104805;-9.554393;2023;semiarid;flower;New material;194;161;214;160;248;236;258;186;271;102;330;239;380;271;367;249;405;216;380;200;417;166;421;126;438;92;444;262;481;227;555;189;595;184;605;155;76;237
MA-0146-SS01-000505-L.dw.png;MA-0146;30.104805;-9.554393;2023;semiarid;flower;New material;192;178;217;176;251;254;261;201;273;119;334;255;382;286;369;263;407;230;380;212;414;173;417;136;435;106;444;275;474;239;552;199;586;194;591;163;73;256
MA-0146-SS01-000505-R.dw.png;MA-0146;30.104805;-9.554393;2023;semiarid;flower;New material;197;176;221;173;257;253;263;200;279;119;338;257;384;289;370;266;411;233;384;214;418;179;423;142;445;112;446;280;476;245;554;207;592;205;595;172;75;252
MA-0146-SS01-000506-L.dw.png;MA-0146;30.104805;-9.554393;2023;semiarid;flower;New material;197;171;216;169;256;253;258;196;270;114;335;255;386;288;373;267;415;235;384;213;417;178;423;139;440;108;443;280;479;243;556;204;593;202;602;170;82;248
MA-0146-SS01-000506-R.dw.png;MA-0146;30.104805;-9.554393;2023;semiarid;flower;New material;195;172;214;171;256;253;259;198;267;114;335;254;386;287;374;266;415;232;380;210;415;176;421;136;438;104;447;278;482;239;557;199;594;196;602;164;82;250
MA-0146-SS01-000507-L.dw.png;MA-0146;30.104805;-9.554393;2023;semiarid;flower;New material;199;167;221;166;260;246;268;192;278;111;345;247;390;278;375;256;419;222;385;201;425;167;429;129;445;98;456;268;490;231;566;190;606;185;610;154;81;245
MA-0146-SS01-000507-R.dw.png;MA-0146;30.104805;-9.554393;2023;semiarid;flower;New material;199;150;219;148;257;230;265;177;280;95;339;234;385;267;371;245;413;212;381;190;424;158;429;120;449;88;450;259;485;224;564;186;604;183;612;151;77;224
MA-0146-SS01-000508-L.dw.png;MA-0146;30.104805;-9.554393;2023;semiarid;flower;New material;198;176;219;174;258;252;259;198;270;116;332;253;384;284;370;263;410;230;386;212;419;176;421;136;440;104;447;275;480;238;555;200;600;196;606;164;80;253
MA-0146-SS01-000508-R.dw.png;MA-0146;30.104805;-9.554393;2023;semiarid;flower;New material;201;175;221;173;260;250;262;196;272;116;334;251;387;282;372;261;414;227;386;209;423;175;426;134;443;102;450;272;484;236;560;195;606;192;612;160;83;252
MA-0146-SS01-000509-L.dw.png;MA-0146;30.104805;-9.554393;2023;semiarid;flower;New material;197;173;216;172;250;249;260;196;266;115;325;251;376;281;361;260;409;226;375;208;412;173;416;137;434;102;440;270;471;235;558;192;588;188;597;158;86;254
MA-0146-SS01-000509-R.dw.png;MA-0146;30.104805;-9.554393;2023;semiarid;flower;New material;194;175;214;172;250;249;255;196;265;114;325;250;378;281;362;259;409;226;381;207;411;174;414;135;431;102;441;269;471;234;553;192;586;188;594;158;84;258
MA-0146-SS01-000510-L.dw.png;MA-0146;30.104805;-9.554393;2023;semiarid;flower;New material;202;175;222;173;261;251;265;198;273;116;332;254;379;289;366;266;411;231;381;212;424;176;433;137;451;106;442;281;481;242;563;202;601;199;605;165;75;246
MA-0146-SS01-000510-R.dw.png;MA-0146;30.104805;-9.554393;2023;semiarid;flower;New material;201;177;221;174;260;252;261;198;269;116;334;254;381;287;367;264;410;229;384;210;421;174;428;134;444;103;444;277;483;238;564;198;600;194;600;159;73;248
MA-0146-SS01-000511-L.dw.png;MA-0146;30.104805;-9.554393;2023;semiarid;flower;New material;191;177;211;175;253;251;249;197;259;118;321;253;370;283;355;262;392;226;366;208;404;174;405;134;424;100;433;273;468;236;546;196;577;193;588;161;74;251
MA-0146-SS01-000512-L.dw.png;MA-0146;30.104805;-9.554393;2023;semiarid;flower;New material;182;167;205;165;243;244;250;193;258;112;324;248;366;278;355;257;391;222;367;205;401;172;407;132;427;99;424;268;460;232;538;192;571;188;578;156;66;247
MA-0146-SS01-000512-R.dw.png;MA-0146;30.104805;-9.554393;2023;semiarid;flower;New material;191;167;215;167;253;247;259;194;272;113;333;251;377;283;365;262;406;229;378;209;413;177;421;137;442;104;436;274;471;239;552;201;586;195;594;165;72;243
MA-0146-SS01-000513-L.dw.png;MA-0146;30.104805;-9.554393;2023;semiarid;flower;New material;193;173;216;171;256;250;258;196;270;114;330;251;383;282;367;260;412;224;381;204;422;168;425;129;443;95;449;270;482;233;560;189;596;185;601;151;77;253
MA-0146-SS01-000513-R.dw.png;MA-0146;30.104805;-9.554393;2023;semiarid;flower;New material;197;172;217;170;256;250;261;196;275;115;329;253;382;286;367;264;411;228;384;207;425;173;430;133;446;100;448;276;483;239;564;198;601;193;605;160;79;248
MA-0146-SS01-000514-L.dw.png;MA-0146;30.104805;-9.554393;2023;semiarid;flower;New material;189;171;210;168;247;246;251;193;259;113;320;245;367;277;353;254;398;221;371;202;403;168;407;131;427;99;433;265;468;228;539;190;573;185;579;155;78;255
MA-0146-SS01-000514-R.dw.png;MA-0146;30.104805;-9.554393;2023;semiarid;flower;New material;195;169;218;167;260;244;249;187;265;112;323;242;372;275;358;252;404;220;372;201;406;168;410;130;429;99;436;265;469;230;546;190;576;186;583;157;83;252
MA-0146-SS01-000515-L.dw.png;MA-0146;30.104805;-9.554393;2023;semiarid;flower;New material;153;154;170;151;221;219;220;166;213;83;297;208;355;232;338;211;366;172;343;160;370;119;367;78;380;45;415;212;444;170;518;118;551;110;551;80;52;249
MA-0146-SS01-000515-R.dw.png;MA-0146;30.104805;-9.554393;2023;semiarid;flower;New material;179;158;196;152;248;221;245;170;238;86;325;210;379;233;363;213;389;172;364;160;394;120;391;80;403;46;440;212;471;169;541;115;574;107;574;75;78;252
MA-0146-SS01-000516-L.dw.png;MA-0146;30.104805;-9.554393;2023;semiarid;flower;New material;195;162;218;162;246;236;259;188;264;111;330;239;372;270;360;248;404;217;367;195;411;164;417;127;432;94;433;260;469;226;544;185;583;179;588;148;80;239
MA-0146-SS01-000516-R.dw.png;MA-0146;30.104805;-9.554393;2023;semiarid;flower;New material;196;165;219;164;241;239;264;189;265;111;333;242;376;273;365;252;408;218;373;198;414;166;419;128;434;94;435;264;473;228;551;187;588;182;595;150;81;244
MA-0147-SS02-000550-L.dw.png;MA-0147;29.84801;-9.62508;2023;semiarid;flower;New material;198;166;219;164;251;237;260;188;268;110;324;241;375;272;361;251;407;219;377;199;415;168;419;131;434;101;437;264;473;227;541;191;585;188;589;157;75;235
MA-0147-SS02-000550-R.dw.png;MA-0147;29.84801;-9.62508;2023;semiarid;flower;New material;198;167;219;165;252;239;260;189;268;111;323;241;375;272;360;251;406;219;379;200;416;168;419;131;437;102;438;264;473;228;543;190;587;185;593;155;76;240
MA-0147-SS02-000551-L.dw.png;MA-0147;29.84801;-9.62508;2023;semiarid;flower;New material;197;168;215;165;254;237;251;187;265;114;321;237;374;269;360;247;400;218;374;201;408;167;415;132;432;100;436;261;468;226;548;188;586;184;595;157;79;243
MA-0147-SS02-000551-R.dw.png;MA-0147;29.84801;-9.62508;2023;semiarid;flower;New material;199;167;219;165;253;236;261;190;269;114;324;237;376;270;362;247;401;217;377;201;412;167;418;132;436;100;437;261;469;225;548;188;589;184;600;156;79;240
MA-0147-SS02-000552-L.dw.png;MA-0147;29.84801;-9.62508;2023;semiarid;flower;New material;193;169;216;169;255;250;258;197;272;116;332;256;372;289;359;264;410;231;373;210;412;179;415;141;433;108;438;280;472;241;547;202;586;198;595;168;74;244
MA-0147-SS02-000552-R.dw.png;MA-0147;29.84801;-9.62508;2023;semiarid;flower;New material;196;167;220;167;258;247;261;192;274;114;337;252;378;284;365;260;414;226;378;207;415;174;419;135;436;103;443;274;479;234;551;196;591;192;601;163;80;243
MA-0148-SS03-000353-L.dw.png;MA-0148;29.648054;-9.717835;2023;semiarid;flower;New material;174;164;190;161;232;238;236;188;243;106;305;241;353;270;336;249;380;217;349;197;385;164;391;128;407;96;415;260;448;225;524;189;567;182;577;154;57;240
MA-0148-SS03-000353-R.dw.png;MA-0148;29.648054;-9.717835;2023;semiarid;flower;New material;172;158;189;157;225;236;234;188;244;105;292;245;341;280;327;258;374;229;347;207;382;176;391;139;411;110;402;276;437;244;521;212;563;210;573;190;48;223
MA-0148-SS03-000354-L.dw.png;MA-0148;29.648054;-9.717835;2023;semiarid;flower;New material;205;176;224;174;257;253;269;204;281;120;345;262;392;293;377;272;417;240;392;222;429;184;437;144;455;114;455;284;488;253;571;213;608;209;619;177;82;243
MA-0148-SS03-000354-R.dw.png;MA-0148;29.648054;-9.717835;2023;semiarid;flower;New material;208;177;227;175;261;253;266;200;282;119;350;260;396;291;380;269;421;239;392;219;430;181;437;141;453;110;456;282;489;249;573;208;609;204;621;175;82;244
MA-0148-SS03-000355-L.dw.png;MA-0148;29.648054;-9.717835;2023;semiarid;flower;New material;199;168;217;167;253;246;265;198;275;115;323;254;374;288;361;265;407;233;383;213;421;182;426;143;446;113;438;280;475;245;558;209;595;206;606;179;74;240
MA-0148-SS03-000355-R.dw.png;MA-0148;29.648054;-9.717835;2023;semiarid;flower;New material;191;183;209;178;257;249;256;196;256;113;333;240;389;264;370;244;410;202;378;187;412;148;408;109;422;75;450;242;481;198;554;147;587;138;597;107;83;282
MA-0148-SS03-000356-R.dw.png;MA-0148;29.648054;-9.717835;2023;semiarid;flower;New material;205;171;219;168;257;246;268;196;272;116;331;250;381;280;367;259;413;228;385;207;417;173;423;137;441;104;441;270;476;235;560;197;596;193;601;165;79;248
MA-0148-SS03-000357-L.dw.png;MA-0148;29.648054;-9.717835;2023;semiarid;flower;New material;195;172;216;169;253;249;261;197;271;116;329;253;379;288;364;265;405;231;384;214;420;179;424;139;442;107;448;280;488;242;567;205;602;202;610;170;81;248
MA-0148-SS03-000357-R.dw.png;MA-0148;29.648054;-9.717835;2023;semiarid;flower;New material;187;173;211;170;248;250;253;196;261;115;325;251;380;281;363;260;405;226;377;207;413;171;415;129;428;98;444;271;481;232;561;193;597;188;601;157;74;256
MA-0148-SS03-000358-L.dw.png;MA-0148;29.648054;-9.717835;2023;semiarid;flower;New material;200;169;217;167;252;246;266;198;268;114;328;253;371;285;362;264;412;231;380;209;412;176;421;139;439;107;439;275;476;238;555;201;590;196;599;171;79;242
MA-0148-SS03-000358-R.dw.png;MA-0148;29.648054;-9.717835;2023;semiarid;flower;New material;197;237;215;235;248;313;264;265;265;181;327;319;372;349;361;329;409;295;376;273;411;241;419;204;435;174;438;339;474;301;553;264;588;259;597;231;75;311
MA-0148-SS03-000359-L.dw.png;MA-0148;29.648054;-9.717835;2023;semiarid;flower;New material;180;266;200;261;253;330;249;277;242;193;325;319;377;342;359;321;400;279;364;262;400;224;397;186;411;149;439;319;472;274;540;221;574;210;576;178;75;366
MA-0148-SS03-000359-R.dw.png;MA-0148;29.648054;-9.717835;2023;semiarid;flower;New material;189;177;210;175;246;256;254;202;266;118;324;259;370;291;354;267;401;234;371;211;414;181;419;142;440;110;432;282;474;244;549;206;586;204;595;171;64;256
MA-0148-SS03-000360-L.dw.png;MA-0148;29.648054;-9.717835;2023;semiarid;flower;New material;195;174;215;172;250;247;255;195;267;116;325;247;374;278;363;256;406;223;376;203;410;169;415;131;429;99;444;268;479;231;556;193;600;188;609;160;72;249
MA-0148-SS03-000360-R.dw.png;MA-0148;29.648054;-9.717835;2023;semiarid;flower;New material;195;172;214;171;248;247;252;195;269;117;321;251;370;282;357;260;404;230;374;208;411;177;417;138;434;106;437;274;472;240;554;203;595;200;607;173;72;244
MA-0148-SS03-000361-L.dw.png;MA-0148;29.648054;-9.717835;2023;semiarid;flower;New material;201;179;218;176;265;254;266;202;269;122;333;257;380;288;369;267;416;235;385;215;418;181;421;143;440;113;445;279;480;245;565;207;597;204;607;175;78;252
MA-0148-SS03-000361-R.dw.png;MA-0148;29.648054;-9.717835;2023;semiarid;flower;New material;205;172;223;169;262;248;271;197;275;115;336;252;384;284;370;262;414;229;385;209;422;176;426;138;444;108;449;275;485;241;567;204;600;201;609;171;82;244
MA-0148-SS03-000362-L.dw.png;MA-0148;29.648054;-9.717835;2023;semiarid;flower;New material;125;165;143;163;176;240;190;192;195;110;253;246;295;279;282;255;326;222;306;205;339;169;344;129;363;99;362;268;394;235;477;194;515;191;525;161;11;246
MA-0148-SS03-000362-R.dw.png;MA-0148;29.648054;-9.717835;2023;semiarid;flower;New material;148;177;167;171;214;242;219;191;209;110;292;233;337;257;322;236;357;196;335;184;361;142;358;102;371;70;405;235;429;195;499;141;535;132;540;99;52;277
MA-0148-SS03-000363-R.dw.png;MA-0148;29.648054;-9.717835;2023;semiarid;flower;New material;173;182;193;174;247;241;233;186;225;108;324;222;374;242;353;221;387;179;355;167;379;128;371;91;385;57;431;215;451;172;516;116;551;101;551;70;82;291
MA-0148-SS03-000364-L.dw.png;MA-0148;29.648054;-9.717835;2023;semiarid;flower;New material;163;209;184;203;246;267;237;218;221;137;312;253;371;274;351;254;383;215;350;202;377;162;373;123;384;89;430;251;452;212;520;153;559;140;555;110;59;314
MA-0148-SS03-000364-R.dw.png;MA-0148;29.648054;-9.717835;2023;semiarid;flower;New material;193;189;215;183;274;250;266;201;253;118;340;239;398;263;378;242;416;206;376;190;408;154;406;116;418;82;460;243;485;205;555;153;591;142;589;110;85;285
MA-0148-SS03-000365-L.dw.png;MA-0148;29.648054;-9.717835;2023;semiarid;flower;New material;201;173;220;171;258;250;265;199;271;118;330;252;383;285;368;263;410;231;383;213;415;179;422;140;440;108;441;275;476;240;553;201;592;197;595;166;79;244
MA-0148-SS03-000365-R.dw.png;MA-0148;29.648054;-9.717835;2023;semiarid;flower;New material;200;169;221;168;256;246;262;193;269;115;328;248;380;282;366;258;410;228;375;207;413;175;420;137;439;104;441;271;476;235;551;194;591;190;597;160;80;243
MA-0148-SS03-000366-R.dw.png;MA-0148;29.648054;-9.717835;2023;semiarid;flower;New material;129;260;147;255;202;320;195;269;188;190;274;305;329;323;309;305;341;262;317;251;343;212;336;175;345;140;389;299;415;256;477;205;516;190;518;162;34;372
MA-0148-SS03-000367-L.dw.png;MA-0148;29.648054;-9.717835;2023;semiarid;flower;New material;200;170;222;169;254;245;258;193;272;113;333;249;378;279;368;258;406;224;382;207;413;172;418;135;436;102;441;272;475;235;548;196;590;191;599;162;79;243
MA-0148-SS03-000367-R.dw.png;MA-0148;29.648054;-9.717835;2023;semiarid;flower;New material;199;172;220;171;254;248;256;194;272;113;333;252;376;282;367;261;405;227;380;210;412;173;418;136;435;103;440;273;477;237;550;198;590;193;598;164;77;247
MA-0148-SS03-000368-L.dw.png;MA-0148;29.648054;-9.717835;2023;semiarid;flower;New material;162;144;186;143;205;217;217;164;235;89;287;221;336;254;321;229;359;197;335;179;370;147;375;110;396;81;395;245;430;209;507;173;540;168;545;140;46;222
MA-0148-SS03-000368-R.dw.png;MA-0148;29.648054;-9.717835;2023;semiarid;flower;New material;151;176;170;171;211;236;209;183;204;108;291;220;345;241;324;220;353;180;326;169;350;131;346;94;358;62;400;217;424;173;486;119;518;106;514;76;58;279
MA-0148-SS03-000369-L.dw.png;MA-0148;29.648054;-9.717835;2023;semiarid;flower;New material;187;171;201;170;239;249;250;194;257;116;329;250;374;280;363;259;403;226;379;210;408;176;410;137;425;105;437;270;470;237;555;196;588;194;598;164;71;250
MA-0148-SS03-000369-R.dw.png;MA-0148;29.648054;-9.717835;2023;semiarid;flower;New material;117;183;130;179;192;247;185;193;172;116;273;232;319;251;306;233;339;192;310;181;334;142;330;105;339;68;382;228;407;189;481;131;514;121;516;89;23;286
MA-0148-SS03-000370-L.dw.png;MA-0148;29.648054;-9.717835;2023;semiarid;flower;New material;213;172;235;170;267;250;272;194;285;118;343;255;393;288;376;264;425;229;399;210;438;176;444;137;460;106;459;278;491;242;581;200;621;196;627;166;85;249
MA-0148-SS03-000370-R.dw.png;MA-0148;29.648054;-9.717835;2023;semiarid;flower;New material;213;173;234;171;264;250;275;197;285;118;343;255;394;287;376;264;423;228;397;209;435;177;443;138;460;107;456;278;491;241;579;200;622;195;627;165;85;253
MA-0149-SS04-000517-L.dw.png;MA-0149;29.305654;-9.743121;2023;desert;flower;New material;203;166;223;163;266;239;273;191;277;114;340;243;385;274;371;252;418;222;390;203;427;169;428;130;443;101;451;266;481;232;564;191;602;187;605;155;74;235
MA-0149-SS04-000517-R.dw.png;MA-0149;29.305654;-9.743121;2023;desert;flower;New material;199;167;218;164;261;242;265;192;272;114;337;245;383;275;368;254;412;225;386;205;422;170;423;132;439;102;446;267;478;233;558;193;598;188;601;155;72;237
MA-0149-SS04-000518-L.dw.png;MA-0149;29.305654;-9.743121;2023;desert;flower;New material;181;171;207;170;239;250;244;194;259;114;315;253;365;285;351;263;397;229;367;210;401;175;407;138;427;106;432;276;467;238;545;199;578;195;589;164;56;246
MA-0149-SS04-000518-R.dw.png;MA-0149;29.305654;-9.743121;2023;desert;flower;New material;201;171;226;171;253;250;261;194;277;116;331;252;384;285;369;263;414;229;387;211;419;175;425;138;445;106;451;275;485;237;563;200;597;196;606;165;75;247
MA-0149-SS04-000519-L.dw.png;MA-0149;29.305654;-9.743121;2023;desert;flower;New material;205;176;226;173;265;251;269;199;280;117;342;253;393;286;378;264;417;231;390;212;427;176;431;137;447;103;460;276;494;240;570;200;606;196;617;167;85;249
MA-0149-SS04-000519-R.dw.png;MA-0149;29.305654;-9.743121;2023;desert;flower;New material;202;180;222;177;265;254;265;200;277;119;343;255;391;285;375;263;415;230;386;211;423;174;425;136;445;101;456;276;492;238;568;197;601;194;610;162;81;259
MA-0149-SS04-000520-L.dw.png;MA-0149;29.305654;-9.743121;2023;desert;flower;New material;201;175;221;173;259;252;262;198;279;117;335;256;390;287;374;267;417;234;390;215;425;182;429;142;443;109;453;279;486;244;565;207;602;204;609;172;77;248
MA-0149-SS04-000520-R.dw.png;MA-0149;29.305654;-9.743121;2023;desert;flower;New material;203;173;222;172;258;251;266;198;282;117;336;256;390;288;376;267;419;236;389;213;426;183;430;142;443;111;452;280;489;244;564;209;603;205;609;174;78;244
MA-0149-SS04-000521-L.dw.png;MA-0149;29.305654;-9.743121;2023;desert;flower;New material;202;190;221;188;261;271;266;216;274;137;338;273;382;304;367;282;409;248;378;229;418;194;424;157;439;126;447;294;478;259;552;220;595;216;603;185;81;270
MA-0149-SS04-000521-R.dw.png;MA-0149;29.305654;-9.743121;2023;desert;flower;New material;201;173;219;170;264;250;266;196;271;117;341;250;386;280;368;258;408;223;376;204;417;170;421;131;436;99;448;268;480;232;553;192;597;188;602;156;81;256
MA-0149-SS04-000522-L.dw.png;MA-0149;29.305654;-9.743121;2023;desert;flower;New material;203;168;226;166;255;244;262;192;276;113;329;248;377;280;361;258;412;222;387;204;418;172;422;136;438;103;442;271;480;232;558;194;600;191;606;162;75;241
MA-0149-SS04-000522-R.dw.png;MA-0149;29.305654;-9.743121;2023;desert;flower;New material;200;166;221;166;252;243;262;193;272;113;326;249;372;281;358;258;406;222;380;205;415;172;419;136;434;106;441;272;478;234;552;198;594;195;601;167;73;240
MA-0149-SS04-000523-L.dw.png;MA-0149;29.305654;-9.743121;2023;desert;flower;New material;198;176;217;173;264;257;268;204;273;118;343;260;392;291;382;271;418;236;389;216;428;180;431;139;449;105;455;282;488;247;569;204;604;198;609;165;81;259
MA-0149-SS04-000523-R.dw.png;MA-0149;29.305654;-9.743121;2023;desert;flower;New material;197;178;215;174;263;256;274;205;268;118;343;258;392;288;380;267;418;232;386;212;422;175;425;134;441;101;454;277;485;241;564;197;600;191;604;158;83;263
MA-0149-SS04-000524-L.dw.png;MA-0149;29.305654;-9.743121;2023;desert;flower;New material;196;175;215;172;255;251;264;198;270;114;338;252;386;281;374;262;413;226;387;208;422;173;427;133;445;98;455;271;484;235;566;192;602;188;611;157;85;258
MA-0149-SS04-000524-R.dw.png;MA-0149;29.305654;-9.743121;2023;desert;flower;New material;197;174;217;171;257;250;260;196;271;114;336;253;385;284;372;264;411;226;385;208;423;175;429;134;449;100;452;273;485;236;566;196;602;191;610;159;86;255
MA-0149-SS04-000525-L.dw.png;MA-0149;29.305654;-9.743121;2023;desert;flower;New material;198;180;216;178;256;258;262;206;274;124;337;261;385;292;367;269;408;235;386;218;421;184;424;142;441;109;448;283;482;245;558;207;596;204;604;173;82;260
MA-0149-SS04-000525-R.dw.png;MA-0149;29.305654;-9.743121;2023;desert;flower;New material;195;179;216;176;258;255;264;202;270;120;341;256;388;285;371;262;412;227;388;211;421;174;422;134;438;100;452;272;486;234;557;195;598;190;608;159;86;266
MA-0149-SS04-000526-L.dw.png;MA-0149;29.305654;-9.743121;2023;desert;flower;New material;194;182;208;178;252;257;267;209;263;120;336;259;387;290;372;268;412;235;386;217;423;181;429;139;442;107;455;280;490;244;575;200;605;196;614;165;73;262
MA-0149-SS04-000527-L.dw.png;MA-0149;29.305654;-9.743121;2023;desert;flower;New material;202;171;223;169;260;251;263;195;281;114;337;255;385;285;371;265;424;229;390;208;430;176;432;138;450;106;449;276;488;238;567;201;602;198;613;168;75;246
MA-0149-SS04-000527-R.dw.png;MA-0149;29.305654;-9.743121;2023;desert;flower;New material;203;170;223;169;259;251;264;195;285;112;338;255;389;286;374;265;421;227;395;210;430;176;434;136;452;105;451;277;489;240;569;201;604;199;615;168;76;245
MA-0149-SS04-000528-L.dw.png;MA-0149;29.305654;-9.743121;2023;desert;flower;New material;212;176;232;173;270;252;276;202;283;120;343;257;392;290;376;268;422;237;392;215;427;182;430;145;446;113;450;284;487;247;565;211;603;209;611;179;84;249
MA-0149-SS04-000528-R.dw.png;MA-0149;29.305654;-9.743121;2023;desert;flower;New material;214;177;235;174;275;251;273;199;284;120;342;255;396;287;379;265;425;234;392;212;429;178;433;140;451;110;455;280;489;243;568;204;606;200;616;170;85;253
MA-0149-SS04-000529-R.dw.png;MA-0149;29.305654;-9.743121;2023;desert;flower;New material;198;171;218;168;266;245;264;193;266;116;341;248;387;278;377;257;418;224;388;205;424;175;429;136;444;105;456;268;488;235;569;197;604;193;608;164;76;243
MA-0149-SS04-000530-L.dw.png;MA-0149;29.305654;-9.743121;2023;desert;flower;New material;219;173;242;173;276;254;284;200;299;119;351;258;396;291;384;268;434;234;413;216;446;181;451;142;468;110;464;282;502;244;583;206;619;203;627;171;83;246
MA-0149-SS04-000530-R.dw.png;MA-0149;29.305654;-9.743121;2023;desert;flower;New material;215;178;237;177;275;258;279;203;293;122;350;260;397;291;383;269;433;235;407;216;440;179;444;141;461;109;464;280;502;242;577;202;614;197;620;167;82;254
MA-0149-SS04-000531-L.dw.png;MA-0149;29.305654;-9.743121;2023;desert;flower;New material;194;170;210;167;256;251;261;197;264;113;335;254;381;285;371;262;420;230;385;208;422;172;427;132;444;100;448;276;487;236;564;196;597;191;611;162;76;251
MA-0149-SS04-000531-R.dw.png;MA-0149;29.305654;-9.743121;2023;desert;flower;New material;196;176;213;173;259;255;265;201;266;116;338;257;383;290;372;267;418;232;388;212;426;177;430;136;446;103;453;280;487;242;570;200;603;196;612;164;81;259
MA-0149-SS04-000532-L.dw.png;MA-0149;29.305654;-9.743121;2023;desert;flower;New material;194;174;212;172;253;252;255;198;265;119;330;255;373;287;363;265;402;231;379;212;412;181;418;139;437;107;436;280;472;245;551;206;587;203;591;170;74;247
MA-0149-SS04-000532-R.dw.png;MA-0149;29.305654;-9.743121;2023;desert;flower;New material;196;174;215;172;250;252;256;197;268;119;330;256;376;288;363;265;405;232;376;210;413;181;418;141;436;106;437;279;472;245;551;205;586;202;591;169;76;248
MA-0149-SS04-000533-L.dw.png;MA-0149;29.305654;-9.743121;2023;desert;flower;New material;201;179;221;176;263;254;262;199;274;119;331;256;388;288;372;265;415;228;386;208;425;173;426;133;443;100;455;277;495;238;576;195;611;191;617;160;80;259
MA-0149-SS04-000533-R.dw.png;MA-0149;29.305654;-9.743121;2023;desert;flower;New material;201;176;224;173;259;251;261;197;277;118;328;254;387;288;372;264;414;228;385;208;425;173;428;134;445;101;455;277;495;238;574;198;612;193;618;162;80;254
MA-0149-SS04-000534-L.dw.png;MA-0149;29.305654;-9.743121;2023;desert;flower;New material;200;167;226;168;255;246;266;194;282;114;332;251;382;284;367;262;414;226;385;207;423;174;428;134;446;102;448;276;486;237;567;198;599;193;609;162;75;241
MA-0149-SS04-000534-R.dw.png;MA-0149;29.305654;-9.743121;2023;desert;flower;New material;190;165;217;167;245;244;253;191;271;113;320;249;370;283;354;260;404;226;374;206;412;173;416;132;436;101;433;275;471;235;555;194;588;191;599;161;65;239
MA-0149-SS04-000535-L.dw.png;MA-0149;29.305654;-9.743121;2023;desert;flower;New material;210;174;234;172;269;248;276;198;284;119;344;251;385;283;372;261;421;229;390;207;428;175;430;137;446;103;451;273;487;237;566;195;606;190;609;159;81;246
MA-0149-SS04-000535-R.dw.png;MA-0149;29.305654;-9.743121;2023;desert;flower;New material;207;172;228;170;262;249;271;197;283;120;337;253;379;286;368;265;413;232;387;210;425;179;428;140;444;108;447;277;484;242;563;203;599;199;609;169;78;240
MA-0149-SS04-000536-L.dw.png;MA-0149;29.305654;-9.743121;2023;desert;flower;New material;195;172;217;170;259;247;260;195;274;113;341;251;383;280;369;258;409;225;380;206;416;173;423;134;441;101;440;273;479;236;557;198;588;195;598;164;72;244
MA-0149-SS04-000536-R.dw.png;MA-0149;29.305654;-9.743121;2023;desert;flower;New material;193;174;214;172;253;248;259;195;267;113;335;248;383;277;369;255;408;222;381;205;412;169;415;130;435;96;442;266;477;230;550;190;584;186;593;155;74;252
MA-0149-SS04-000537-L.dw.png;MA-0149;29.305654;-9.743121;2023;desert;flower;New material;201;175;222;173;263;250;264;197;274;116;345;251;388;280;379;260;423;229;384;205;421;173;426;133;443;100;457;270;488;235;559;195;599;191;608;162;83;254
MA-0149-SS04-000537-R.dw.png;MA-0149;29.305654;-9.743121;2023;desert;flower;New material;196;174;219;172;260;248;261;195;272;116;340;250;385;280;375;258;420;228;388;208;419;173;423;134;438;102;454;269;487;235;556;197;596;192;602;163;80;252
MA-0150-SS05-000400-L.dw.png;MA-0150;29.100623;-9.85975;2023;desert;flower;New material;148;126;173;127;198;207;211;155;227;78;274;217;317;251;304;229;346;202;321;181;356;151;366;114;389;85;372;249;410;217;484;190;521;189;537;158;24;188
MA-0150-SS05-000400-R.dw.png;MA-0150;29.100623;-9.85975;2023;desert;flower;New material;138;122;164;120;195;197;205;146;211;69;271;200;315;232;301;210;341;180;314;161;348;128;354;91;374;61;373;224;406;188;480;154;515;150;523;117;19;192
MA-0150-SS05-000401-L.dw.png;MA-0150;29.100623;-9.85975;2023;desert;flower;New material;191;174;214;171;251;252;261;200;274;117;332;255;382;287;365;263;412;228;386;210;424;178;430;137;447;109;444;279;482;242;567;205;600;201;611;173;80;256
MA-0150-SS05-000401-R.dw.png;MA-0150;29.100623;-9.85975;2023;desert;flower;New material;192;180;216;176;250;255;266;205;274;123;334;258;382;290;367;266;414;231;389;213;426;179;430;140;446;109;447;280;487;241;569;202;603;198;614;168;80;261
MA-0150-SS05-000402-L.dw.png;MA-0150;29.100623;-9.85975;2023;desert;flower;New material;201;175;216;173;265;252;264;201;274;119;338;254;384;283;369;262;412;229;388;212;421;178;428;140;444;108;447;274;478;240;561;202;599;197;606;167;74;246
MA-0150-SS05-000402-R.dw.png;MA-0150;29.100623;-9.85975;2023;desert;flower;New material;199;175;215;172;262;250;265;199;271;116;337;251;381;283;367;259;413;226;388;209;418;175;423;137;438;104;448;270;477;237;562;197;594;193;603;163;73;249
MA-0150-SS05-000403-L.dw.png;MA-0150;29.100623;-9.85975;2023;desert;flower;New material;182;159;204;157;240;233;244;184;255;107;310;237;355;268;343;248;383;219;354;199;388;169;397;134;413;107;411;262;443;226;520;193;551;189;559;161;72;234
MA-0150-SS05-000403-R.dw.png;MA-0150;29.100623;-9.85975;2023;desert;flower;New material;178;158;200;158;234;233;242;185;251;107;304;235;353;266;341;246;381;218;350;199;385;169;394;133;411;105;408;259;441;225;516;191;548;185;556;158;67;231
MA-0150-SS05-000404-L.dw.png;MA-0150;29.100623;-9.85975;2023;desert;flower;New material;136;115;156;114;190;188;194;137;209;61;262;191;310;222;297;201;333;168;309;150;345;120;349;85;368;53;365;215;399;179;472;147;511;141;520;112;15;187
MA-0150-SS05-000404-R.dw.png;MA-0150;29.100623;-9.85975;2023;desert;flower;New material;137;117;157;116;194;191;194;139;211;64;266;194;312;224;299;203;338;172;313;153;347;123;352;89;369;57;369;216;401;182;474;149;515;144;522;116;16;189
MA-0150-SS05-000405-R.dw.png;MA-0150;29.100623;-9.85975;2023;desert;flower;New material;58;88;78;88;107;164;126;117;138;34;186;170;238;205;223;182;270;149;243;126;282;96;290;57;311;26;303;196;339;160;420;123;457;120;470;91;-60;162
MA-0150-SS05-000406-L.dw.png;MA-0150;29.100623;-9.85975;2023;desert;flower;New material;130;171;151;166;191;236;193;184;198;104;271;227;328;249;308;229;343;191;318;176;347;138;348;100;362;67;390;230;423;186;490;137;523;127;524;96;18;264
MA-0150-SS05-000406-R.dw.png;MA-0150;29.100623;-9.85975;2023;desert;flower;New material;139;168;161;162;204;231;201;179;204;101;281;221;337;242;319;224;355;185;329;172;355;134;354;95;369;62;403;221;433;179;499;129;529;121;532;90;29;263
MA-0150-SS05-000407-L.dw.png;MA-0150;29.100623;-9.85975;2023;desert;flower;New material;127;165;146;159;197;229;198;179;188;96;276;218;328;241;312;221;344;181;321;170;346;129;343;91;355;57;383;223;409;184;487;125;526;113;534;84;28;263
MA-0150-SS05-000407-R.dw.png;MA-0150;29.100623;-9.85975;2023;desert;flower;New material;132;159;150;153;200;223;205;174;193;91;282;213;334;235;317;216;352;178;324;163;349;125;348;85;360;52;387;219;416;179;495;122;533;111;538;83;33;255
MA-0150-SS05-000408-R.dw.png;MA-0150;29.100623;-9.85975;2023;desert;flower;New material;132;117;150;114;194;193;195;141;202;60;269;196;314;227;301;206;340;173;304;151;347;119;350;79;369;44;375;216;404;183;484;139;524;134;537;104;16;198
MA-0150-SS05-000409-L.dw.png;MA-0150;29.100623;-9.85975;2023;desert;flower;New material;156;136;178;134;212;211;220;160;230;81;287;215;335;247;323;224;361;193;337;175;366;140;371;101;392;72;391;239;428;202;504;167;540;163;551;133;36;208
MA-0150-SS05-000409-R.dw.png;MA-0150;29.100623;-9.85975;2023;desert;flower;New material;154;89;175;90;201;172;213;121;233;42;278;185;320;222;310;199;351;169;327;149;362;118;371;79;395;51;378;220;415;188;497;161;532;161;544;131;26;148
MA-0150-SS05-000410-R.dw.png;MA-0150;29.100623;-9.85975;2023;desert;flower;New material;141;108;158;106;200;186;202;132;220;42;274;190;325;221;310;200;348;166;323;143;362;110;370;70;390;39;393;211;426;176;505;137;542;132;549;102;18;184
MA-0150-SS05-000411-L.dw.png;MA-0150;29.100623;-9.85975;2023;desert;flower;New material;188;164;210;163;237;238;250;187;262;110;319;242;363;270;354;250;397;220;371;202;402;170;409;130;421;101;429;259;460;225;540;196;574;191;580;163;74;242
MA-0150-SS05-000411-R.dw.png;MA-0150;29.100623;-9.85975;2023;desert;flower;New material;194;161;216;161;240;235;252;185;270;110;319;241;366;271;354;250;397;221;372;203;405;170;416;133;430;105;429;262;463;228;545;195;578;192;584;165;74;233
MA-0150-SS05-000412-L.dw.png;MA-0150;29.100623;-9.85975;2023;desert;flower;New material;131;175;147;169;198;239;199;187;194;105;273;227;329;248;311;229;353;187;322;173;348;134;346;94;358;61;395;224;425;180;491;129;525;118;528;89;21;268
MA-0150-SS05-000412-R.dw.png;MA-0150;29.100623;-9.85975;2023;desert;flower;New material;144;133;161;131;196;209;206;157;218;76;271;211;324;243;309;221;356;187;329;168;365;135;369;95;387;63;392;231;429;194;503;157;541;152;549;121;18;203
MA-0150-SS05-000413-L.dw.png;MA-0150;29.100623;-9.85975;2023;desert;flower;New material;137;135;156;133;198;214;205;162;208;77;277;219;319;248;306;227;352;193;327;176;360;141;361;99;376;68;390;238;422;203;507;163;538;159;547;130;18;213
MA-0150-SS05-000413-R.dw.png;MA-0150;29.100623;-9.85975;2023;desert;flower;New material;132;136;151;134;192;214;196;160;202;78;272;220;314;248;302;228;350;194;321;176;355;142;356;101;370;70;388;238;418;204;500;163;533;159;542;130;15;212
MA-0150-SS05-000414-L.dw.png;MA-0150;29.100623;-9.85975;2023;desert;flower;New material;104;209;119;202;180;266;170;213;154;132;259;244;309;260;293;244;323;199;289;187;313;146;306;108;313;72;371;229;390;187;450;128;485;112;485;83;18;322
MA-0150-SS05-000415-L.dw.png;MA-0150;29.100623;-9.85975;2023;desert;flower;New material;107;198;128;190;193;254;176;203;165;124;261;236;314;252;294;235;328;191;291;180;319;140;313;101;320;65;370;223;394;178;454;124;494;105;494;77;17;308
MA-0150-SS05-000416-L.dw.png;MA-0150;29.100623;-9.85975;2023;desert;flower;New material;152;116;177;115;204;189;217;141;228;60;277;194;327;225;312;204;356;172;331;152;369;122;372;84;391;51;396;218;430;182;514;143;548;140;551;109;31;187
MA-0150-SS05-000416-R.dw.png;MA-0150;29.100623;-9.85975;2023;desert;flower;New material;143;124;169;123;198;199;207;149;222;68;273;204;320;236;306;214;352;181;324;161;362;131;367;92;387;60;394;226;426;192;508;154;543;152;549;122;25;200
MA-0150-SS05-000417-L.dw.png;MA-0150;29.100623;-9.85975;2023;desert;flower;New material;128;175;147;170;200;242;191;188;193;105;277;232;333;257;316;236;354;195;328;182;355;141;349;100;364;64;395;236;424;192;498;140;530;130;533;97;22;277
MA-0150-SS05-000417-R.dw.png;MA-0150;29.100623;-9.85975;2023;desert;flower;New material;126;172;146;166;199;238;190;184;190;100;276;228;328;251;314;231;351;191;325;178;354;138;348;96;362;60;392;232;424;186;497;134;528;125;533;95;24;275
MA-0152-SS06-000545-L.dw.png;MA-0152;27.030196;-13.095035;2023;desert;flower;New material;204;174;226;173;265;248;269;196;280;113;337;251;386;284;374;261;420;225;391;207;423;173;428;131;444;101;453;275;488;235;566;196;600;192;606;160;86;250
MA-0152-SS06-000545-R.dw.png;MA-0152;27.030196;-13.095035;2023;desert;flower;New material;203;174;224;171;261;248;267;195;279;115;337;250;385;283;371;260;418;225;389;206;421;174;426;132;443;101;449;273;488;233;562;195;599;191;604;159;83;250
MA-0152-SS06-000546-L.dw.png;MA-0152;27.030196;-13.095035;2023;desert;flower;New material;158;139;176;138;220;218;219;163;229;81;295;220;346;252;332;230;367;196;341;176;378;143;384;102;402;71;406;243;440;208;525;166;562;163;566;132;38;215
MA-0152-SS06-000546-R.dw.png;MA-0152;27.030196;-13.095035;2023;desert;flower;New material;163;131;181;129;231;210;229;157;233;71;298;211;352;244;338;221;372;189;348;168;385;134;389;94;406;63;413;235;446;199;532;159;569;155;573;123;44;207
MA-0152-SS07-000549-L.dw.png;MA-0152;27.030196;-13.095035;2023;desert;flower;New material;194;172;217;169;254;247;261;196;270;113;336;249;380;281;369;259;409;225;378;205;418;172;423;134;446;101;445;271;477;235;565;193;597;191;608;161;75;250
MA-0152-SS07-000549-R.dw.png;MA-0152;27.030196;-13.095035;2023;desert;flower;New material;191;173;217;171;252;249;256;195;269;114;336;252;382;283;370;261;412;228;381;207;421;175;424;136;446;104;447;274;481;238;567;198;599;196;612;167;75;252
MA-0152-SS08-000547-L.dw.png;MA-0152;27.030196;-13.095035;2023;desert;flower;New material;179;173;200;166;250;234;249;182;238;105;325;219;376;241;360;221;388;181;354;169;385;130;385;98;394;64;432;219;460;174;514;126;549;112;550;80;83;268
MA-0152-SS08-000547-R.dw.png;MA-0152;27.030196;-13.095035;2023;desert;flower;New material;186;156;208;154;245;231;251;180;259;102;322;233;366;267;355;243;393;211;358;191;399;160;405;127;422;97;424;257;463;219;526;187;565;181;570;149;72;229
MA-0152-SS08-000548-L.dw.png;MA-0152;27.030196;-13.095035;2023;desert;flower;New material;173;156;192;154;237;230;242;181;247;102;310;232;353;262;340;241;380;210;350;191;388;160;393;124;411;95;415;254;452;218;520;182;556;179;564;150;58;227
MA-0152-SS08-000548-R.dw.png;MA-0152;27.030196;-13.095035;2023;desert;flower;New material;175;171;195;167;251;232;250;184;236;105;324;222;370;243;353;224;389;186;356;174;386;137;384;101;399;69;428;224;459;182;522;134;557;125;559;93;73;264
MA-0154-SS09-000371-L.dw.png;MA-0154;23.765989;-15.919517;2023;desert;flower;New material;175;164;195;162;233;241;238;188;250;110;310;246;357;277;344;255;384;221;358;203;394;169;397;130;416;100;418;268;454;232;530;194;570;190;584;163;52;236
MA-0154-SS09-000371-R.dw.png;MA-0154;23.765989;-15.919517;2023;desert;flower;New material;184;159;205;157;243;236;248;182;260;104;321;238;368;271;356;249;393;213;370;195;404;160;409;121;429;92;430;261;464;224;543;185;583;180;594;150;61;233
MA-0154-SS09-000372-L.dw.png;MA-0154;23.765989;-15.919517;2023;desert;flower;New material;201;173;222;171;262;251;266;196;277;113;345;252;392;285;376;262;420;229;391;210;424;175;429;134;449;103;455;275;493;237;569;197;607;194;610;162;80;252
MA-0154-SS09-000372-R.dw.png;MA-0154;23.765989;-15.919517;2023;desert;flower;New material;195;172;215;170;251;251;257;195;273;115;337;255;384;288;370;264;413;232;385;213;419;180;425;139;444;108;446;279;487;242;564;203;601;201;608;169;74;252
MA-0154-SS09-000373-L.dw.png;MA-0154;23.765989;-15.919517;2023;desert;flower;New material;191;171;210;168;245;246;254;195;268;111;325;249;375;281;361;259;401;225;374;208;409;171;413;135;434;103;439;271;474;234;546;195;582;190;592;160;78;248
MA-0154-SS09-000373-R.dw.png;MA-0154;23.765989;-15.919517;2023;desert;flower;New material;190;171;208;167;248;246;252;194;267;110;326;248;375;280;360;258;403;225;373;206;409;171;412;134;433;101;437;271;474;234;548;195;580;191;591;160;78;251
MA-0154-SS09-000374-L.dw.png;MA-0154;23.765989;-15.919517;2023;desert;flower;New material;199;178;217;174;252;254;263;200;271;116;336;256;381;286;368;265;407;231;383;214;417;177;419;136;442;105;443;277;478;239;555;199;587;195;594;162;81;256
MA-0154-SS09-000374-R.dw.png;MA-0154;23.765989;-15.919517;2023;desert;flower;New material;201;177;220;175;261;254;264;200;274;115;337;255;383;288;370;265;412;231;386;213;421;177;421;137;443;104;446;279;483;240;559;199;592;195;598;164;82;256
MA-0154-SS09-000375-L.dw.png;MA-0154;23.765989;-15.919517;2023;desert;flower;New material;193;169;212;167;254;244;258;193;268;112;333;248;376;279;362;256;403;222;383;206;414;172;418;134;436;104;441;269;474;231;541;194;583;189;589;158;74;246
MA-0154-SS09-000375-R.dw.png;MA-0154;23.765989;-15.919517;2023;desert;flower;New material;192;164;214;162;253;239;255;188;271;111;332;244;375;275;362;253;407;221;380;202;415;171;419;133;440;103;440;267;475;229;545;194;584;190;593;161;74;238
MA-0154-SS09-000376-L.dw.png;MA-0154;23.765989;-15.919517;2023;desert;flower;New material;195;163;218;162;247;232;258;186;268;112;326;238;372;271;359;249;390;218;370;202;407;169;412;131;430;101;431;262;461;228;542;189;582;186;591;156;72;223
MA-0154-SS09-000376-R.dw.png;MA-0154;23.765989;-15.919517;2023;desert;flower;New material;184;168;207;166;243;238;247;189;258;113;319;242;364;275;351;252;382;221;362;205;396;171;401;134;419;101;421;267;453;232;531;192;572;189;582;159;63;232
MA-0154-SS09-000377-L.dw.png;MA-0154;23.765989;-15.919517;2023;desert;flower;New material;200;172;220;169;259;245;265;195;277;111;334;247;382;280;366;257;406;223;379;205;417;171;420;132;443;102;446;270;481;232;551;195;592;191;603;158;78;248
MA-0154-SS09-000377-R.dw.png;MA-0154;23.765989;-15.919517;2023;desert;flower;New material;201;172;218;170;257;246;264;197;277;112;334;251;380;285;365;260;406;228;379;209;414;176;418;137;443;107;441;276;479;239;549;203;590;200;599;170;76;246
MA-0154-SS09-000378-L.dw.png;MA-0154;23.765989;-15.919517;2023;desert;flower;New material;181;165;201;163;243;245;250;194;265;105;316;250;366;282;346;258;392;222;373;207;407;169;409;129;433;97;429;272;466;232;544;192;579;189;592;156;64;242
MA-0154-SS09-000378-R.dw.png;MA-0154;23.765989;-15.919517;2023;desert;flower;New material;179;162;199;160;239;242;248;191;261;103;315;247;364;279;346;255;391;220;368;203;403;166;406;126;430;93;425;269;465;229;541;190;576;186;589;153;63;241
MA-0154-SS09-000379-L.dw.png;MA-0154;23.765989;-15.919517;2023;desert;flower;New material;202;169;220;167;258;242;261;191;270;113;340;245;381;275;367;252;407;221;380;204;419;171;424;133;439;103;445;265;480;229;553;193;589;188;599;160;78;245
MA-0154-SS09-000379-R.dw.png;MA-0154;23.765989;-15.919517;2023;desert;flower;New material;195;158;212;157;250;233;255;183;264;105;328;237;373;269;358;246;399;214;377;198;411;166;416;129;434;98;436;260;473;223;543;189;582;185;593;157;68;231
MA-0154-SS09-000380-R.dw.png;MA-0154;23.765989;-15.919517;2023;desert;flower;New material;187;167;212;166;253;241;255;190;262;109;326;243;369;276;354;252;400;220;370;203;406;168;411;130;430;97;428;267;464;229;544;191;578;186;585;153;75;244
MA-0154-SS09-000381-L.dw.png;MA-0154;23.765989;-15.919517;2023;desert;flower;New material;203;173;222;171;253;249;262;195;278;116;339;257;381;288;368;265;405;229;385;213;420;175;421;137;442;105;447;279;475;240;552;200;591;196;595;163;72;246
MA-0154-SS09-000381-R.dw.png;MA-0154;23.765989;-15.919517;2023;desert;flower;New material;203;173;223;171;254;250;262;195;278;114;339;257;383;289;369;266;407;229;388;214;420;176;422;136;442;105;446;280;479;241;556;201;592;197;601;165;72;246
MA-0154-SS09-000382-L.dw.png;MA-0154;23.765989;-15.919517;2023;desert;flower;New material;202;168;219;166;261;242;262;190;273;109;331;243;379;275;365;252;404;218;378;200;414;165;417;125;437;98;444;265;480;227;553;187;584;184;589;152;81;246
MA-0154-SS09-000382-R.dw.png;MA-0154;23.765989;-15.919517;2023;desert;flower;New material;201;170;218;167;259;242;262;190;271;110;332;243;379;274;365;253;404;219;378;201;414;166;415;125;435;98;443;264;478;228;556;186;585;183;589;151;78;245
MA-0154-SS09-000383-L.dw.png;MA-0154;23.765989;-15.919517;2023;desert;flower;New material;192;165;210;164;248;240;254;191;269;111;317;244;363;277;350;255;388;222;367;204;402;170;408;132;430;102;424;270;461;231;538;192;574;188;582;159;72;236
MA-0154-SS09-000383-R.dw.png;MA-0154;23.765989;-15.919517;2023;desert;flower;New material;187;170;206;167;248;244;251;194;264;113;321;248;363;278;350;256;391;225;366;206;398;172;404;133;427;103;427;269;463;232;536;193;572;190;577;161;73;243
MA-0154-SS09-000384-L.dw.png;MA-0154;23.765989;-15.919517;2023;desert;flower;New material;203;177;222;174;267;255;273;203;285;120;341;259;387;292;371;268;410;232;386;214;424;179;426;140;444;108;445;284;487;243;559;204;592;200;602;168;73;251
MA-0154-SS09-000384-R.dw.png;MA-0154;23.765989;-15.919517;2023;desert;flower;New material;203;175;224;173;262;253;269;200;286;119;342;257;389;289;373;265;410;231;390;214;426;179;428;139;446;107;449;281;489;240;560;201;596;197;605;165;75;250
MA-0154-SS09-000385-L.dw.png;MA-0154;23.765989;-15.919517;2023;desert;flower;New material;189;166;208;165;238;236;248;187;261;110;324;242;365;272;352;250;392;220;368;203;404;170;412;133;430;103;429;263;464;229;538;194;571;189;584;162;72;234
MA-0154-SS09-000385-R.dw.png;MA-0154;23.765989;-15.919517;2023;desert;flower;New material;191;163;212;162;249;235;251;183;260;107;326;237;367;268;353;245;394;216;368;198;406;166;413;129;429;99;431;259;466;225;540;188;574;183;582;153;76;232
MA-0154-SS09-000386-L.dw.png;MA-0154;23.765989;-15.919517;2023;desert;flower;New material;196;165;214;163;259;238;264;190;270;109;336;241;383;272;368;249;410;217;384;200;415;165;418;127;435;95;444;263;479;225;551;186;594;182;605;152;78;242
MA-0154-SS09-000386-R.dw.png;MA-0154;23.765989;-15.919517;2023;desert;flower;New material;196;168;214;166;258;241;266;194;271;110;337;243;386;276;369;252;411;221;383;202;415;169;419;130;436;98;444;267;482;228;554;190;594;187;605;158;78;246
MA-0154-SS09-000387-L.dw.png;MA-0154;23.765989;-15.919517;2023;desert;flower;New material;199;171;219;169;255;246;270;199;276;116;338;251;388;284;374;261;415;227;389;209;425;177;431;137;451;106;453;273;484;239;564;199;602;194;611;169;76;246
MA-0154-SS09-000387-R.dw.png;MA-0154;23.765989;-15.919517;2023;desert;flower;New material;197;172;219;169;255;246;265;194;272;114;341;247;390;279;377;256;418;222;391;204;424;171;429;131;447;101;453;268;486;231;564;191;601;186;611;155;76;251
MA-0154-SS09-000388-L.dw.png;MA-0154;23.765989;-15.919517;2023;desert;flower;New material;205;164;223;162;253;238;262;189;278;115;325;245;373;280;357;256;401;226;381;210;417;178;422;142;440;112;437;274;474;239;547;209;591;207;602;178;75;227
MA-0154-SS09-000388-R.dw.png;MA-0154;23.765989;-15.919517;2023;desert;flower;New material;201;167;219;164;251;238;260;187;273;112;328;241;378;272;360;248;404;215;381;200;415;166;419;131;434;99;440;262;476;224;548;191;592;186;603;157;78;240
MA-0154-SS09-000389-L.dw.png;MA-0154;23.765989;-15.919517;2023;desert;flower;New material;190;177;211;171;264;234;265;189;254;109;338;223;385;244;366;225;400;188;374;176;399;138;396;100;408;68;446;222;473;183;544;130;576;122;574;90;86;273
MA-0154-SS09-000389-R.dw.png;MA-0154;23.765989;-15.919517;2023;desert;flower;New material;187;176;208;169;262;232;263;187;251;106;335;220;384;240;365;221;401;184;372;172;399;136;394;98;405;65;445;218;470;180;542;127;576;117;576;86;85;273
MA-0154-SS09-000390-L.dw.png;MA-0154;23.765989;-15.919517;2023;desert;flower;New material;193;163;213;162;244;234;253;188;262;111;320;237;364;270;350;246;387;217;363;199;397;169;401;133;423;100;419;262;453;227;526;190;566;187;576;158;71;230
MA-0154-SS09-000390-R.dw.png;MA-0154;23.765989;-15.919517;2023;desert;flower;New material;193;165;214;164;248;235;256;190;263;114;321;239;367;271;352;248;385;217;365;203;401;171;404;134;425;102;423;264;455;231;531;192;569;189;578;160;74;233
MA-0154-SS09-000391-L.dw.png;MA-0154;23.765989;-15.919517;2023;desert;flower;New material;195;171;213;170;253;249;259;199;277;113;325;254;375;288;357;262;400;227;378;211;413;174;416;135;441;104;437;277;474;237;544;198;586;194;597;162;77;249
MA-0154-SS09-000391-R.dw.png;MA-0154;23.765989;-15.919517;2023;desert;flower;New material;194;170;212;169;251;249;259;199;276;114;322;254;374;289;354;263;399;230;375;213;412;178;415;139;440;108;434;280;472;240;545;202;584;199;598;168;78;248
MA-0154-SS09-000392-L.dw.png;MA-0154;23.765989;-15.919517;2023;desert;flower;New material;204;172;222;170;265;250;268;200;276;116;338;257;384;287;369;266;413;234;392;217;425;180;430;140;449;111;445;280;483;245;565;205;600;201;606;173;77;245
MA-0154-SS09-000392-R.dw.png;MA-0154;23.765989;-15.919517;2023;desert;flower;New material;204;170;224;169;264;248;269;197;275;114;338;253;384;283;370;262;412;230;391;212;426;177;431;137;448;108;447;276;485;241;568;200;601;197;608;167;78;244
MA-0154-SS09-000393-L.dw.png;MA-0154;23.765989;-15.919517;2023;desert;flower;New material;171;166;185;164;209;231;233;190;245;109;295;238;343;269;327;245;363;213;344;199;383;163;384;128;406;96;408;259;438;224;513;186;551;183;564;153;64;234
MA-0154-SS09-000393-R.dw.png;MA-0154;23.765989;-15.919517;2023;desert;flower;New material;163;178;177;173;212;235;225;188;224;109;298;224;351;246;332;225;362;189;342;178;371;137;367;100;380;66;413;224;436;186;503;134;543;123;547;93;72;265
MA-0154-SS09-000394-L.dw.png;MA-0154;23.765989;-15.919517;2023;desert;flower;New material;201;174;216;171;260;246;261;197;275;115;335;249;383;280;367;258;403;224;387;210;421;173;425;134;443;102;448;271;481;236;561;196;596;192;601;160;76;245
MA-0154-SS09-000394-R.dw.png;MA-0154;23.765989;-15.919517;2023;desert;flower;New material;199;173;217;170;256;245;262;195;275;113;339;247;386;279;372;256;409;223;385;205;422;171;424;131;443;99;449;269;485;232;559;193;596;189;605;156;78;248
MA-0154-SS09-000395-L.dw.png;MA-0154;23.765989;-15.919517;2023;desert;flower;New material;198;169;218;167;261;247;263;196;274;114;334;252;383;284;368;262;409;229;383;211;414;176;417;138;437;107;440;276;481;238;553;200;588;198;597;169;79;242
MA-0154-SS09-000395-R.dw.png;MA-0154;23.765989;-15.919517;2023;desert;flower;New material;196;169;215;166;259;245;263;193;271;112;333;247;383;279;368;257;408;223;379;203;412;168;415;130;433;98;442;269;479;230;555;190;588;187;598;158;78;247
MA-0154-SS09-000396-L.dw.png;MA-0154;23.765989;-15.919517;2023;desert;flower;New material;195;163;215;161;256;237;261;188;269;106;334;242;378;273;362;251;405;217;375;200;412;166;418;130;432;99;438;264;476;226;550;189;587;185;597;155;72;236
MA-0154-SS09-000396-R.dw.png;MA-0154;23.765989;-15.919517;2023;desert;flower;New material;195;164;216;164;255;241;261;192;271;109;332;247;377;280;363;257;405;224;380;207;413;171;419;135;435;103;439;271;478;233;553;196;587;194;597;163;76;236
MA-0154-SS09-000397-L.dw.png;MA-0154;23.765989;-15.919517;2023;desert;flower;New material;198;168;219;166;259;243;264;192;279;115;340;247;384;279;369;254;407;223;382;205;417;173;423;133;439;102;443;271;482;233;556;195;588;191;595;159;75;241
MA-0154-SS09-000397-R.dw.png;MA-0154;23.765989;-15.919517;2023;desert;flower;New material;199;169;220;165;257;243;257;189;279;115;338;247;381;278;370;255;409;223;387;206;418;173;421;133;437;101;443;271;482;231;556;192;591;188;597;156;75;242
MA-0154-SS09-000398-L.dw.png;MA-0154;23.765989;-15.919517;2023;desert;flower;New material;175;178;195;171;245;237;248;188;236;106;323;227;370;252;352;231;390;192;359;179;392;139;391;98;399;67;431;233;459;192;534;138;566;129;568;99;74;270
MA-0154-SS09-000398-R.dw.png;MA-0154;23.765989;-15.919517;2023;desert;flower;New material;149;122;171;120;210;191;217;146;223;67;282;197;328;231;315;208;353;177;329;156;367;128;373;88;387;57;391;223;427;189;506;149;543;145;550;116;37;174
MA-0154-SS09-000399-L.dw.png;MA-0154;23.765989;-15.919517;2023;desert;flower;New material;205;172;228;172;260;251;268;199;282;116;338;257;391;292;379;270;420;239;394;219;432;186;441;147;459;116;458;286;493;253;577;217;616;215;625;186;75;243
MA-0154-SS09-000399-R.dw.png;MA-0154;23.765989;-15.919517;2023;desert;flower;New material;207;173;228;172;265;250;274;199;283;116;343;253;397;285;383;265;426;231;400;213;434;178;441;139;459;108;464;277;498;242;576;203;616;200;623;168;80;245
MA-0156-SS10-000544-L.dw.png;MA-0156;29.238687;-9.748228;2023;desert;flower;New material;207;165;227;164;258;239;264;186;281;111;339;242;383;274;370;252;419;221;381;200;419;167;422;129;443;97;447;264;482;228;557;190;590;186;596;155;81;235
MA-0156-SS10-000544-R.dw.png;MA-0156;29.238687;-9.748228;2023;desert;flower;New material;201;170;220;167;253;241;255;188;270;111;331;241;378;272;364;250;413;219;375;199;410;164;411;126;430;94;439;261;475;224;546;185;582;180;587;148;80;246
MA-0156-SS11-000456-L.dw.png;MA-0156;29.238687;-9.748228;2023;desert;flower;New material;209;182;231;180;275;267;274;206;287;122;353;271;398;304;385;280;431;242;398;222;443;185;450;147;470;115;465;294;505;253;593;214;628;210;633;176;79;261
MA-0156-SS11-000456-R.dw.png;MA-0156;29.238687;-9.748228;2023;desert;flower;New material;188;179;210;177;257;264;253;204;267;120;330;267;379;301;364;276;410;239;381;219;423;183;430;145;449;113;444;291;486;250;572;211;609;207;615;174;62;261
MA-0156-SS11-000457-L.dw.png;MA-0156;29.238687;-9.748228;2023;desert;flower;New material;190;176;209;173;257;252;255;200;260;120;328;252;376;283;360;261;400;227;371;208;410;174;414;136;431;102;443;272;470;237;547;197;586;192;593;159;74;254
MA-0156-SS11-000457-R.dw.png;MA-0156;29.238687;-9.748228;2023;desert;flower;New material;195;178;213;175;260;253;259;201;264;120;330;253;379;285;365;263;404;228;374;208;414;175;418;137;435;103;446;274;476;239;551;199;589;195;597;162;79;254
MA-0156-SS11-000458-L.dw.png;MA-0156;29.238687;-9.748228;2023;desert;flower;New material;160;178;181;172;228;244;230;190;223;108;305;234;360;261;344;240;382;196;350;183;378;141;376;101;386;65;421;241;449;193;521;144;558;135;566;99;58;279
MA-0156-SS11-000458-R.dw.png;MA-0156;29.238687;-9.748228;2023;desert;flower;New material;168;189;190;182;237;251;233;197;226;117;312;238;370;261;355;241;389;194;357;182;382;141;378;102;387;64;432;236;456;189;522;135;560;121;563;88;69;297
MA-0156-SS11-000459-L.dw.png;MA-0156;29.238687;-9.748228;2023;desert;flower;New material;167;264;185;259;244;323;229;274;225;193;312;316;361;338;345;318;381;279;345;265;377;229;375;190;388;156;422;320;452;277;520;231;553;223;555;191;68;357
MA-0156-SS11-000459-R.dw.png;MA-0156;29.238687;-9.748228;2023;desert;flower;New material;130;185;146;179;207;241;190;191;186;111;277;230;325;249;308;230;347;190;305;177;339;141;334;103;345;68;389;226;413;184;478;136;512;124;510;91;35;280
MA-0156-SS11-000460-L.dw.png;MA-0156;29.238687;-9.748228;2023;desert;flower;New material;206;182;228;179;266;262;273;206;284;124;347;267;397;301;380;277;433;245;395;219;435;188;445;149;464;117;458;294;494;253;578;215;613;211;622;179;82;264
MA-0156-SS11-000460-R.dw.png;MA-0156;29.238687;-9.748228;2023;desert;flower;New material;209;184;227;181;272;263;276;207;284;124;349;264;401;298;385;274;433;239;397;216;436;182;445;143;464;111;462;288;495;247;575;205;615;201;622;168;85;270
MA-0156-SS11-000461-L.dw.png;MA-0156;29.238687;-9.748228;2023;desert;flower;New material;129;175;148;169;208;237;198;186;195;105;279;227;330;250;313;231;353;190;319;177;350;137;346;99;357;65;398;228;422;188;488;138;526;128;530;96;22;272
MA-0156-SS11-000461-R.dw.png;MA-0156;29.238687;-9.748228;2023;desert;flower;New material;166;181;185;176;239;247;231;193;231;113;313;237;366;260;347;241;388;202;355;187;385;148;383;109;393;77;434;239;455;201;526;151;563;142;567;110;56;278
MA-0156-SS11-000462-L.dw.png;MA-0156;29.238687;-9.748228;2023;desert;flower;New material;182;179;202;176;246;256;246;202;257;120;325;260;365;291;352;270;400;235;365;212;402;178;409;139;428;107;435;282;465;243;545;203;585;199;593;167;64;260
MA-0156-SS11-000462-R.dw.png;MA-0156;29.238687;-9.748228;2023;desert;flower;New material;195;179;213;177;259;257;257;202;267;121;332;262;373;293;360;271;407;237;369;212;409;180;417;141;437;110;442;283;473;245;553;206;591;203;599;172;72;258
MA-0156-SS11-000463-L.dw.png;MA-0156;29.238687;-9.748228;2023;desert;flower;New material;208;176;228;174;264;254;271;200;285;116;336;257;387;292;373;270;421;237;393;218;428;182;433;143;451;111;452;284;491;248;569;212;605;211;607;177;84;252
MA-0156-SS11-000463-R.dw.png;MA-0156;29.238687;-9.748228;2023;desert;flower;New material;203;178;222;176;257;255;267;201;275;116;332;256;383;289;368;267;417;233;387;214;421;178;426;138;444;107;449;279;485;244;562;204;601;201;603;167;83;259
MA-0156-SS11-000464-L.dw.png;MA-0156;29.238687;-9.748228;2023;desert;flower;New material;196;169;216;166;252;246;260;191;270;109;326;248;381;281;366;260;417;223;379;199;422;166;425;126;440;94;451;269;481;232;572;189;606;186;617;155;81;251
MA-0156-SS11-000464-R.dw.png;MA-0156;29.238687;-9.748228;2023;desert;flower;New material;195;170;216;167;251;248;259;192;271;110;324;252;376;286;364;265;414;228;381;205;419;171;424;132;440;100;449;275;481;240;568;199;606;196;616;165;76;253
MA-0156-SS11-000465-L.dw.png;MA-0156;29.238687;-9.748228;2023;desert;flower;New material;202;186;222;184;258;263;267;211;275;128;339;267;386;300;375;279;424;243;388;221;426;185;431;144;445;112;453;290;489;253;573;209;609;206;615;174;85;266
MA-0156-SS11-000465-R.dw.png;MA-0156;29.238687;-9.748228;2023;desert;flower;New material;202;186;220;184;256;263;266;210;274;128;338;266;387;298;377;278;428;241;389;218;424;183;429;141;442;109;454;288;488;251;572;206;609;202;614;171;83;266
MA-0156-SS11-000466-L.dw.png;MA-0156;29.238687;-9.748228;2023;desert;flower;New material;203;173;224;171;260;251;264;195;274;115;333;251;387;283;372;262;414;228;383;208;420;174;427;136;443;104;450;274;485;237;564;196;599;192;606;161;90;257
MA-0156-SS11-000466-R.dw.png;MA-0156;29.238687;-9.748228;2023;desert;flower;New material;201;169;221;167;259;247;262;191;274;113;333;247;387;280;372;258;414;225;385;205;421;171;428;134;444;102;449;272;485;235;566;193;602;189;609;157;88;250
MA-0156-SS11-000467-L.dw.png;MA-0156;29.238687;-9.748228;2023;desert;flower;New material;204;175;224;172;261;251;271;199;278;118;338;252;385;284;371;262;416;229;388;212;424;177;429;140;445;112;450;274;487;237;558;204;602;200;606;171;84;253
MA-0156-SS11-000467-R.dw.png;MA-0156;29.238687;-9.748228;2023;desert;flower;New material;204;178;225;175;260;250;270;199;276;119;342;252;388;282;374;262;417;226;390;209;425;175;429;139;445;108;454;272;489;234;561;198;605;195;606;163;86;258
MA-0156-SS11-000468-L.dw.png;MA-0156;29.238687;-9.748228;2023;desert;flower;New material;194;169;217;166;260;245;260;191;267;109;331;247;379;280;364;256;409;222;382;204;417;167;423;129;441;97;446;270;486;228;559;192;598;189;613;157;72;252
MA-0156-SS11-000468-R.dw.png;MA-0156;29.238687;-9.748228;2023;desert;flower;New material;197;180;219;178;261;259;259;202;271;121;333;260;382;293;366;269;413;235;382;216;420;181;428;142;445;110;449;283;486;242;563;205;602;202;617;169;74;263
MA-0156-SS11-000469-L.dw.png;MA-0156;29.238687;-9.748228;2023;desert;flower;New material;206;175;223;173;270;254;266;197;283;113;344;256;392;288;377;266;422;230;394;212;430;176;436;136;457;102;465;278;498;240;582;199;620;196;623;164;84;256
MA-0156-SS11-000469-R.dw.png;MA-0156;29.238687;-9.748228;2023;desert;flower;New material;206;183;226;181;268;261;270;206;287;121;349;264;395;298;381;275;429;241;395;220;431;186;438;147;460;113;466;289;500;252;587;212;622;209;625;177;85;259
MA-0156-SS11-000470-L.dw.png;MA-0156;29.238687;-9.748228;2023;desert;flower;New material;201;180;220;178;257;253;256;196;276;118;336;254;387;286;375;264;417;230;388;210;423;175;430;136;444;105;453;276;489;238;569;198;599;195;602;162;83;261
MA-0156-SS11-000470-R.dw.png;MA-0156;29.238687;-9.748228;2023;desert;flower;New material;201;178;222;176;253;252;263;200;279;120;331;255;382;288;370;267;415;234;385;212;421;179;431;140;446;109;448;280;486;242;567;203;596;201;603;169;82;254
MA-0157-SS12-000418-L.dw.png;MA-0157;29.400726;-9.730719;2023;desert;flower;New material;187;170;205;168;238;247;248;195;260;117;310;253;354;283;340;261;388;226;363;206;400;173;403;134;421;104;423;273;455;239;535;196;565;194;575;163;63;251
MA-0157-SS12-000418-R.dw.png;MA-0157;29.400726;-9.730719;2023;desert;flower;New material;168;177;186;172;231;245;236;194;234;114;302;240;353;262;337;243;381;202;349;186;381;149;378;111;390;80;417;243;445;203;517;151;550;143;554;112;60;274
MA-0157-SS12-000419-L.dw.png;MA-0157;29.400726;-9.730719;2023;desert;flower;New material;199;181;223;178;261;255;265;200;269;119;342;256;381;285;370;264;412;227;382;206;421;172;424;132;444;101;446;275;479;238;561;195;596;189;601;156;85;263
MA-0157-SS12-000419-R.dw.png;MA-0157;29.400726;-9.730719;2023;desert;flower;New material;198;177;222;175;261;253;263;199;268;118;336;255;377;285;365;263;406;226;377;206;417;173;419;132;441;102;440;275;475;236;556;195;594;190;598;157;82;257
MA-0157-SS12-000420-L.dw.png;MA-0157;29.400726;-9.730719;2023;desert;flower;New material;198;169;218;167;259;245;261;192;271;112;331;247;374;277;362;256;406;224;375;204;411;174;414;134;428;102;440;268;471;235;544;198;584;195;592;165;78;248
MA-0157-SS12-000420-R.dw.png;MA-0157;29.400726;-9.730719;2023;desert;flower;New material;196;169;216;167;258;244;259;191;269;111;329;245;374;275;361;254;405;223;375;202;410;172;414;134;428;102;440;267;472;232;541;197;584;192;591;163;76;247
MA-0157-SS12-000421-L.dw.png;MA-0157;29.400726;-9.730719;2023;desert;flower;New material;151;176;173;171;218;238;222;191;215;113;295;230;347;252;332;234;370;200;334;182;363;147;361;108;375;76;405;236;434;195;500;149;539;140;544;108;51;271
MA-0157-SS12-000421-R.dw.png;MA-0157;29.400726;-9.730719;2023;desert;flower;New material;119;179;142;173;192;238;189;191;181;113;267;225;319;247;304;229;338;192;304;178;333;140;327;101;339;69;376;228;404;186;466;139;506;125;510;95;22;278
MA-0157-SS12-000422-L.dw.png;MA-0157;29.400726;-9.730719;2023;desert;flower;New material;203;174;221;170;248;248;262;199;276;116;324;254;374;287;360;265;408;234;381;213;416;180;424;142;443;112;440;281;479;245;558;210;597;206;606;178;78;241
MA-0157-SS12-000422-R.dw.png;MA-0157;29.400726;-9.730719;2023;desert;flower;New material;204;178;222;175;251;249;262;198;272;116;330;251;378;282;364;260;408;226;383;209;416;172;421;133;438;102;444;272;482;234;560;194;597;189;606;159;83;255
MA-0157-SS12-000423-L.dw.png;MA-0157;29.400726;-9.730719;2023;desert;flower;New material;183;181;201;179;233;254;243;202;256;120;311;257;363;290;349;267;389;234;370;216;405;181;407;139;425;105;428;281;462;243;542;205;584;202;597;172;55;254
MA-0157-SS12-000423-R.dw.png;MA-0157;29.400726;-9.730719;2023;desert;flower;New material;198;181;219;179;253;255;259;202;275;122;328;258;378;292;366;267;408;235;385;217;422;181;423;141;443;105;447;282;477;246;560;207;603;203;615;173;73;253
MA-0157-SS12-000424-L.dw.png;MA-0157;29.400726;-9.730719;2023;desert;flower;New material;201;171;221;169;257;252;263;196;279;113;325;258;373;291;364;270;412;234;382;214;416;179;423;140;442;108;440;283;476;246;558;206;591;204;601;173;81;247
MA-0157-SS12-000424-R.dw.png;MA-0157;29.400726;-9.730719;2023;desert;flower;New material;201;174;218;172;257;254;261;197;277;114;325;258;376;291;364;269;412;233;382;211;417;178;423;138;443;104;444;282;476;243;559;202;593;198;603;167;81;254
MA-0157-SS12-000425-L.dw.png;MA-0157;29.400726;-9.730719;2023;desert;flower;New material;211;183;226;181;276;264;272;208;280;124;344;265;398;298;388;277;431;241;402;220;437;182;439;142;456;110;465;288;501;247;585;206;617;201;620;169;80;264
MA-0157-SS12-000425-R.dw.png;MA-0157;29.400726;-9.730719;2023;desert;flower;New material;209;182;226;179;273;263;274;208;276;122;344;265;396;299;385;277;428;240;398;220;433;184;436;143;455;111;464;289;503;248;582;207;615;202;620;171;78;260
MA-0157-SS12-000426-L.dw.png;MA-0157;29.400726;-9.730719;2023;desert;flower;New material;195;168;214;167;256;245;260;196;269;116;329;251;376;283;362;261;408;227;379;207;415;175;416;137;436;107;440;274;478;236;551;200;586;196;592;166;68;242
MA-0157-SS12-000426-R.dw.png;MA-0157;29.400726;-9.730719;2023;desert;flower;New material;184;168;202;166;238;246;244;195;257;114;312;251;361;286;348;262;390;229;365;210;401;177;404;139;426;109;425;277;462;240;538;202;574;201;582;169;55;237
MA-0157-SS12-000427-L.dw.png;MA-0157;29.400726;-9.730719;2023;desert;flower;New material;129;177;145;171;202;239;197;189;184;108;269;227;317;247;297;229;331;187;309;175;337;136;333;99;344;66;378;224;398;187;470;131;508;119;505;88;31;278
MA-0157-SS12-000427-R.dw.png;MA-0157;29.400726;-9.730719;2023;desert;flower;New material;175;164;195;160;235;237;240;187;247;108;301;239;345;272;330;248;372;215;353;199;389;166;393;130;410;99;411;261;438;230;519;189;559;185;557;153;63;239
MA-0157-SS12-000428-L.dw.png;MA-0157;29.400726;-9.730719;2023;desert;flower;New material;201;172;222;170;272;249;263;194;270;116;342;251;383;280;370;258;419;227;382;205;422;174;428;139;443;107;452;270;482;237;562;197;594;194;601;166;77;245
MA-0157-SS12-000428-R.dw.png;MA-0157;29.400726;-9.730719;2023;desert;flower;New material;197;171;217;169;265;249;260;195;264;116;335;250;376;281;364;259;413;228;379;205;418;176;424;141;437;108;445;272;475;239;556;200;589;197;598;167;77;245
MA-0157-SS12-000429-L.dw.png;MA-0157;29.400726;-9.730719;2023;desert;flower;New material;191;176;212;174;242;252;254;199;270;119;324;257;373;289;357;266;402;232;371;210;412;179;417;138;438;106;438;280;474;242;551;203;589;200;599;169;71;249
MA-0157-SS12-000429-R.dw.png;MA-0157;29.400726;-9.730719;2023;desert;flower;New material;195;178;216;176;244;253;262;202;272;120;328;257;379;289;361;266;405;232;372;210;413;179;418;139;438;105;440;281;475;243;553;204;591;200;602;168;76;254
MA-0157-SS12-000430-L.dw.png;MA-0157;29.400726;-9.730719;2023;desert;flower;New material;174;155;192;153;228;233;238;182;247;103;307;236;350;267;339;246;377;213;358;197;394;163;400;126;421;95;413;258;446;224;528;190;565;187;578;159;53;228
MA-0157-SS12-000430-R.dw.png;MA-0157;29.400726;-9.730719;2023;desert;flower;New material;134;179;152;173;204;241;205;190;195;111;280;228;328;250;313;231;345;192;320;179;348;139;345;103;359;68;387;230;415;188;483;140;519;129;525;99;36;277
MA-0157-SS12-000431-L.dw.png;MA-0157;29.400726;-9.730719;2023;desert;flower;New material;196;167;211;165;245;240;251;188;264;113;325;245;367;274;354;253;398;220;366;199;401;168;403;134;422;103;431;264;460;228;531;193;568;190;575;158;79;243
MA-0157-SS12-000431-R.dw.png;MA-0157;29.400726;-9.730719;2023;desert;flower;New material;193;166;213;164;244;238;254;188;264;111;322;242;368;272;353;251;396;217;363;196;401;166;405;132;424;101;432;261;461;225;530;188;568;185;574;153;77;244
MA-0157-SS12-000432-L.dw.png;MA-0157;29.400726;-9.730719;2023;desert;flower;New material;190;180;208;177;251;263;258;208;262;122;332;267;380;302;368;279;411;242;383;221;419;185;423;144;443;111;449;292;486;255;571;212;602;208;613;176;64;260
MA-0157-SS12-000432-R.dw.png;MA-0157;29.400726;-9.730719;2023;desert;flower;New material;179;182;195;179;240;264;246;208;249;123;321;268;368;300;358;280;404;243;371;219;405;185;410;144;429;110;436;292;473;252;560;210;590;205;598;173;55;263
MA-0157-SS12-000433-L.dw.png;MA-0157;29.400726;-9.730719;2023;desert;flower;New material;197;169;217;169;243;248;261;198;275;118;328;256;371;290;358;266;406;236;373;213;414;185;419;147;442;116;440;283;477;247;552;214;590;214;596;183;74;241
MA-0157-SS12-000433-R.dw.png;MA-0157;29.400726;-9.730719;2023;desert;flower;New material;182;170;202;168;233;246;246;195;254;115;316;251;360;282;346;259;393;226;361;205;400;176;403;138;425;109;431;271;466;234;541;200;578;196;581;167;62;248
MA-0157-SS12-000434-L.dw.png;MA-0157;29.400726;-9.730719;2023;desert;flower;New material;167;167;185;165;228;243;229;191;242;111;303;245;352;279;338;256;385;223;356;204;393;173;398;133;415;103;420;268;455;231;525;195;568;191;578;164;48;243
MA-0157-SS12-000435-L.dw.png;MA-0157;29.400726;-9.730719;2023;desert;flower;New material;202;175;222;173;266;254;266;199;278;116;337;258;384;290;369;268;415;232;385;211;429;177;431;136;450;103;451;280;486;242;565;201;601;196;611;163;78;256
MA-0157-SS12-000435-R.dw.png;MA-0157;29.400726;-9.730719;2023;desert;flower;New material;200;177;218;175;264;256;263;200;277;117;336;260;385;291;369;269;414;232;383;211;427;178;429;137;447;104;451;280;484;242;566;201;600;198;611;165;79;260
MA-0157-SS12-000436-L.dw.png;MA-0157;29.400726;-9.730719;2023;desert;flower;New material;187;171;206;169;249;249;252;197;257;116;318;251;366;281;353;260;394;226;370;207;404;174;409;137;428;103;427;271;461;235;538;197;578;194;584;161;73;252
MA-0157-SS12-000436-R.dw.png;MA-0157;29.400726;-9.730719;2023;desert;flower;New material;185;174;204;171;245;253;251;201;255;120;317;254;365;285;351;264;391;230;366;210;403;177;407;141;428;109;426;275;460;240;537;202;576;199;585;168;73;257
MA-0157-SS12-000437-L.dw.png;MA-0157;29.400726;-9.730719;2023;desert;flower;New material;214;176;231;175;274;255;280;201;291;118;351;259;403;293;392;272;434;236;405;213;448;180;454;139;471;106;476;286;513;249;605;209;645;205;647;173;81;254
MA-0157-SS12-000437-R.dw.png;MA-0157;29.400726;-9.730719;2023;desert;flower;New material;211;179;229;176;272;258;277;204;287;120;348;261;402;293;390;273;430;236;403;216;443;182;448;142;465;109;475;286;514;251;604;210;639;205;641;175;81;255
MA-0157-SS12-000438-L.dw.png;MA-0157;29.400726;-9.730719;2023;desert;flower;New material;175;164;193;161;240;242;241;189;249;110;311;245;359;277;347;256;394;223;366;201;404;169;409;132;424;99;428;268;461;233;544;192;581;189;585;155;56;236
MA-0157-SS12-000438-R.dw.png;MA-0157;29.400726;-9.730719;2023;desert;flower;New material;186;168;205;165;249;245;253;194;259;114;325;249;370;280;358;259;404;226;377;205;413;173;418;135;433;102;437;272;473;235;552;197;587;192;590;160;66;241
MA-0157-SS12-000439-L.dw.png;MA-0157;29.400726;-9.730719;2023;desert;flower;New material;194;179;214;176;262;258;268;205;275;122;343;263;384;295;371;273;415;239;388;218;426;185;430;143;447;109;446;286;483;249;565;210;602;206;614;172;83;254
MA-0157-SS12-000439-R.dw.png;MA-0157;29.400726;-9.730719;2023;desert;flower;New material;193;178;211;175;263;257;266;203;273;121;344;260;384;290;371;269;416;235;391;216;426;182;427;140;446;107;448;282;483;243;566;206;600;201;613;169;83;256
MA-0157-SS12-000440-L.dw.png;MA-0157;29.400726;-9.730719;2023;desert;flower;New material;200;170;218;168;253;244;256;192;269;115;321;247;367;279;355;257;404;225;372;204;405;171;412;135;430;103;437;268;470;233;544;194;585;191;594;163;75;244
MA-0157-SS12-000440-R.dw.png;MA-0157;29.400726;-9.730719;2023;desert;flower;New material;199;166;217;165;250;242;256;190;269;113;320;247;363;280;353;258;403;229;371;206;405;176;413;139;431;108;432;272;469;237;540;202;581;201;591;172;73;237
MA-0157-SS12-000441-L.dw.png;MA-0157;29.400726;-9.730719;2023;desert;flower;New material;199;171;222;168;254;247;259;192;275;116;325;251;375;283;361;261;403;229;378;208;418;175;420;136;437;104;438;275;472;238;553;201;588;199;599;170;73;244
MA-0157-SS12-000441-R.dw.png;MA-0157;29.400726;-9.730719;2023;desert;flower;New material;198;172;221;170;257;250;257;192;274;115;326;251;380;282;365;261;405;225;381;206;419;173;420;133;435;101;443;272;478;234;557;195;593;193;603;164;75;248
MA-0158-SS13-000538-L.dw.png;MA-0158;30.135735;-9.54742;2023;semiarid;flower;New material;193;172;211;170;245;244;257;196;260;113;331;247;379;278;365;256;403;223;376;204;408;170;411;133;430;102;441;268;472;234;547;194;587;189;595;159;84;250
MA-0158-SS13-000538-R.dw.png;MA-0158;30.135735;-9.54742;2023;semiarid;flower;New material;193;173;211;170;247;244;256;195;262;112;337;247;385;278;371;256;410;223;381;204;413;170;416;132;433;101;446;268;476;235;552;193;593;189;601;159;83;251
MA-0158-SS13-000539-L.dw.png;MA-0158;30.135735;-9.54742;2023;semiarid;flower;New material;201;172;220;171;259;250;264;197;276;116;336;253;388;286;371;262;411;230;396;214;431;180;434;140;450;107;457;277;488;242;568;203;605;198;618;168;83;251
MA-0158-SS13-000539-R.dw.png;MA-0158;30.135735;-9.54742;2023;semiarid;flower;New material;194;170;211;168;253;247;258;194;267;114;333;249;384;281;367;258;410;224;390;209;424;173;424;134;441;99;449;272;481;235;565;192;602;189;612;157;78;251
MA-0158-SS13-000540-L.dw.png;MA-0158;30.135735;-9.54742;2023;semiarid;flower;New material;192;171;212;169;253;245;256;195;265;116;324;247;375;281;361;258;408;225;379;207;414;171;416;132;431;99;446;270;476;232;547;194;585;190;593;157;79;246
MA-0158-SS13-000540-R.dw.png;MA-0158;30.135735;-9.54742;2023;semiarid;flower;New material;189;168;209;167;251;242;254;192;263;115;321;245;373;279;358;256;408;224;377;204;413;170;415;132;431;99;444;268;476;230;546;193;585;188;594;156;77;244
MA-0158-SS13-000541-L.dw.png;MA-0158;30.135735;-9.54742;2023;semiarid;flower;New material;211;178;229;175;274;256;268;199;280;121;341;256;396;287;381;267;416;231;391;212;435;181;447;139;466;105;464;277;493;242;574;201;626;198;631;166;84;258
MA-0158-SS13-000541-R.dw.png;MA-0158;30.135735;-9.54742;2023;semiarid;flower;New material;207;183;227;181;274;262;265;202;278;125;342;261;396;292;382;271;422;237;392;216;432;184;444;142;463;107;464;281;494;244;575;205;625;201;632;168;84;267
MA-0158-SS13-000542-L.dw.png;MA-0158;30.135735;-9.54742;2023;semiarid;flower;New material;194;166;218;166;244;241;257;191;269;113;329;247;377;280;367;259;406;226;380;208;412;175;420;135;436;105;446;272;477;238;559;198;599;195;604;164;76;240
MA-0158-SS13-000542-R.dw.png;MA-0158;30.135735;-9.54742;2023;semiarid;flower;New material;193;167;216;167;247;243;254;191;267;112;330;247;376;280;366;259;405;225;376;207;412;174;417;133;433;101;444;271;478;236;556;197;595;193;599;160;74;243
MA-0158-SS13-000543-L.dw.png;MA-0158;30.135735;-9.54742;2023;semiarid;flower;New material;199;176;217;175;259;253;260;201;271;118;336;257;386;288;373;267;413;234;384;215;421;182;425;143;440;110;447;280;479;246;556;206;588;203;600;174;84;254
MA-0158-SS13-000543-R.dw.png;MA-0158;30.135735;-9.54742;2023;semiarid;flower;New material;198;178;218;176;257;252;257;200;268;118;334;254;383;285;370;264;409;231;379;211;417;179;421;140;437;108;444;276;476;240;555;201;584;198;595;168;84;255
MA-0159-SS14-000471-L.dw.png;MA-0159;30.402683;-9.436143;2023;semiarid;flower;New material;197;168;222;168;255;251;263;195;286;114;337;256;387;288;375;266;412;230;386;211;426;177;430;138;452;105;453;278;485;244;577;198;606;195;615;164;79;245
MA-0159-SS14-000471-R.dw.png;MA-0159;30.402683;-9.436143;2023;semiarid;flower;New material;197;167;220;166;261;251;260;194;286;113;340;255;386;287;374;264;412;230;387;212;425;178;429;139;450;106;452;278;484;244;572;199;605;196;617;165;79;242
MA-0159-SS14-000472-L.dw.png;MA-0159;30.402683;-9.436143;2023;semiarid;flower;New material;194;174;214;172;244;245;255;196;263;114;323;247;379;281;363;258;405;222;377;203;412;170;417;130;433;102;444;270;477;233;560;192;597;188;603;157;82;251
MA-0159-SS14-000472-R.dw.png;MA-0159;30.402683;-9.436143;2023;semiarid;flower;New material;193;175;212;173;242;249;254;199;263;116;320;250;376;285;361;262;403;227;377;208;409;176;415;137;431;108;440;276;474;239;559;198;596;195;602;165;80;250
MA-0159-SS14-000473-L.dw.png;MA-0159;30.402683;-9.436143;2023;semiarid;flower;New material;214;181;236;180;276;265;272;203;299;120;358;270;407;304;392;280;437;245;406;223;442;188;450;145;469;112;474;295;509;257;589;218;630;213;637;181;85;263
MA-0159-SS14-000473-R.dw.png;MA-0159;30.402683;-9.436143;2023;semiarid;flower;New material;215;181;240;181;283;266;274;203;300;121;358;269;409;303;393;279;438;245;407;222;443;187;450;144;469;112;473;293;507;256;593;215;632;209;639;177;88;266
MA-0159-SS14-000474-L.dw.png;MA-0159;30.402683;-9.436143;2023;semiarid;flower;New material;192;171;213;168;252;246;254;194;269;116;320;248;368;282;355;258;397;227;373;210;408;178;414;142;434;111;428;274;463;237;541;204;578;200;587;171;76;244
MA-0159-SS14-000474-R.dw.png;MA-0159;30.402683;-9.436143;2023;semiarid;flower;New material;192;174;217;172;254;248;260;197;270;117;324;249;374;282;359;258;396;226;374;210;410;176;415;139;435;107;431;273;465;236;544;200;581;197;589;168;80;248
MA-0159-SS14-000475-L.dw.png;MA-0159;30.402683;-9.436143;2023;semiarid;flower;New material;207;169;226;166;259;247;275;195;279;112;347;253;395;285;381;263;423;226;397;209;431;171;437;134;453;102;463;274;498;234;568;195;609;190;618;160;91;249
MA-0159-SS14-000475-R.dw.png;MA-0159;30.402683;-9.436143;2023;semiarid;flower;New material;206;169;224;167;255;247;277;197;280;112;345;254;395;286;379;264;421;228;398;211;431;174;438;135;455;103;464;275;500;235;573;197;612;193;622;162;86;247
MA-0159-SS14-000476-L.dw.png;MA-0159;30.402683;-9.436143;2023;semiarid;flower;New material;211;182;233;180;278;264;276;204;291;120;356;266;402;296;388;276;435;241;397;215;438;183;445;146;465;111;466;287;498;250;583;208;618;205;630;173;86;266
MA-0159-SS14-000476-R.dw.png;MA-0159;30.402683;-9.436143;2023;semiarid;flower;New material;211;177;233;173;280;257;278;199;289;115;355;258;401;289;386;267;435;232;397;207;436;174;443;138;462;102;463;278;498;239;580;196;619;192;627;159;87;261
MA-0159-SS14-000477-L.dw.png;MA-0159;30.402683;-9.436143;2023;semiarid;flower;New material;186;167;205;164;243;241;258;194;260;110;321;246;368;278;355;257;398;221;371;203;403;169;405;130;422;98;435;269;466;232;543;193;579;189;585;158;63;238
MA-0159-SS14-000477-R.dw.png;MA-0159;30.402683;-9.436143;2023;semiarid;flower;New material;193;173;212;171;248;247;267;201;263;115;327;250;375;281;363;260;407;225;374;204;408;172;410;133;426;100;441;271;475;232;550;193;587;187;589;155;72;248
MA-0159-SS14-000478-L.dw.png;MA-0159;30.402683;-9.436143;2023;semiarid;flower;New material;200;177;221;174;260;251;263;199;276;117;334;255;383;286;369;264;412;230;383;211;419;176;427;136;442;104;448;275;486;237;560;198;602;195;608;162;84;258
MA-0159-SS14-000478-R.dw.png;MA-0159;30.402683;-9.436143;2023;semiarid;flower;New material;200;179;220;177;257;254;265;201;275;118;335;256;384;287;371;265;414;231;384;211;419;177;426;137;445;105;452;276;486;240;562;200;603;196;611;165;85;262
MA-0159-SS14-000479-L.dw.png;MA-0159;30.402683;-9.436143;2023;semiarid;flower;New material;197;173;219;173;248;252;262;201;273;117;326;256;374;292;362;268;409;234;388;217;423;181;428;138;444;109;444;283;481;245;566;208;600;205;613;176;79;249
MA-0159-SS14-000479-R.dw.png;MA-0159;30.402683;-9.436143;2023;semiarid;flower;New material;199;177;221;176;253;252;268;203;272;117;329;253;380;288;367;264;407;229;388;212;423;177;427;134;443;103;450;277;481;240;566;198;602;194;612;164;82;255
MA-0159-SS14-000480-L.dw.png;MA-0159;30.402683;-9.436143;2023;semiarid;flower;New material;178;175;196;170;244;239;240;187;241;107;318;228;371;250;352;231;383;192;362;181;388;143;384;106;400;72;428;231;457;189;528;140;558;131;566;102;81;270
MA-0159-SS14-000480-R.dw.png;MA-0159;30.402683;-9.436143;2023;semiarid;flower;New material;168;166;187;165;221;242;230;192;243;111;296;246;342;280;327;255;364;225;345;208;379;176;383;138;407;109;401;272;438;237;518;201;550;199;562;169;53;238
MA-0159-SS14-000481-L.dw.png;MA-0159;30.402683;-9.436143;2023;semiarid;flower;New material;203;173;223;172;257;250;265;196;276;114;334;253;388;286;373;263;414;227;386;208;422;173;431;134;447;102;451;276;485;237;567;196;602;190;609;158;79;252
MA-0159-SS14-000481-R.dw.png;MA-0159;30.402683;-9.436143;2023;semiarid;flower;New material;205;170;223;169;253;247;260;193;278;114;331;253;383;288;370;265;410;230;387;212;422;177;430;139;447;107;446;281;483;243;565;205;602;201;611;170;75;243
MA-0159-SS14-000482-L.dw.png;MA-0159;30.402683;-9.436143;2023;semiarid;flower;New material;208;179;229;177;270;260;274;204;292;118;354;266;402;298;387;275;437;241;406;220;445;183;453;141;470;110;472;288;507;251;595;210;636;207;650;176;80;260
MA-0159-SS14-000482-R.dw.png;MA-0159;30.402683;-9.436143;2023;semiarid;flower;New material;211;184;229;181;277;264;276;206;292;121;357;268;407;300;393;277;442;242;408;220;446;185;455;142;472;110;478;290;515;251;601;210;640;207;654;177;80;265
MA-0159-SS14-000483-L.dw.png;MA-0159;30.402683;-9.436143;2023;semiarid;flower;New material;188;169;206;167;241;244;247;189;256;110;319;245;368;275;354;254;396;220;370;201;402;166;408;125;427;95;431;264;461;228;539;185;573;181;577;149;67;243
MA-0159-SS14-000483-R.dw.png;MA-0159;30.402683;-9.436143;2023;semiarid;flower;New material;188;171;207;168;246;246;247;191;257;112;321;248;369;280;356;258;398;225;371;206;404;171;409;129;428;99;431;270;462;235;541;192;574;188;581;157;72;248
MA-0159-SS14-000484-L.dw.png;MA-0159;30.402683;-9.436143;2023;semiarid;flower;New material;197;172;219;170;254;249;261;197;270;115;332;255;379;287;366;266;408;234;376;210;413;180;418;143;437;110;440;281;471;246;554;209;588;207;597;176;74;250
MA-0159-SS14-000484-R.dw.png;MA-0159;30.402683;-9.436143;2023;semiarid;flower;New material;198;174;221;172;258;249;262;197;269;114;335;252;385;283;370;262;410;226;380;207;413;174;419;135;436;103;446;273;477;237;556;195;592;191;601;160;76;256
MA-0159-SS14-000485-L.dw.png;MA-0159;30.402683;-9.436143;2023;semiarid;flower;New material;205;178;227;176;270;253;273;200;286;116;350;257;395;286;384;265;429;227;404;210;438;173;442;133;460;102;467;276;504;235;587;194;627;190;634;158;85;256
MA-0159-SS14-000485-R.dw.png;MA-0159;30.402683;-9.436143;2023;semiarid;flower;New material;207;179;224;177;270;256;272;203;286;119;350;260;393;291;381;268;430;233;402;215;437;178;440;139;459;107;464;280;501;241;586;203;624;199;630;166;83;256
MA-0159-SS14-000486-L.dw.png;MA-0159;30.402683;-9.436143;2023;semiarid;flower;New material;213;183;232;180;275;262;282;208;284;122;359;264;406;293;392;272;434;236;399;218;440;182;445;142;464;109;468;283;506;244;581;204;619;200;634;168;92;261
MA-0159-SS14-000486-R.dw.png;MA-0159;30.402683;-9.436143;2023;semiarid;flower;New material;210;178;229;176;269;256;280;204;285;119;353;259;399;290;385;268;432;234;399;215;436;179;442;140;460;108;465;280;500;242;579;201;616;199;632;167;88;251
MA-0159-SS14-000487-L.dw.png;MA-0159;30.402683;-9.436143;2023;semiarid;flower;New material;191;172;216;170;250;246;254;194;272;117;325;251;377;285;364;263;411;228;379;207;418;174;422;139;441;106;444;277;481;240;560;199;597;198;611;170;69;239
MA-0159-SS14-000487-R.dw.png;MA-0159;30.402683;-9.436143;2023;semiarid;flower;New material;195;174;219;173;255;246;259;195;274;118;331;250;383;284;368;260;417;226;385;207;423;175;427;137;446;105;454;275;487;238;565;198;602;195;614;166;74;244
MA-0159-SS14-000488-R.dw.png;MA-0159;30.402683;-9.436143;2023;semiarid;flower;New material;193;166;213;163;251;240;251;186;266;108;320;241;366;271;355;251;400;217;371;199;403;164;408;126;425;98;432;261;467;224;544;186;571;181;579;152;73;245
MA-0159-SS14-000489-L.dw.png;MA-0159;30.402683;-9.436143;2023;semiarid;flower;New material;198;172;219;172;253;247;261;198;275;116;334;253;377;286;367;265;416;234;384;212;421;178;427;139;443;107;449;278;483;243;565;203;600;200;609;169;76;241
MA-0159-SS14-000489-R.dw.png;MA-0159;30.402683;-9.436143;2023;semiarid;flower;New material;199;174;219;172;256;249;265;200;274;117;337;255;380;288;368;265;418;235;384;213;419;178;424;142;441;107;448;279;482;244;562;204;600;201;606;171;76;245
MA-0159-SS14-000490-L.dw.png;MA-0159;30.402683;-9.436143;2023;semiarid;flower;New material;207;171;229;170;270;244;269;193;286;112;336;247;383;280;371;257;417;224;383;204;423;171;429;132;442;104;450;270;484;232;556;194;597;190;606;160;80;242
MA-0159-SS14-000490-R.dw.png;MA-0159;30.402683;-9.436143;2023;semiarid;flower;New material;206;170;225;169;264;244;265;192;282;111;334;246;380;279;366;256;413;224;377;203;421;172;424;131;441;103;447;269;480;231;556;193;594;189;602;158;80;242
MA-0159-SS14-000491-L.dw.png;MA-0159;30.402683;-9.436143;2023;semiarid;flower;New material;192;174;214;171;254;250;260;197;264;115;330;253;376;284;360;260;397;226;370;207;406;174;408;132;427;98;439;274;471;237;550;195;584;191;596;159;79;255
MA-0159-SS14-000491-R.dw.png;MA-0159;30.402683;-9.436143;2023;semiarid;flower;New material;193;176;213;173;259;252;263;199;267;117;334;253;377;285;363;261;403;228;372;207;409;174;410;132;428;98;440;276;476;237;552;195;590;191;599;160;80;255
MA-0159-SS14-000492-L.dw.png;MA-0159;30.402683;-9.436143;2023;semiarid;flower;New material;190;160;209;159;236;235;255;185;263;103;323;239;370;271;357;249;399;216;375;199;405;162;410;122;422;93;433;261;469;224;550;187;583;184;592;153;73;235
MA-0159-SS14-000492-R.dw.png;MA-0159;30.402683;-9.436143;2023;semiarid;flower;New material;183;167;204;166;223;242;245;192;256;112;315;250;358;283;345;260;391;229;363;210;397;178;401;136;415;106;422;276;460;240;538;206;575;203;584;174;62;236
MA-0159-SS14-000493-L.dw.png;MA-0159;30.402683;-9.436143;2023;semiarid;flower;New material;181;175;203;171;247;257;244;195;258;114;331;257;384;288;370;266;413;228;383;208;416;172;420;131;437;98;457;273;487;236;560;196;598;192;605;157;66;259
MA-0159-SS14-000493-R.dw.png;MA-0159;30.402683;-9.436143;2023;semiarid;flower;New material;196;176;217;173;261;258;260;198;273;117;344;260;398;292;384;270;427;233;393;212;428;177;433;135;448;103;469;279;500;240;573;199;611;195;619;161;79;258
MA-0159-SS14-000494-L.dw.png;MA-0159;30.402683;-9.436143;2023;semiarid;flower;New material;203;167;227;166;260;244;269;192;280;112;338;249;390;281;375;258;424;226;390;206;429;172;433;132;450;101;457;271;492;233;564;196;602;192;608;160;86;248
MA-0159-SS14-000494-R.dw.png;MA-0159;30.402683;-9.436143;2023;semiarid;flower;New material;202;165;226;164;267;243;270;192;279;112;342;247;389;280;374;256;420;225;390;206;427;172;430;132;444;100;457;270;490;232;561;194;600;189;604;158;84;244
MA-0159-SS14-000495-L.dw.png;MA-0159;30.402683;-9.436143;2023;semiarid;flower;New material;177;185;196;179;255;245;240;192;231;110;325;233;379;253;357;235;396;190;357;177;387;137;386;99;398;62;439;229;466;182;533;129;572;116;573;85;73;290
MA-0159-SS14-000495-R.dw.png;MA-0159;30.402683;-9.436143;2023;semiarid;flower;New material;187;170;208;168;253;244;249;190;256;108;325;247;374;278;358;256;403;219;365;198;404;167;410;128;427;96;439;266;477;225;547;187;589;182;598;152;69;250
MA-0159-SS14-000496-L.dw.png;MA-0159;30.402683;-9.436143;2023;semiarid;flower;New material;192;175;212;173;250;251;260;201;267;114;324;254;370;288;358;264;398;230;375;211;410;177;416;136;432;105;436;278;469;242;549;201;586;197;597;168;78;250
MA-0159-SS14-000496-R.dw.png;MA-0159;30.402683;-9.436143;2023;semiarid;flower;New material;192;173;212;171;248;249;255;198;266;113;324;252;370;286;357;262;396;228;373;210;408;177;416;136;435;104;436;276;468;240;548;198;588;194;598;166;77;250
MA-0159-SS14-000497-L.dw.png;MA-0159;30.402683;-9.436143;2023;semiarid;flower;New material;202;180;220;177;270;255;263;202;278;117;341;256;393;286;379;266;418;233;383;212;424;179;432;137;448;106;451;277;485;242;571;198;609;194;614;164;79;257
MA-0159-SS14-000497-R.dw.png;MA-0159;30.402683;-9.436143;2023;semiarid;flower;New material;203;176;221;173;270;251;266;198;277;113;342;252;394;282;380;261;419;228;383;207;424;174;432;133;447;102;451;272;491;235;571;193;607;190;613;159;81;256
MA-0160-SS15-000442-L.dw.png;MA-0160;30.576239;-9.349105;2023;semiarid;flower;New material;169;175;189;171;234;240;236;189;235;106;316;230;370;254;351;234;386;194;355;181;385;143;385;105;401;72;428;236;455;193;526;142;562;133;570;102;65;265
MA-0160-SS15-000442-R.dw.png;MA-0160;30.576239;-9.349105;2023;semiarid;flower;New material;195;174;214;172;244;245;260;197;268;114;331;249;381;280;365;257;404;223;377;206;412;172;416;135;437;105;440;271;473;231;550;192;589;188;599;159;76;245
MA-0160-SS15-000443-L.dw.png;MA-0160;30.576239;-9.349105;2023;semiarid;flower;New material;172;192;193;185;251;251;242;199;234;120;327;235;376;254;357;235;391;191;362;180;387;139;383;103;398;69;438;228;459;188;527;131;565;118;565;87;79;292
MA-0160-SS15-000443-R.dw.png;MA-0160;30.576239;-9.349105;2023;semiarid;flower;New material;171;187;189;181;245;251;240;198;236;119;324;240;369;262;353;242;391;199;361;186;390;147;388;112;402;77;434;240;459;199;530;148;569;138;570;107;71;283
MA-0160-SS15-000444-L.dw.png;MA-0160;30.576239;-9.349105;2023;semiarid;flower;New material;190;156;208;154;243;232;259;187;270;102;325;237;369;272;357;249;399;218;374;200;414;167;418;127;438;96;432;264;468;226;551;188;584;185;591;154;69;225
MA-0160-SS15-000444-R.dw.png;MA-0160;30.576239;-9.349105;2023;semiarid;flower;New material;187;157;208;156;247;233;261;188;269;102;327;237;371;272;359;248;402;218;377;199;414;166;418;126;437;95;434;263;469;225;550;185;584;181;591;151;68;229
MA-0160-SS15-000445-L.dw.png;MA-0160;30.576239;-9.349105;2023;semiarid;flower;New material;201;164;219;163;269;242;264;188;274;106;342;244;385;276;375;255;413;222;387;205;420;170;422;129;441;98;446;267;477;231;554;192;598;190;603;158;80;239
MA-0160-SS15-000445-R.dw.png;MA-0160;30.576239;-9.349105;2023;semiarid;flower;New material;202;167;222;166;270;243;264;189;275;109;344;245;388;275;378;255;413;220;385;203;422;168;423;127;443;96;450;265;480;229;555;189;600;184;608;153;80;243
MA-0160-SS15-000446-L.dw.png;MA-0160;30.576239;-9.349105;2023;semiarid;flower;New material;201;165;223;164;262;245;272;193;273;110;338;249;389;281;376;259;419;226;387;205;424;169;433;132;451;101;457;272;492;237;573;195;603;192;608;161;78;243
MA-0160-SS15-000446-R.dw.png;MA-0160;30.576239;-9.349105;2023;semiarid;flower;New material;201;168;220;166;259;248;264;191;272;111;338;250;390;282;378;260;416;226;386;207;425;170;432;134;450;103;457;273;493;237;572;196;602;193;606;161;79;247
MA-0160-SS15-000447-L.dw.png;MA-0160;30.576239;-9.349105;2023;semiarid;flower;New material;198;171;215;169;249;247;260;196;272;111;320;249;374;282;361;261;407;225;378;206;420;170;425;133;447;102;445;271;480;234;559;195;597;190;605;160;80;248
MA-0160-SS15-000447-R.dw.png;MA-0160;30.576239;-9.349105;2023;semiarid;flower;New material;196;169;214;167;245;245;260;196;270;111;321;249;373;282;359;260;406;225;379;205;418;170;425;133;446;103;442;271;480;234;562;194;598;190;609;161;77;243
MA-0160-SS15-000448-R.dw.png;MA-0160;30.576239;-9.349105;2023;semiarid;flower;New material;195;170;215;168;254;249;259;194;275;110;332;251;382;285;367;259;410;226;379;205;417;172;423;133;443;103;441;274;480;235;556;195;590;190;599;161;76;247
MA-0160-SS15-000449-L.dw.png;MA-0160;30.576239;-9.349105;2023;semiarid;flower;New material;199;175;216;173;258;248;265;198;273;118;330;250;377;280;364;258;404;226;381;208;412;173;417;134;433;105;440;271;471;234;555;193;587;190;591;160;76;250
MA-0160-SS15-000449-R.dw.png;MA-0160;30.576239;-9.349105;2023;semiarid;flower;New material;197;167;217;165;254;241;265;193;271;112;327;244;374;277;360;254;400;222;378;203;411;169;418;130;434;103;437;268;469;232;554;190;587;187;591;158;72;241
MA-0160-SS15-000450-L.dw.png;MA-0160;30.576239;-9.349105;2023;semiarid;flower;New material;196;173;218;171;260;249;264;198;270;115;337;251;384;282;373;261;415;226;382;207;421;171;428;133;443;101;451;272;488;236;567;193;603;190;612;156;82;251
MA-0160-SS15-000450-R.dw.png;MA-0160;30.576239;-9.349105;2023;semiarid;flower;New material;195;175;217;172;257;249;259;196;270;116;336;252;382;284;370;261;413;228;383;208;420;172;428;136;444;102;449;275;483;239;567;196;603;191;610;159;81;251
MA-0160-SS15-000451-L.dw.png;MA-0160;30.576239;-9.349105;2023;semiarid;flower;New material;179;187;204;181;254;249;250;196;245;116;326;235;382;257;365;238;399;197;373;185;397;143;394;106;402;70;445;235;470;192;540;138;577;126;577;95;86;290
MA-0160-SS15-000451-R.dw.png;MA-0160;30.576239;-9.349105;2023;semiarid;flower;New material;160;184;187;177;234;246;235;193;226;112;309;231;367;253;348;233;382;192;352;179;380;138;378;101;385;64;428;230;455;186;526;131;560;121;560;88;68;286
MA-0160-SS15-000452-L.dw.png;MA-0160;30.576239;-9.349105;2023;semiarid;flower;New material;201;171;219;169;249;244;262;196;278;114;332;250;384;285;370;262;416;230;386;210;425;176;431;137;448;109;448;277;484;239;566;200;600;196;606;164;78;242
MA-0160-SS15-000452-R.dw.png;MA-0160;30.576239;-9.349105;2023;semiarid;flower;New material;193;170;213;169;241;243;256;193;268;111;326;248;380;282;363;258;410;225;379;206;417;172;423;132;439;103;442;272;480;234;558;194;593;189;599;155;72;243
MA-0160-SS15-000453-L.dw.png;MA-0160;30.576239;-9.349105;2023;semiarid;flower;New material;201;173;216;170;246;243;256;196;267;117;321;249;376;284;363;262;404;229;379;210;416;176;421;139;439;107;441;275;475;240;554;202;594;199;598;170;79;239
MA-0160-SS15-000453-R.dw.png;MA-0160;30.576239;-9.349105;2023;semiarid;flower;New material;200;165;217;164;250;235;257;187;267;109;325;239;379;272;365;250;411;218;383;200;419;163;422;125;436;95;446;262;476;227;557;185;596;182;600;151;81;236
MA-0160-SS15-000454-L.dw.png;MA-0160;30.576239;-9.349105;2023;semiarid;flower;New material;181;178;199;174;249;245;251;194;241;110;322;238;381;260;363;242;400;202;368;187;398;145;395;105;404;72;442;241;471;200;551;146;582;139;588;106;79;273
MA-0160-SS15-000454-R.dw.png;MA-0160;30.576239;-9.349105;2023;semiarid;flower;New material;167;177;184;171;235;243;232;190;227;107;308;235;367;257;348;238;384;196;356;184;383;142;381;100;388;68;428;237;457;194;535;141;568;133;573;101;65;273
MA-0160-SS15-000455-L.dw.png;MA-0160;30.576239;-9.349105;2023;semiarid;flower;New material;182;136;201;134;237;207;245;159;254;80;316;212;360;245;347;221;385;188;363;172;395;138;400;101;416;67;417;236;457;195;532;160;568;155;576;124;59;208
MA-0160-SS15-000455-R.dw.png;MA-0160;30.576239;-9.349105;2023;semiarid;flower;New material;172;138;192;138;212;217;232;171;249;93;294;233;333;270;324;245;367;217;347;198;382;169;391;131;409;102;392;268;438;233;512;209;550;209;561;180;41;195
MA-0161-SS16-000330-L.dw.png;MA-0161;30.980962;-9.051334;2023;semiarid;flower;New material;124;167;143;161;196;239;191;182;194;100;277;232;324;257;306;235;344;194;318;178;348;140;347;99;363;65;389;238;419;195;495;145;535;133;532;101;13;267
MA-0161-SS16-000330-R.dw.png;MA-0161;30.980962;-9.051334;2023;semiarid;flower;New material;138;158;161;157;196;243;204;186;219;104;275;249;321;282;307;258;353;225;327;202;364;173;370;132;391;101;390;275;423;239;510;202;550;199;553;167;16;236
MA-0161-SS16-000331-L.dw.png;MA-0161;30.980962;-9.051334;2023;semiarid;flower;New material;205;173;226;171;266;248;268;196;279;115;340;251;385;284;373;262;421;226;387;205;429;174;433;135;451;102;457;273;490;234;566;197;607;192;612;162;80;248
MA-0161-SS16-000331-R.dw.png;MA-0161;30.980962;-9.051334;2023;semiarid;flower;New material;206;171;224;169;268;247;267;194;280;115;341;251;384;284;373;262;420;226;385;205;428;174;433;134;452;103;455;273;491;233;564;197;605;193;612;161;80;245
MA-0161-SS16-000333-L.dw.png;MA-0161;30.980962;-9.051334;2023;semiarid;flower;New material;166;182;184;177;239;246;237;196;226;114;311;239;364;261;347;242;383;201;354;187;381;146;380;107;393;73;433;240;459;199;526;150;563;139;565;106;69;276
MA-0161-SS16-000333-R.dw.png;MA-0161;30.980962;-9.051334;2023;semiarid;flower;New material;185;170;200;167;245;246;249;194;252;112;316;250;366;281;352;259;396;226;370;208;401;171;405;132;423;101;436;272;467;235;543;198;582;193;590;162;71;247
MA-0161-SS16-000334-L.dw.png;MA-0161;30.980962;-9.051334;2023;semiarid;flower;New material;189;152;206;148;268;219;265;169;255;83;344;209;391;230;378;213;417;172;385;159;411;119;409;81;415;50;451;211;481;171;557;119;591;109;593;76;81;248
MA-0161-SS16-000335-L.dw.png;MA-0161;30.980962;-9.051334;2023;semiarid;flower;New material;114;184;135;177;190;240;184;189;169;106;269;220;329;238;313;220;347;176;309;165;334;126;329;88;336;51;387;214;415;166;484;111;513;97;514;67;12;288
MA-0161-SS16-000335-R.dw.png;MA-0161;30.980962;-9.051334;2023;semiarid;flower;New material;179;194;200;189;254;254;252;202;236;118;337;236;394;255;378;237;413;193;377;182;405;143;400;105;408;69;456;232;484;186;554;133;586;122;591;91;75;296
MA-0161-SS16-000336-L.dw.png;MA-0161;30.980962;-9.051334;2023;semiarid;flower;New material;110;181;129;173;184;234;179;184;162;104;262;214;315;233;298;216;329;174;292;163;322;121;317;80;327;47;376;207;401;163;463;105;498;92;499;63;14;291
MA-0161-SS16-000336-R.dw.png;MA-0161;30.980962;-9.051334;2023;semiarid;flower;New material;144;172;164;166;216;232;215;182;202;100;294;220;343;244;328;225;363;186;329;171;360;132;358;92;372;59;408;222;438;180;505;129;538;120;541;91;40;272
MA-0161-SS16-000337-L.dw.png;MA-0161;30.980962;-9.051334;2023;semiarid;flower;New material;207;176;228;174;263;256;278;201;290;116;349;260;402;293;386;269;432;234;399;212;439;179;445;135;465;104;468;283;506;244;590;200;626;194;633;162;83;254
MA-0161-SS16-000337-R.dw.png;MA-0161;30.980962;-9.051334;2023;semiarid;flower;New material;209;171;229;168;262;251;281;198;291;112;348;256;400;290;384;266;432;231;399;209;439;176;447;133;466;101;466;280;504;242;588;196;629;192;636;159;80;246
MA-0161-SS16-000338-L.dw.png;MA-0161;30.980962;-9.051334;2023;semiarid;flower;New material;200;175;220;173;270;253;264;198;277;116;341;254;388;284;375;263;418;230;387;210;428;175;436;137;451;104;456;275;491;238;573;197;613;193;620;162;77;254
MA-0161-SS16-000338-R.dw.png;MA-0161;30.980962;-9.051334;2023;semiarid;flower;New material;202;174;222;172;269;252;265;198;280;116;341;254;387;286;374;263;416;231;386;212;430;178;438;139;453;107;456;277;492;243;574;201;617;197;623;166;76;248
MA-0161-SS16-000339-L.dw.png;MA-0161;30.980962;-9.051334;2023;semiarid;flower;New material;136;175;156;168;212;236;203;181;197;95;287;222;347;241;328;223;363;176;330;163;358;118;358;76;371;42;413;213;438;168;513;109;552;96;554;62;31;281
MA-0161-SS16-000339-R.dw.png;MA-0161;30.980962;-9.051334;2023;semiarid;flower;New material;131;171;151;164;203;235;199;179;195;92;281;222;339;242;320;224;358;177;326;165;356;121;356;80;369;46;407;217;434;172;509;118;549;106;550;75;22;272
MA-0161-SS16-000340-L.dw.png;MA-0161;30.980962;-9.051334;2023;semiarid;flower;New material;174;146;195;143;238;220;240;168;247;89;313;222;356;250;343;229;385;197;356;178;394;145;395;105;412;73;420;240;449;206;529;166;565;162;573;132;64;227
MA-0161-SS16-000340-R.dw.png;MA-0161;30.980962;-9.051334;2023;semiarid;flower;New material;126;173;146;167;207;231;194;181;184;102;275;220;327;239;308;221;343;181;305;169;338;129;333;88;344;56;384;218;407;179;478;124;512;112;514;83;36;276
MA-0161-SS16-000341-L.dw.png;MA-0161;30.980962;-9.051334;2023;semiarid;flower;New material;225;177;241;176;283;256;282;200;297;119;356;258;410;292;393;267;435;235;408;213;444;179;452;143;475;110;474;281;507;243;584;203;628;199;635;168;82;254
MA-0161-SS16-000341-R.dw.png;MA-0161;30.980962;-9.051334;2023;semiarid;flower;New material;219;179;234;178;273;258;275;201;293;121;350;261;403;296;386;272;426;238;401;218;438;183;447;147;469;115;468;286;500;249;580;211;624;208;635;178;80;254
MA-0161-SS16-000342-L.dw.png;MA-0161;30.980962;-9.051334;2023;semiarid;flower;New material;193;177;212;175;240;252;250;198;267;114;319;255;378;289;361;267;403;230;372;210;414;174;422;134;441;104;445;278;479;238;548;198;591;192;598;159;69;264
MA-0161-SS16-000342-R.dw.png;MA-0161;30.980962;-9.051334;2023;semiarid;flower;New material;189;179;210;177;241;256;247;200;265;117;314;258;374;294;358;270;399;235;371;215;413;179;417;139;434;108;442;283;478;242;548;203;588;198;595;166;66;262
MA-0161-SS16-000343-L.dw.png;MA-0161;30.980962;-9.051334;2023;semiarid;flower;New material;202;177;220;174;260;254;265;201;275;116;341;258;391;289;377;268;424;233;393;214;429;177;431;134;445;100;457;279;496;242;581;198;613;195;622;163;72;251
MA-0161-SS16-000343-R.dw.png;MA-0161;30.980962;-9.051334;2023;semiarid;flower;New material;211;178;229;176;267;258;275;205;286;120;342;262;392;297;379;274;427;240;399;220;436;186;441;144;457;111;460;288;502;250;584;211;618;207;625;176;78;250
MA-0161-SS16-000344-L.dw.png;MA-0161;30.980962;-9.051334;2023;semiarid;flower;New material;185;174;209;173;241;251;250;196;263;113;316;253;367;287;356;264;402;228;373;209;404;173;408;134;429;103;434;276;468;237;550;197;586;193;594;161;62;254
MA-0161-SS16-000344-R.dw.png;MA-0161;30.980962;-9.051334;2023;semiarid;flower;New material;191;174;212;172;247;251;253;196;267;113;324;253;371;289;363;265;406;229;380;212;410;175;415;134;435;104;441;278;474;238;556;199;594;194;599;161;65;257
MA-0161-SS16-000345-L.dw.png;MA-0161;30.980962;-9.051334;2023;semiarid;flower;New material;191;164;213;163;240;240;249;185;271;105;322;243;374;276;360;254;407;218;383;199;421;164;428;127;442;96;445;264;481;227;564;186;599;183;602;150;66;241
MA-0161-SS16-000345-R.dw.png;MA-0161;30.980962;-9.051334;2023;semiarid;flower;New material;197;164;218;163;243;243;254;187;278;109;322;247;375;281;363;260;408;223;382;204;426;171;434;133;450;104;447;272;486;235;570;196;603;193;610;164;68;236
MA-0161-SS16-000346-L.dw.png;MA-0161;30.980962;-9.051334;2023;semiarid;flower;New material;216;182;236;180;275;260;280;203;294;118;356;261;407;295;397;272;441;234;413;217;449;179;454;139;470;106;482;285;520;243;596;204;632;200;642;168;86;257
MA-0161-SS16-000346-R.dw.png;MA-0161;30.980962;-9.051334;2023;semiarid;flower;New material;215;180;236;177;279;258;282;202;293;115;361;259;410;294;400;269;447;231;411;211;450;177;455;135;471;103;483;281;521;240;594;202;634;196;642;164;87;260
MA-0161-SS16-000347-L.dw.png;MA-0161;30.980962;-9.051334;2023;semiarid;flower;New material;210;179;229;177;273;259;274;204;286;119;346;264;397;298;383;276;432;242;405;222;436;183;443;141;455;112;463;291;501;253;588;213;623;210;631;178;79;251
MA-0161-SS16-000347-R.dw.png;MA-0161;30.980962;-9.051334;2023;semiarid;flower;New material;210;179;227;177;268;257;275;203;286;118;346;262;397;296;383;273;430;238;404;220;435;181;442;140;455;109;463;287;501;250;586;208;621;203;630;173;78;253
MA-0161-SS16-000348-L.dw.png;MA-0161;30.980962;-9.051334;2023;semiarid;flower;New material;199;176;221;173;260;254;268;200;273;117;338;259;384;290;371;268;420;234;388;213;428;178;434;138;449;105;452;283;492;242;572;203;612;197;618;164;75;254
MA-0161-SS16-000348-R.dw.png;MA-0161;30.980962;-9.051334;2023;semiarid;flower;New material;200;191;223;187;258;266;267;213;273;130;337;272;383;305;370;282;419;248;388;227;428;192;435;150;450;117;451;297;492;256;570;216;610;212;617;178;73;271
MA-0161-SS16-000349-L.dw.png;MA-0161;30.980962;-9.051334;2023;semiarid;flower;New material;202;179;227;178;265;261;269;207;286;123;352;269;402;305;390;282;425;244;403;227;440;188;448;146;465;111;470;296;511;256;590;214;633;211;643;180;75;252
MA-0161-SS16-000349-R.dw.png;MA-0161;30.980962;-9.051334;2023;semiarid;flower;New material;211;174;231;172;271;255;279;201;293;116;357;260;410;297;397;272;435;235;410;216;448;177;455;135;472;101;479;286;519;245;600;203;642;199;652;168;83;251
MA-0161-SS16-000350-L.dw.png;MA-0161;30.980962;-9.051334;2023;semiarid;flower;New material;140;136;158;133;208;211;206;158;215;76;283;212;331;243;318;222;363;188;333;171;370;137;374;98;387;67;400;232;432;197;513;159;556;154;565;123;15;215
MA-0161-SS16-000350-R.dw.png;MA-0161;30.980962;-9.051334;2023;semiarid;flower;New material;148;128;166;126;215;207;215;154;224;68;289;208;339;239;329;218;373;186;344;168;378;134;383;94;398;62;409;228;444;194;524;157;566;154;577;124;22;205
MA-0161-SS16-000351-L.dw.png;MA-0161;30.980962;-9.051334;2023;semiarid;flower;New material;196;164;211;161;259;238;250;182;263;105;336;239;377;268;365;247;406;213;376;196;405;161;410;124;424;94;441;257;473;221;543;186;579;181;586;150;80;244
MA-0161-SS16-000351-R.dw.png;MA-0161;30.980962;-9.051334;2023;semiarid;flower;New material;198;163;213;162;255;239;251;183;265;106;337;240;376;271;366;249;409;216;371;196;406;164;410;127;426;97;442;260;474;223;542;189;581;184;585;154;80;245
MA-0161-SS16-000352-R.dw.png;MA-0161;30.980962;-9.051334;2023;semiarid;flower;New material;187;182;208;177;250;246;252;194;252;113;330;235;381;258;369;239;400;200;375;188;405;149;403;109;416;76;450;236;474;199;539;151;579;139;582;109;89;282
MA-0162-S10_LF1.dw.png;MA-0162;34.98001896;-5.543482326;2024;Mediterranean;colony;New material;1227;1068;1298;1060;1424;1332;1444;1150;1481;871;1699;1338;1890;1440;1837;1372;1984;1247;1886;1182;2008;1069;2020;943;2086;826;2114;1403;2239;1280;2530;1131;2678;1104;2688;1000;782;1359
MA-0162-S10_LF11.dw.png;MA-0162;34.98001896;-5.543482326;2024;Mediterranean;colony;New material;969;1165;1037;1159;1190;1444;1189;1241;1219;940;1487;1440;1682;1538;1621;1467;1764;1340;1637;1266;1783;1144;1802;1014;1865;895;1916;1494;2037;1362;2321;1196;2454;1166;2472;1063;520;1456
MA-0162-S10_LF12.dw.png;MA-0162;34.98001896;-5.543482326;2024;Mediterranean;colony;New material;988;1247;1050;1243;1222;1511;1204;1323;1261;1029;1503;1507;1673;1608;1609;1534;1763;1410;1637;1340;1781;1209;1797;1075;1879;968;1890;1568;2024;1430;2317;1268;2447;1251;2469;1142;552;1524
MA-0162-S10_LF13.dw.png;MA-0162;34.98001896;-5.543482326;2024;Mediterranean;colony;New material;793;988;862;981;993;1238;1008;1053;1043;765;1283;1225;1471;1315;1411;1250;1552;1123;1450;1071;1569;943;1574;812;1642;697;1693;1265;1805;1131;2046;986;2202;945;2222;844;353;1277
MA-0162-S10_LF14.dw.png;MA-0162;34.98001896;-5.543482326;2024;Mediterranean;colony;New material;1105;1281;1178;1280;1288;1558;1323;1377;1389;1096;1566;1582;1740;1701;1703;1624;1837;1521;1752;1453;1889;1344;1915;1215;1996;1103;1972;1682;2112;1573;2404;1453;2527;1437;2560;1331;658;1526
MA-0162-S10_LF15.dw.png;MA-0162;34.98001896;-5.543482326;2024;Mediterranean;colony;New material;840;1122;889;1117;1043;1391;1047;1201;1092;920;1316;1397;1512;1502;1448;1432;1613;1315;1497;1241;1639;1120;1654;985;1720;875;1724;1474;1862;1345;2180;1186;2312;1161;2319;1055;375;1379
MA-0162-S10_LF16.dw.png;MA-0162;34.98001896;-5.543482326;2024;Mediterranean;colony;New material;997;1079;1055;1074;1179;1350;1209;1168;1259;861;1467;1360;1653;1471;1614;1395;1755;1281;1646;1213;1789;1099;1805;965;1877;850;1873;1440;2014;1311;2285;1186;2433;1160;2461;1057;507;1330
MA-0162-S10_LF17.dw.png;MA-0162;34.98001896;-5.543482326;2024;Mediterranean;colony;New material;975;1146;1050;1139;1173;1398;1204;1225;1256;935;1477;1411;1650;1519;1598;1441;1739;1328;1640;1259;1780;1147;1797;1022;1868;900;1895;1488;2013;1363;2300;1233;2462;1217;2489;1117;539;1406
MA-0162-S10_LF18.dw.png;MA-0162;34.98001896;-5.543482326;2024;Mediterranean;colony;New material;1218;1291;1297;1282;1411;1542;1441;1355;1492;1068;1745;1541;1912;1633;1856;1566;2021;1445;1882;1371;2013;1260;2022;1119;2078;1004;2148;1589;2260;1465;2551;1312;2657;1293;2679;1196;785;1551
MA-0162-S10_LF19.dw.png;MA-0162;34.98001896;-5.543482326;2024;Mediterranean;colony;New material;1010;996;1087;991;1218;1283;1251;1098;1315;816;1519;1314;1700;1430;1639;1349;1777;1245;1707;1182;1844;1079;1862;947;1933;829;1930;1402;2061;1304;2360;1174;2485;1149;2523;1053;572;1231
MA-0162-S10_LF2.dw.png;MA-0162;34.98001896;-5.543482326;2024;Mediterranean;colony;New material;1181;1174;1252;1166;1397;1438;1412;1256;1442;970;1673;1444;1871;1545;1814;1478;1962;1360;1850;1288;1984;1170;2001;1040;2067;923;2101;1512;2236;1382;2512;1241;2654;1218;2670;1112;744;1452
MA-0162-S10_LF20.dw.png;MA-0162;34.98001896;-5.543482326;2024;Mediterranean;colony;New material;1016;1178;1095;1174;1234;1440;1255;1269;1305;976;1507;1456;1708;1558;1650;1493;1787;1384;1694;1321;1841;1200;1853;1065;1931;943;1921;1531;2054;1419;2342;1275;2476;1243;2504;1127;578;1421
MA-0162-S10_LF3.dw.png;MA-0162;34.98001896;-5.543482326;2024;Mediterranean;colony;New material;1094;1111;1162;1107;1289;1368;1319;1187;1340;891;1569;1367;1748;1481;1696;1403;1843;1287;1739;1216;1881;1096;1897;957;1963;849;1979;1437;2118;1305;2408;1156;2529;1139;2539;1041;643;1386
MA-0162-S10_LF4.dw.png;MA-0162;34.98001896;-5.543482326;2024;Mediterranean;colony;New material;1111;1092;1173;1083;1313;1348;1317;1145;1352;862;1608;1327;1811;1410;1742;1347;1888;1215;1769;1148;1898;1018;1892;867;1948;764;2037;1351;2149;1207;2418;1030;2538;1000;2543;897;690;1411
MA-0162-S10_LF5.dw.png;MA-0162;34.98001896;-5.543482326;2024;Mediterranean;colony;New material;938;1060;1012;1054;1124;1316;1159;1131;1191;833;1425;1308;1626;1408;1562;1336;1712;1211;1591;1144;1720;1019;1728;887;1800;768;1837;1363;1954;1228;2233;1079;2381;1052;2417;948;487;1332
MA-0162-S10_LF6.dw.png;MA-0162;34.98001896;-5.543482326;2024;Mediterranean;colony;New material;899;1301;973;1289;1139;1573;1144;1377;1149;1076;1431;1553;1614;1645;1545;1569;1693;1440;1574;1376;1696;1246;1698;1095;1763;972;1825;1584;1937;1440;2229;1262;2351;1231;2381;1131;494;1647
MA-0162-S10_LF7.dw.png;MA-0162;34.98001896;-5.543482326;2024;Mediterranean;colony;New material;1054;1068;1128;1062;1262;1343;1268;1146;1331;856;1522;1357;1718;1484;1657;1398;1804;1276;1702;1197;1854;1080;1877;943;1946;830;1953;1446;2081;1317;2359;1180;2504;1159;2541;1052;617;1349
MA-0162-S10_LF8.dw.png;MA-0162;34.98001896;-5.543482326;2024;Mediterranean;colony;New material;867;1088;934;1077;1065;1343;1096;1155;1106;862;1362;1332;1562;1431;1500;1357;1656;1230;1542;1161;1669;1041;1678;910;1736;802;1797;1374;1925;1237;2208;1079;2355;1055;2365;962;436;1391
MA-0162-S10_RF1.dw.png;MA-0162;34.98001896;-5.543482326;2024;Mediterranean;colony;New material;966;1100;1042;1093;1182;1354;1190;1167;1219;882;1457;1348;1643;1446;1592;1373;1731;1241;1639;1187;1752;1057;1764;929;1822;811;1878;1395;2005;1266;2297;1108;2433;1077;2447;971;539;1410
MA-0162-S10_RF11.dw.png;MA-0162;34.98001896;-5.543482326;2024;Mediterranean;colony;New material;1085;1188;1161;1178;1329;1451;1311;1248;1348;955;1619;1427;1829;1511;1753;1446;1893;1308;1781;1253;1896;1111;1906;979;1972;859;2052;1454;2165;1312;2433;1132;2579;1093;2589;992;663;1515
MA-0162-S10_RF12.dw.png;MA-0162;34.98001896;-5.543482326;2024;Mediterranean;colony;New material;852;1289;913;1281;1097;1537;1069;1353;1113;1053;1378;1520;1553;1612;1490;1540;1636;1411;1504;1344;1641;1209;1654;1075;1729;966;1764;1562;1898;1415;2179;1243;2313;1217;2328;1111;425;1588
MA-0162-S10_RF13.dw.png;MA-0162;34.98001896;-5.543482326;2024;Mediterranean;colony;New material;803;1303;878;1298;963;1563;1027;1383;1064;1094;1269;1571;1470;1673;1406;1602;1564;1485;1451;1423;1578;1305;1591;1175;1668;1068;1688;1640;1807;1506;2062;1377;2213;1354;2236;1263;346;1558
MA-0162-S10_RF14.dw.png;MA-0162;34.98001896;-5.543482326;2024;Mediterranean;colony;New material;1086;1119;1153;1115;1282;1389;1299;1198;1335;919;1578;1396;1747;1498;1696;1426;1831;1320;1735;1250;1870;1139;1888;1006;1964;891;1977;1467;2097;1350;2392;1212;2512;1191;2533;1085;648;1386
MA-0162-S10_RF15.dw.png;MA-0162;34.98001896;-5.543482326;2024;Mediterranean;colony;New material;970;1214;1023;1207;1188;1467;1185;1282;1201;986;1465;1454;1655;1544;1583;1477;1737;1351;1625;1285;1755;1155;1763;1017;1824;908;1877;1497;1998;1364;2305;1191;2430;1162;2449;1057;530;1500
MA-0162-S10_RF17.dw.png;MA-0162;34.98001896;-5.543482326;2024;Mediterranean;colony;New material;848;1168;915;1159;1040;1408;1074;1239;1103;945;1336;1406;1514;1509;1461;1431;1610;1310;1494;1241;1619;1132;1626;1004;1693;874;1756;1461;1863;1323;2140;1180;2301;1152;2318;1056;444;1461
MA-0162-S10_RF18.dw.png;MA-0162;34.98001896;-5.543482326;2024;Mediterranean;colony;New material;1077;1322;1149;1313;1284;1574;1306;1386;1351;1096;1594;1565;1773;1651;1726;1588;1857;1462;1741;1395;1869;1276;1883;1135;1934;1015;1998;1610;2110;1483;2404;1318;2528;1294;2543;1187;657;1606
MA-0162-S10_RF19.dw.png;MA-0162;34.98001896;-5.543482326;2024;Mediterranean;colony;New material;949;1227;1020;1216;1149;1489;1166;1302;1228;1028;1441;1494;1650;1601;1582;1522;1719;1406;1621;1339;1750;1223;1762;1075;1831;959;1886;1555;1985;1432;2279;1266;2404;1241;2431;1151;530;1519
MA-0162-S10_RF2.dw.png;MA-0162;34.98001896;-5.543482326;2024;Mediterranean;colony;New material;1001;1116;1081;1102;1244;1362;1243;1178;1245;882;1529;1345;1737;1434;1662;1364;1808;1235;1681;1171;1794;1043;1799;906;1857;786;1946;1380;2071;1234;2337;1075;2469;1046;2484;933;599;1447
MA-0162-S10_RF20.dw.png;MA-0162;34.98001896;-5.543482326;2024;Mediterranean;colony;New material;968;1249;1049;1241;1188;1509;1210;1330;1247;1025;1479;1513;1685;1613;1620;1546;1752;1426;1641;1354;1791;1235;1796;1095;1874;973;1902;1575;2025;1450;2305;1286;2431;1253;2452;1139;552;1524
MA-0162-S10_RF3.dw.png;MA-0162;34.98001896;-5.543482326;2024;Mediterranean;colony;New material;1038;1055;1106;1049;1242;1305;1267;1122;1274;826;1518;1293;1706;1396;1652;1325;1794;1202;1687;1133;1824;1010;1834;868;1894;758;1944;1350;2070;1209;2352;1050;2473;1026;2477;928;600;1348
MA-0162-S10_RF5.dw.png;MA-0162;34.98001896;-5.543482326;2024;Mediterranean;colony;New material;905;1190;976;1182;1087;1444;1132;1258;1159;964;1402;1433;1599;1521;1540;1459;1673;1338;1562;1278;1695;1154;1697;1023;1766;899;1811;1478;1939;1349;2196;1205;2342;1162;2378;1063;448;1467
MA-0162-S10_RF6.dw.png;MA-0162;34.98001896;-5.543482326;2024;Mediterranean;colony;New material;1044;1153;1121;1148;1254;1438;1277;1245;1323;948;1559;1442;1736;1545;1667;1468;1818;1344;1717;1279;1847;1154;1861;1009;1930;886;1952;1500;2077;1363;2380;1203;2495;1183;2535;1081;616;1467
MA-0162-S10_RF7.dw.png;MA-0162;34.98001896;-5.543482326;2024;Mediterranean;colony;New material;973;1286;1048;1273;1202;1544;1191;1348;1235;1053;1462;1543;1669;1649;1604;1574;1737;1444;1630;1368;1775;1242;1787;1100;1851;984;1905;1604;2019;1462;2286;1304;2430;1276;2457;1169;559;1595
MA-0162-S10_RF8.dw.png;MA-0162;34.98001896;-5.543482326;2024;Mediterranean;colony;New material;1025;1051;1100;1046;1223;1317;1253;1129;1285;841;1511;1317;1717;1421;1650;1346;1801;1228;1703;1157;1839;1043;1850;911;1905;802;1950;1383;2072;1253;2377;1107;2513;1089;2517;1018;584;1345
MA-0162-S10_RF9.dw.png;MA-0162;34.98001896;-5.543482326;2024;Mediterranean;colony;New material;962;1114;1036;1107;1170;1390;1190;1200;1216;912;1445;1404;1625;1504;1570;1434;1751;1319;1625;1240;1777;1127;1786;989;1838;876;1877;1471;1998;1347;2284;1204;2410;1180;2442;1074;488;1370
MA-0163-S11_LF1.dw.png;MA-0163;35.00702583;-3.379458361;2024;Mediterranean;colony;New material;1037;1013;1123;1010;1263;1288;1285;1111;1321;824;1553;1310;1709;1416;1660;1342;1837;1230;1720;1161;1859;1036;1881;902;1939;803;1956;1384;2090;1263;2385;1118;2500;1105;2524;1015;583;1257
MA-0163-S11_LF10.dw.png;MA-0163;35.00702583;-3.379458361;2024;Mediterranean;colony;New material;950;1071;1019;1063;1213;1337;1183;1156;1207;875;1440;1357;1621;1472;1572;1394;1734;1279;1629;1206;1759;1106;1782;958;1839;861;1884;1438;2023;1320;2280;1193;2416;1178;2439;1083;493;1330
MA-0163-S11_LF11.dw.png;MA-0163;35.00702583;-3.379458361;2024;Mediterranean;colony;New material;1255;1076;1321;1068;1439;1345;1492;1161;1530;884;1758;1367;1910;1470;1853;1393;2028;1278;1911;1209;2047;1098;2057;951;2117;852;2146;1433;2270;1314;2568;1163;2685;1152;2686;1056;813;1342
MA-0163-S11_LF2.dw.png;MA-0163;35.00702583;-3.379458361;2024;Mediterranean;colony;New material;1189;996;1253;992;1417;1304;1417;1094;1469;802;1698;1333;1865;1448;1823;1375;1988;1262;1864;1180;2009;1063;2034;916;2111;798;2102;1423;2240;1308;2524;1179;2653;1165;2696;1061;730;1251
MA-0163-S11_LF3.dw.png;MA-0163;35.00702583;-3.379458361;2024;Mediterranean;colony;New material;1144;1101;1230;1096;1363;1371;1383;1189;1420;905;1645;1388;1832;1500;1774;1423;1932;1309;1804;1226;1959;1117;1974;969;2040;871;2064;1472;2198;1350;2499;1207;2631;1190;2644;1082;700;1347
MA-0163-S11_LF4.dw.png;MA-0163;35.00702583;-3.379458361;2024;Mediterranean;colony;New material;1042;1173;1126;1170;1239;1444;1279;1263;1331;979;1526;1456;1724;1568;1669;1496;1821;1379;1726;1315;1862;1208;1870;1063;1926;960;1947;1544;2069;1416;2360;1286;2504;1271;2525;1175;628;1444
MA-0163-S11_LF5.dw.png;MA-0163;35.00702583;-3.379458361;2024;Mediterranean;colony;New material;945;1088;1018;1085;1136;1362;1163;1176;1214;909;1422;1376;1600;1482;1559;1420;1717;1323;1613;1255;1739;1154;1759;1012;1827;906;1851;1460;1971;1363;2250;1241;2403;1214;2425;1122;467;1315
MA-0163-S11_LF6.dw.png;MA-0163;35.00702583;-3.379458361;2024;Mediterranean;colony;New material;1207;1242;1293;1239;1398;1509;1438;1329;1479;1049;1706;1513;1887;1613;1826;1538;1984;1421;1867;1357;1998;1253;2013;1115;2058;1006;2093;1585;2244;1444;2503;1315;2628;1301;2661;1208;780;1501
MA-0163-S11_LF7.dw.png;MA-0163;35.00702583;-3.379458361;2024;Mediterranean;colony;New material;1190;1120;1257;1114;1351;1390;1419;1212;1442;938;1655;1410;1833;1506;1788;1446;1961;1331;1846;1251;1974;1141;2002;998;2052;899;2073;1478;2195;1359;2460;1220;2595;1201;2602;1096;715;1359
MA-0163-S11_LF8.dw.png;MA-0163;35.00702583;-3.379458361;2024;Mediterranean;colony;New material;1014;1047;1079;1043;1215;1327;1239;1138;1302;866;1518;1350;1687;1451;1639;1384;1823;1278;1691;1196;1815;1088;1836;948;1901;836;1911;1427;2055;1312;2312;1178;2451;1153;2473;1048;563;1284
MA-0163-S11_LF9.dw.png;MA-0163;35.00702583;-3.379458361;2024;Mediterranean;colony;New material;1259;1012;1331;1008;1476;1297;1480;1105;1515;818;1740;1311;1905;1425;1851;1344;2017;1232;1894;1151;2034;1047;2061;909;2116;794;2133;1397;2278;1265;2552;1139;2667;1126;2700;1019;842;1282
MA-0163-S11_RF1.dw.png;MA-0163;35.00702583;-3.379458361;2024;Mediterranean;colony;New material;1271;1197;1352;1195;1500;1474;1512;1291;1552;1006;1781;1489;1945;1594;1889;1518;2051;1402;1948;1337;2089;1218;2115;1083;2177;975;2182;1564;2308;1440;2611;1297;2733;1280;2754;1181;824;1453
MA-0163-S11_RF10.dw.png;MA-0163;35.00702583;-3.379458361;2024;Mediterranean;colony;New material;1100;1033;1170;1025;1352;1301;1338;1117;1355;830;1601;1311;1778;1420;1727;1344;1893;1226;1775;1153;1908;1049;1923;901;1975;801;2030;1385;2174;1254;2422;1125;2555;1106;2573;1010;642;1306
MA-0163-S11_RF11.dw.png;MA-0163;35.00702583;-3.379458361;2024;Mediterranean;colony;New material;1168;1186;1236;1185;1333;1458;1390;1278;1433;1011;1646;1495;1789;1593;1739;1528;1927;1433;1814;1356;1942;1253;1952;1107;2018;1007;2031;1579;2155;1477;2446;1345;2572;1331;2582;1230;711;1423
MA-0163-S11_RF2.dw.png;MA-0163;35.00702583;-3.379458361;2024;Mediterranean;colony;New material;1150;1117;1227;1110;1385;1409;1396;1204;1430;914;1671;1423;1845;1526;1799;1462;1963;1340;1839;1259;1966;1137;1987;983;2062;872;2071;1498;2216;1368;2484;1228;2624;1205;2657;1101;707;1390
MA-0163-S11_RF3.dw.png;MA-0163;35.00702583;-3.379458361;2024;Mediterranean;colony;New material;1084;1065;1170;1055;1301;1333;1331;1148;1359;862;1586;1341;1777;1452;1720;1374;1886;1256;1742;1175;1894;1062;1908;909;1973;812;2002;1411;2140;1282;2436;1132;2573;1108;2585;1004;645;1328
MA-0163-S11_RF4.dw.png;MA-0163;35.00702583;-3.379458361;2024;Mediterranean;colony;New material;1297;1204;1382;1197;1498;1470;1560;1302;1581;1007;1782;1481;1982;1590;1924;1517;2071;1397;1989;1337;2116;1232;2118;1081;2180;978;2192;1561;2331;1433;2603;1301;2754;1275;2779;1179;898;1482
MA-0163-S11_RF5.dw.png;MA-0163;35.00702583;-3.379458361;2024;Mediterranean;colony;New material;1047;1068;1117;1060;1257;1331;1271;1144;1305;865;1539;1336;1725;1444;1669;1369;1817;1255;1712;1185;1841;1076;1863;924;1932;815;1970;1407;2089;1284;2369;1136;2511;1116;2526;1013;588;1327
MA-0163-S11_RF6.dw.png;MA-0163;35.00702583;-3.379458361;2024;Mediterranean;colony;New material;1192;838;1271;837;1360;1105;1400;928;1466;668;1652;1126;1825;1234;1773;1160;1921;1051;1824;987;1947;881;1980;748;2045;649;2039;1212;2189;1086;2455;971;2577;956;2618;862;752;1067
MA-0163-S11_RF7.dw.png;MA-0163;35.00702583;-3.379458361;2024;Mediterranean;colony;New material;1139;1217;1218;1214;1292;1488;1365;1312;1388;1043;1590;1511;1770;1622;1725;1553;1908;1441;1780;1353;1909;1253;1943;1113;2001;1013;2006;1592;2131;1471;2391;1339;2537;1326;2538;1238;664;1440
MA-0163-S11_RF8.dw.png;MA-0163;35.00702583;-3.379458361;2024;Mediterranean;colony;New material;1042;1077;1108;1071;1256;1355;1275;1170;1317;888;1548;1371;1721;1480;1681;1407;1848;1290;1737;1218;1851;1104;1865;962;1930;851;1961;1452;2091;1318;2352;1183;2487;1163;2514;1062;597;1322
MA-0163-S11_RF9.dw.png;MA-0163;35.00702583;-3.379458361;2024;Mediterranean;colony;New material;1059;1154;1125;1145;1263;1429;1276;1243;1315;961;1533;1443;1715;1554;1652;1479;1811;1367;1701;1288;1843;1179;1870;1043;1922;929;1936;1527;2080;1398;2339;1267;2472;1249;2512;1140;637;1416
MA-0164-S12_LF1.dw.png;MA-0164;35.25553639;-3.115161578;2024;Mediterranean;colony;New material;1216;1209;1283;1208;1437;1497;1430;1301;1474;1006;1700;1513;1847;1619;1794;1545;1954;1429;1842;1359;1992;1240;2026;1108;2078;1003;2071;1589;2194;1471;2487;1332;2614;1315;2650;1216;749;1454
MA-0164-S12_LF10.dw.png;MA-0164;35.25553639;-3.115161578;2024;Mediterranean;colony;New material;956;1160;1017;1155;1178;1434;1192;1252;1236;947;1457;1441;1646;1550;1587;1472;1743;1356;1631;1288;1777;1175;1796;1029;1842;929;1864;1511;2008;1383;2314;1239;2453;1219;2481;1130;484;1413
MA-0164-S12_LF11.dw.png;MA-0164;35.25553639;-3.115161578;2024;Mediterranean;colony;New material;1043;1110;1116;1105;1252;1378;1291;1204;1300;909;1520;1386;1685;1502;1638;1423;1794;1319;1683;1247;1836;1147;1854;995;1907;890;1917;1472;2054;1358;2357;1228;2496;1207;2524;1119;598;1366
MA-0164-S12_LF12.dw.png;MA-0164;35.25553639;-3.115161578;2024;Mediterranean;colony;New material;891;1116;969;1113;1115;1389;1128;1202;1165;910;1379;1393;1590;1499;1524;1427;1668;1306;1554;1232;1706;1123;1726;983;1775;875;1828;1465;1953;1340;2239;1195;2382;1173;2413;1078;446;1374
MA-0164-S12_LF2.dw.png;MA-0164;35.25553639;-3.115161578;2024;Mediterranean;colony;New material;1143;1090;1201;1085;1319;1363;1355;1172;1412;888;1634;1373;1812;1477;1760;1408;1921;1294;1777;1219;1923;1111;1949;965;1993;870;2037;1439;2176;1317;2432;1186;2555;1174;2587;1089;685;1352
MA-0164-S12_LF3.dw.png;MA-0164;35.25553639;-3.115161578;2024;Mediterranean;colony;New material;1054;1096;1114;1091;1239;1360;1274;1177;1289;898;1506;1370;1689;1468;1630;1396;1786;1277;1695;1218;1822;1113;1851;993;1905;878;1933;1428;2054;1317;2310;1179;2434;1153;2449;1051;596;1349
MA-0164-S12_LF4.dw.png;MA-0164;35.25553639;-3.115161578;2024;Mediterranean;colony;New material;1117;1225;1181;1211;1359;1473;1375;1299;1342;1000;1623;1460;1803;1555;1743;1483;1884;1356;1774;1298;1907;1173;1918;1028;1960;919;2025;1507;2164;1367;2415;1218;2563;1181;2585;1080;690;1524
MA-0164-S12_LF5.dw.png;MA-0164;35.25553639;-3.115161578;2024;Mediterranean;colony;New material;1087;1072;1163;1074;1283;1366;1316;1182;1384;896;1573;1401;1754;1505;1701;1437;1849;1332;1745;1258;1910;1154;1945;1013;2003;906;1965;1496;2096;1390;2403;1260;2536;1243;2578;1147;634;1311
MA-0164-S12_LF6.dw.png;MA-0164;35.25553639;-3.115161578;2024;Mediterranean;colony;New material;956;967;1024;964;1154;1240;1186;1056;1226;767;1463;1256;1639;1358;1590;1290;1736;1176;1622;1104;1765;989;1788;845;1829;740;1879;1321;2019;1207;2284;1063;2425;1041;2453;940;507;1230
MA-0164-S12_LF7.dw.png;MA-0164;35.25553639;-3.115161578;2024;Mediterranean;colony;New material;1052;1179;1120;1174;1270;1450;1279;1263;1316;978;1554;1467;1737;1571;1680;1499;1818;1376;1704;1300;1857;1194;1881;1053;1920;947;1965;1540;2087;1422;2410;1271;2544;1259;2573;1177;613;1441
MA-0164-S12_LF8.dw.png;MA-0164;35.25553639;-3.115161578;2024;Mediterranean;colony;New material;1113;1117;1177;1110;1321;1378;1336;1199;1357;920;1577;1378;1771;1466;1705;1403;1863;1287;1753;1221;1893;1108;1905;977;1950;881;1993;1425;2097;1308;2350;1173;2498;1148;2527;1058;685;1401
MA-0164-S12_LF9.dw.png;MA-0164;35.25553639;-3.115161578;2024;Mediterranean;colony;New material;853;1110;921;1105;1071;1389;1082;1194;1128;902;1343;1407;1521;1513;1470;1439;1636;1337;1507;1262;1651;1147;1681;1009;1738;899;1762;1482;1893;1371;2178;1238;2318;1211;2340;1109;418;1353
MA-0164-S12_RF1.dw.png;MA-0164;35.25553639;-3.115161578;2024;Mediterranean;colony;New material;931;1205;1001;1200;1174;1480;1163;1291;1184;991;1427;1483;1584;1583;1526;1510;1675;1387;1563;1322;1708;1201;1739;1067;1795;956;1801;1546;1925;1415;2226;1265;2345;1244;2367;1151;487;1477
MA-0164-S12_RF10.dw.png;MA-0164;35.25553639;-3.115161578;2024;Mediterranean;colony;New material;964;1209;1023;1201;1189;1474;1204;1293;1224;991;1463;1472;1650;1575;1585;1499;1747;1384;1619;1319;1766;1200;1773;1051;1823;941;1872;1531;2000;1400;2303;1250;2438;1224;2469;1125;503;1467
MA-0164-S12_RF11.dw.png;MA-0164;35.25553639;-3.115161578;2024;Mediterranean;colony;New material;1020;1167;1094;1159;1236;1426;1263;1253;1278;958;1508;1430;1685;1549;1624;1465;1785;1362;1672;1291;1823;1187;1841;1039;1893;931;1923;1513;2049;1395;2344;1260;2479;1239;2508;1149;585;1424
MA-0164-S12_RF12.dw.png;MA-0164;35.25553639;-3.115161578;2024;Mediterranean;colony;New material;1101;1210;1181;1208;1308;1479;1329;1293;1375;1002;1571;1483;1770;1590;1706;1513;1859;1397;1748;1328;1895;1212;1920;1075;1976;969;1998;1553;2125;1429;2417;1288;2558;1266;2601;1168;665;1465
MA-0164-S12_RF2.dw.png;MA-0164;35.25553639;-3.115161578;2024;Mediterranean;colony;New material;1088;1083;1148;1076;1277;1350;1311;1166;1327;882;1564;1362;1753;1466;1701;1398;1851;1287;1712;1208;1863;1103;1884;955;1935;857;1974;1431;2104;1316;2373;1181;2489;1160;2521;1056;643;1342
MA-0164-S12_RF3.dw.png;MA-0164;35.25553639;-3.115161578;2024;Mediterranean;colony;New material;1083;1137;1147;1133;1277;1404;1312;1222;1321;927;1540;1414;1729;1518;1675;1444;1827;1327;1720;1258;1853;1152;1888;1028;1943;915;1960;1482;2091;1365;2354;1240;2472;1217;2498;1112;635;1399
MA-0164-S12_RF4.dw.png;MA-0164;35.25553639;-3.115161578;2024;Mediterranean;colony;New material;1193;1058;1269;1051;1416;1324;1446;1148;1442;848;1687;1331;1852;1447;1797;1360;1959;1250;1847;1182;1990;1064;2010;924;2061;815;2086;1407;2227;1278;2488;1153;2654;1130;2683;1028;750;1327
MA-0164-S12_RF5.dw.png;MA-0164;35.25553639;-3.115161578;2024;Mediterranean;colony;New material;1023;1161;1094;1157;1212;1433;1260;1255;1277;961;1519;1449;1688;1546;1632;1473;1775;1356;1688;1299;1825;1177;1844;1034;1901;924;1905;1511;2025;1392;2319;1249;2459;1233;2492;1141;588;1425
MA-0164-S12_RF6.dw.png;MA-0164;35.25553639;-3.115161578;2024;Mediterranean;colony;New material;905;1290;974;1280;1110;1556;1137;1366;1176;1078;1427;1560;1600;1660;1546;1590;1698;1466;1578;1397;1717;1281;1734;1138;1772;1026;1831;1615;1961;1494;2230;1342;2384;1315;2404;1218;470;1574
MA-0164-S12_RF7.dw.png;MA-0164;35.25553639;-3.115161578;2024;Mediterranean;colony;New material;1070;1236;1152;1232;1297;1507;1305;1319;1339;1034;1562;1521;1757;1635;1700;1560;1845;1439;1734;1364;1875;1253;1901;1114;1945;998;1991;1599;2109;1481;2417;1333;2556;1316;2591;1226;637;1494
MA-0164-S12_RF8.dw.png;MA-0164;35.25553639;-3.115161578;2024;Mediterranean;colony;New material;1078;1114;1148;1110;1273;1392;1297;1209;1332;932;1526;1407;1700;1510;1649;1440;1808;1333;1712;1263;1852;1157;1880;1029;1929;933;1927;1483;2042;1375;2311;1254;2458;1237;2492;1151;644;1377
MA-0164-S12_RF9.dw.png;MA-0164;35.25553639;-3.115161578;2024;Mediterranean;colony;New material;1045;1192;1121;1181;1265;1456;1294;1271;1315;970;1552;1460;1735;1560;1688;1491;1844;1373;1713;1304;1852;1179;1870;1039;1917;935;1973;1519;2098;1398;2372;1249;2508;1220;2531;1119;629;1458
MA-0165-S13_LF1.dw.png;MA-0165;34.952883;-2.996248;2024;Mediterranean;colony;New material;970;1036;1042;1032;1099;1314;1183;1121;1239;833;1456;1338;1638;1447;1578;1371;1741;1269;1618;1181;1769;1077;1812;934;1856;831;1865;1422;1998;1310;2300;1176;2421;1162;2430;1049;515;1290
MA-0165-S13_LF2.dw.png;MA-0165;34.952883;-2.996248;2024;Mediterranean;colony;New material;1139;961;1210;953;1362;1198;1373;1029;1379;744;1638;1195;1827;1282;1770;1219;1918;1105;1801;1046;1927;928;1948;789;1979;698;2044;1242;2166;1118;2438;987;2557;980;2588;895;706;1232
MA-0165-S13_LF3.dw.png;MA-0165;34.952883;-2.996248;2024;Mediterranean;colony;New material;1042;1102;1100;1100;1253;1385;1259;1204;1316;930;1501;1409;1694;1528;1631;1448;1790;1345;1694;1275;1845;1164;1876;1035;1930;926;1935;1505;2059;1397;2357;1264;2500;1245;2535;1148;574;1333
MA-0165-S13_LF4.dw.png;MA-0165;34.952883;-2.996248;2024;Mediterranean;colony;New material;1108;1030;1174;1028;1278;1315;1329;1127;1379;840;1569;1347;1746;1459;1701;1391;1870;1283;1747;1202;1896;1097;1931;955;1987;851;1983;1443;2118;1330;2409;1202;2560;1192;2604;1103;635;1277
MA-0165-S13_LF5.dw.png;MA-0165;34.952883;-2.996248;2024;Mediterranean;colony;New material;1155;1069;1223;1064;1336;1325;1405;1159;1421;868;1634;1337;1825;1442;1770;1365;1901;1253;1802;1189;1931;1076;1954;941;2004;832;2044;1403;2157;1284;2437;1158;2583;1135;2614;1033;729;1326
MA-0165-S13_LF6.dw.png;MA-0165;34.952883;-2.996248;2024;Mediterranean;colony;New material;1048;1014;1125;1011;1214;1287;1265;1097;1335;818;1524;1306;1705;1418;1648;1341;1803;1230;1696;1152;1839;1049;1870;909;1922;804;1927;1388;2069;1269;2340;1132;2499;1114;2518;1036;599;1260
MA-0165-S13_RF1.dw.png;MA-0165;34.952883;-2.996248;2024;Mediterranean;colony;New material;993;1134;1066;1119;1231;1397;1234;1205;1227;895;1512;1390;1705;1488;1641;1414;1807;1284;1675;1204;1806;1084;1818;929;1875;815;1968;1428;2075;1297;2355;1132;2519;1095;2552;990;548;1421
MA-0165-S13_RF2.dw.png;MA-0165;34.952883;-2.996248;2024;Mediterranean;colony;New material;1278;1211;1353;1210;1464;1481;1503;1301;1525;1015;1745;1499;1930;1606;1874;1535;2044;1422;1916;1351;2056;1233;2082;1093;2139;993;2154;1571;2283;1453;2568;1317;2687;1304;2727;1206;816;1477
MA-0165-S13_RF3.dw.png;MA-0165;34.952883;-2.996248;2024;Mediterranean;colony;New material;961;1103;1017;1097;1185;1375;1177;1185;1223;909;1445;1384;1636;1494;1576;1413;1737;1301;1616;1229;1756;1112;1780;977;1832;867;1864;1455;1988;1327;2286;1173;2416;1149;2454;1057;510;1372
MA-0165-S13_RF4.dw.png;MA-0165;34.952883;-2.996248;2024;Mediterranean;colony;New material;922;1028;990;1025;1112;1313;1155;1122;1197;837;1404;1333;1588;1443;1531;1373;1695;1263;1571;1183;1727;1079;1759;939;1812;827;1819;1420;1949;1306;2253;1162;2403;1143;2438;1045;446;1281
MA-0165-S13_RF5.dw.png;MA-0165;34.952883;-2.996248;2024;Mediterranean;colony;New material;1013;1028;1072;1020;1207;1280;1242;1102;1269;814;1507;1273;1709;1369;1644;1296;1775;1179;1667;1117;1796;1004;1819;868;1858;757;1916;1322;2042;1191;2306;1055;2451;1030;2478;935;590;1299
MA-0165-S13_RF6.dw.png;MA-0165;34.952883;-2.996248;2024;Mediterranean;colony;New material;1133;1242;1209;1234;1322;1501;1353;1307;1395;1015;1631;1504;1814;1599;1750;1523;1915;1407;1780;1333;1919;1222;1933;1075;1981;966;2037;1555;2157;1429;2423;1276;2578;1249;2612;1157;687;1517
MA-0166-S14_LF1.dw.png;MA-0166;35.151096;-3.032542;2024;Mediterranean;colony;New material;1001;1276;1089;1270;1198;1541;1228;1350;1264;1074;1494;1548;1695;1659;1635;1583;1787;1459;1662;1380;1808;1269;1831;1130;1872;1021;1910;1623;2053;1488;2349;1337;2474;1323;2495;1250;538;1563
MA-0166-S14_LF10.dw.png;MA-0166;35.151096;-3.032542;2024;Mediterranean;colony;New material;904;1006;985;999;1130;1283;1140;1084;1176;789;1438;1291;1617;1392;1564;1319;1736;1191;1609;1119;1739;995;1749;849;1782;726;1852;1355;1979;1223;2301;1057;2406;1044;2451;953;426;1284
MA-0166-S14_LF12.dw.png;MA-0166;35.151096;-3.032542;2024;Mediterranean;colony;New material;966;1081;1044;1084;1165;1382;1155;1160;1259;904;1452;1427;1611;1544;1579;1476;1749;1364;1645;1291;1783;1177;1815;1043;1870;929;1848;1531;2006;1422;2294;1308;2435;1300;2479;1202;477;1312
MA-0166-S14_LF13.dw.png;MA-0166;35.151096;-3.032542;2024;Mediterranean;colony;New material;899;1103;976;1100;1113;1358;1152;1200;1186;898;1429;1380;1608;1491;1558;1419;1709;1302;1583;1226;1734;1134;1760;991;1817;884;1836;1463;1963;1346;2257;1222;2381;1220;2419;1133;482;1380
MA-0166-S14_LF14.dw.png;MA-0166;35.151096;-3.032542;2024;Mediterranean;colony;New material;1016;1020;1087;1013;1244;1285;1245;1099;1275;819;1518;1291;1681;1398;1631;1320;1813;1198;1695;1132;1835;1027;1849;886;1895;767;1947;1358;2071;1233;2388;1079;2515;1064;2533;975;544;1297
MA-0166-S14_LF15.dw.png;MA-0166;35.151096;-3.032542;2024;Mediterranean;colony;New material;897;994;977;988;1089;1265;1123;1078;1166;795;1390;1282;1585;1393;1523;1317;1695;1204;1566;1123;1713;1026;1747;877;1794;764;1812;1362;1947;1240;2266;1087;2378;1073;2385;975;427;1262
MA-0166-S14_LF16.dw.png;MA-0166;35.151096;-3.032542;2024;Mediterranean;colony;New material;1007;1128;1099;1126;1212;1402;1257;1216;1264;923;1515;1407;1708;1512;1659;1440;1821;1312;1699;1249;1818;1132;1835;993;1886;874;1951;1471;2078;1347;2364;1181;2468;1166;2490;1067;558;1416
MA-0166-S14_LF2.dw.png;MA-0166;35.151096;-3.032542;2024;Mediterranean;colony;New material;897;1042;975;1033;1142;1305;1136;1113;1176;814;1438;1301;1631;1399;1573;1326;1731;1198;1588;1121;1744;1012;1756;867;1797;747;1874;1354;1990;1213;2286;1052;2404;1039;2432;958;462;1332
MA-0166-S14_LF3.dw.png;MA-0166;35.151096;-3.032542;2024;Mediterranean;colony;New material;935;1037;1025;1036;1126;1306;1181;1134;1210;841;1443;1330;1612;1443;1564;1370;1727;1248;1617;1176;1747;1061;1763;917;1819;814;1837;1415;1968;1285;2296;1140;2401;1135;2426;1059;444;1281
MA-0166-S14_LF4.dw.png;MA-0166;35.151096;-3.032542;2024;Mediterranean;colony;New material;1010;1186;1100;1182;1237;1477;1258;1279;1308;987;1556;1493;1722;1602;1671;1526;1846;1406;1721;1324;1857;1216;1876;1066;1918;952;1947;1572;2096;1442;2423;1289;2535;1273;2569;1190;531;1452
MA-0166-S14_LF5.dw.png;MA-0166;35.151096;-3.032542;2024;Mediterranean;colony;New material;1335;1094;1415;1087;1606;1361;1590;1175;1601;875;1875;1363;2059;1459;2010;1393;2176;1265;2046;1192;2175;1078;2181;934;2224;817;2302;1417;2439;1282;2708;1124;2830;1109;2859;1018;891;1396
MA-0166-S14_LF6.dw.png;MA-0166;35.151096;-3.032542;2024;Mediterranean;colony;New material;940;1166;1021;1160;1161;1445;1159;1242;1220;957;1450;1454;1622;1558;1566;1480;1728;1359;1611;1284;1754;1170;1773;1024;1822;915;1859;1521;1984;1395;2285;1242;2404;1231;2434;1141;488;1437
MA-0166-S14_LF7.dw.png;MA-0166;35.151096;-3.032542;2024;Mediterranean;colony;New material;953;1211;1018;1204;1203;1476;1199;1296;1226;993;1486;1471;1656;1567;1593;1493;1759;1375;1623;1307;1758;1208;1772;1065;1822;952;1885;1526;2009;1396;2307;1258;2426;1249;2452;1173;527;1490
MA-0166-S14_LF8.dw.png;MA-0166;35.151096;-3.032542;2024;Mediterranean;colony;New material;1121;1114;1207;1113;1361;1408;1334;1198;1415;931;1615;1426;1796;1542;1746;1464;1898;1342;1798;1270;1938;1166;1960;1031;2020;919;2045;1513;2166;1397;2486;1255;2600;1249;2618;1167;643;1360
MA-0166-S14_LF9.dw.png;MA-0166;35.151096;-3.032542;2024;Mediterranean;colony;New material;1111;1132;1190;1127;1338;1401;1360;1214;1368;896;1649;1412;1835;1515;1790;1447;1953;1310;1818;1239;1948;1115;1957;973;1992;857;2072;1471;2206;1329;2524;1165;2622;1154;2635;1054;634;1391
MA-0166-S14_RF1.dw.png;MA-0166;35.151096;-3.032542;2024;Mediterranean;colony;New material;1201;933;1287;925;1411;1197;1434;998;1453;716;1714;1195;1909;1287;1850;1221;2002;1086;1875;1017;2011;894;2022;755;2059;630;2124;1248;2260;1103;2553;941;2677;921;2696;829;753;1247
MA-0166-S14_RF10.dw.png;MA-0166;35.151096;-3.032542;2024;Mediterranean;colony;New material;1181;1217;1261;1212;1406;1494;1421;1299;1450;1008;1707;1502;1888;1604;1838;1535;1991;1405;1876;1332;2002;1222;2010;1073;2050;942;2118;1570;2242;1444;2554;1276;2675;1257;2719;1162;726;1500
MA-0166-S14_RF11.dw.png;MA-0166;35.151096;-3.032542;2024;Mediterranean;colony;New material;1096;1103;1169;1095;1339;1378;1332;1182;1358;884;1619;1379;1790;1476;1737;1408;1908;1276;1775;1200;1928;1092;1947;951;1986;816;2030;1435;2159;1300;2471;1133;2605;1116;2649;1033;643;1414
MA-0166-S14_RF12.dw.png;MA-0166;35.151096;-3.032542;2024;Mediterranean;colony;New material;1064;1140;1132;1139;1281;1424;1267;1212;1329;940;1578;1444;1739;1541;1695;1475;1866;1352;1757;1285;1872;1166;1886;1029;1937;909;1979;1504;2120;1375;2390;1238;2531;1221;2566;1145;594;1416
MA-0166-S14_RF13.dw.png;MA-0166;35.151096;-3.032542;2024;Mediterranean;colony;New material;999;1173;1078;1162;1227;1444;1262;1259;1274;960;1535;1451;1716;1552;1660;1482;1814;1360;1677;1281;1829;1184;1852;1042;1903;917;1946;1512;2061;1392;2354;1236;2490;1212;2515;1127;618;1452
MA-0166-S14_RF14.dw.png;MA-0166;35.151096;-3.032542;2024;Mediterranean;colony;New material;1000;1125;1074;1119;1213;1391;1222;1202;1247;919;1507;1399;1666;1507;1618;1430;1787;1303;1676;1242;1813;1133;1827;989;1876;868;1930;1464;2059;1340;2366;1184;2502;1165;2525;1074;514;1400
MA-0166-S14_RF15.dw.png;MA-0166;35.151096;-3.032542;2024;Mediterranean;colony;New material;1035;937;1121;928;1240;1202;1271;1010;1288;721;1524;1192;1726;1290;1663;1215;1825;1091;1699;1019;1829;910;1847;755;1895;649;1952;1240;2078;1111;2372;941;2485;924;2505;818;595;1252
MA-0166-S14_RF16.dw.png;MA-0166;35.151096;-3.032542;2024;Mediterranean;colony;New material;898;1142;993;1137;1100;1410;1146;1222;1140;932;1402;1414;1597;1518;1548;1447;1702;1318;1576;1253;1701;1136;1709;994;1770;878;1842;1474;1954;1352;2257;1180;2355;1167;2380;1068;444;1434
MA-0166-S14_RF2.dw.png;MA-0166;35.151096;-3.032542;2024;Mediterranean;colony;New material;919;1004;1004;998;1157;1287;1153;1080;1203;783;1442;1291;1630;1394;1579;1325;1732;1193;1613;1119;1758;1000;1775;855;1827;731;1877;1355;2002;1218;2299;1062;2426;1044;2467;948;480;1294
MA-0166-S14_RF3.dw.png;MA-0166;35.151096;-3.032542;2024;Mediterranean;colony;New material;1006;1118;1097;1118;1218;1398;1248;1212;1277;923;1513;1422;1681;1537;1628;1460;1794;1340;1681;1261;1816;1141;1829;992;1892;879;1898;1511;2041;1375;2365;1223;2472;1211;2501;1108;515;1380
MA-0166-S14_RF4.dw.png;MA-0166;35.151096;-3.032542;2024;Mediterranean;colony;New material;1006;1082;1086;1077;1229;1360;1247;1159;1282;871;1549;1365;1727;1471;1674;1395;1833;1266;1708;1187;1842;1079;1852;925;1888;805;1951;1427;2090;1294;2410;1130;2518;1112;2546;1015;536;1374
MA-0166-S14_RF5.dw.png;MA-0166;35.151096;-3.032542;2024;Mediterranean;colony;New material;1214;1268;1288;1268;1446;1555;1449;1363;1483;1071;1714;1577;1893;1689;1852;1618;2021;1496;1918;1424;2041;1312;2056;1168;2111;1052;2140;1659;2282;1531;2568;1393;2695;1382;2739;1295;737;1542
MA-0166-S14_RF6.dw.png;MA-0166;35.151096;-3.032542;2024;Mediterranean;colony;New material;1239;1146;1315;1142;1465;1427;1464;1227;1513;940;1745;1432;1913;1544;1863;1462;2026;1341;1914;1270;2051;1153;2065;1012;2114;894;2146;1506;2276;1378;2584;1222;2695;1208;2723;1116;786;1420
MA-0166-S14_RF7.dw.png;MA-0166;35.151096;-3.032542;2024;Mediterranean;colony;New material;1047;967;1113;964;1263;1263;1264;1059;1320;760;1543;1280;1704;1391;1653;1310;1827;1198;1717;1122;1843;1013;1859;868;1929;754;1936;1364;2066;1238;2387;1099;2511;1089;2551;1007;596;1240
MA-0166-S14_RF8.dw.png;MA-0166;35.151096;-3.032542;2024;Mediterranean;colony;New material;1060;1135;1152;1132;1308;1420;1291;1219;1343;953;1564;1429;1756;1534;1707;1468;1860;1352;1748;1283;1882;1176;1889;1039;1949;921;1998;1504;2106;1401;2427;1250;2541;1230;2569;1131;603;1382
MA-0166-S14_RF9.dw.png;MA-0166;35.151096;-3.032542;2024;Mediterranean;colony;New material;952;967;1034;964;1168;1242;1187;1050;1224;764;1454;1252;1637;1357;1595;1288;1754;1153;1638;1084;1761;968;1769;823;1814;701;1875;1318;2006;1180;2331;1015;2440;1001;2457;904;477;1224
MA-0167-S15_L15.dw.png;MA-0167;35.263906;-3.105869;2024;Mediterranean;colony;New material;1062;1139;1152;1133;1329;1396;1337;1227;1352;928;1636;1393;1810;1487;1756;1423;1921;1303;1775;1233;1914;1131;1925;984;1968;872;2069;1440;2178;1318;2464;1179;2601;1171;2614;1078;649;1435
MA-0167-S15_LF1.dw.png;MA-0167;35.263906;-3.105869;2024;Mediterranean;colony;New material;1186;906;1249;898;1374;1192;1397;976;1468;697;1693;1202;1889;1302;1826;1227;2000;1109;1863;1026;1998;911;2011;769;2074;663;2129;1253;2259;1123;2541;972;2644;958;2657;866;729;1196
MA-0167-S15_LF10.dw.png;MA-0167;35.263906;-3.105869;2024;Mediterranean;colony;New material;1188;1151;1242;1146;1413;1442;1417;1240;1452;950;1689;1452;1885;1568;1811;1486;1994;1365;1866;1287;1991;1159;2011;1013;2089;897;2131;1525;2247;1400;2547;1246;2675;1232;2703;1117;725;1438
MA-0167-S15_LF11.dw.png;MA-0167;35.263906;-3.105869;2024;Mediterranean;colony;New material;835;1023;907;1023;1032;1329;1080;1140;1140;841;1335;1360;1502;1475;1445;1400;1633;1302;1507;1204;1657;1101;1691;963;1763;854;1757;1451;1881;1339;2198;1207;2330;1197;2362;1091;349;1266
MA-0167-S15_LF12.dw.png;MA-0167;35.263906;-3.105869;2024;Mediterranean;colony;New material;1061;1140;1141;1137;1270;1432;1308;1238;1361;941;1589;1454;1730;1552;1675;1482;1874;1383;1743;1304;1878;1189;1902;1055;1980;940;1998;1515;2121;1416;2411;1276;2529;1256;2571;1153;590;1400
MA-0167-S15_LF13.dw.png;MA-0167;35.263906;-3.105869;2024;Mediterranean;colony;New material;1183;1118;1249;1115;1414;1403;1418;1216;1433;916;1685;1418;1860;1525;1797;1448;1972;1339;1861;1258;1974;1142;1995;1000;2060;891;2098;1491;2229;1367;2517;1223;2631;1204;2645;1100;678;1375
MA-0167-S15_LF14.dw.png;MA-0167;35.263906;-3.105869;2024;Mediterranean;colony;New material;981;914;1038;907;1199;1188;1204;1000;1252;705;1487;1197;1678;1305;1612;1230;1788;1127;1634;1032;1779;930;1797;794;1869;688;1924;1263;2030;1151;2315;1012;2460;995;2488;916;521;1185
MA-0167-S15_LF15.dw.png;MA-0167;35.263906;-3.105869;2024;Mediterranean;colony;New material;943;938;1004;935;1155;1221;1151;1018;1214;741;1446;1237;1627;1348;1564;1270;1739;1161;1614;1076;1753;961;1768;825;1826;724;1871;1307;1988;1189;2290;1051;2406;1042;2426;934;462;1194
MA-0167-S15_LF16.dw.png;MA-0167;35.263906;-3.105869;2024;Mediterranean;colony;New material;1065;1135;1139;1134;1301;1423;1297;1231;1328;946;1560;1431;1741;1543;1684;1467;1832;1354;1741;1282;1852;1166;1872;1027;1931;927;1970;1510;2089;1390;2391;1243;2498;1226;2515;1135;587;1390
MA-0167-S15_LF17.dw.png;MA-0167;35.263906;-3.105869;2024;Mediterranean;colony;New material;1096;1058;1185;1061;1268;1346;1337;1163;1379;859;1596;1367;1781;1486;1720;1406;1910;1297;1788;1214;1925;1099;1956;963;2032;849;2042;1452;2172;1328;2462;1202;2607;1189;2633;1090;605;1320
MA-0167-S15_LF18.dw.png;MA-0167;35.263906;-3.105869;2024;Mediterranean;colony;New material;1031;1033;1108;1034;1257;1328;1266;1134;1324;847;1564;1348;1730;1452;1677;1379;1851;1274;1733;1185;1865;1081;1885;940;1952;830;1984;1415;2107;1303;2380;1167;2516;1147;2545;1050;584;1285
MA-0167-S15_LF19.dw.png;MA-0167;35.263906;-3.105869;2024;Mediterranean;colony;New material;1195;1150;1273;1148;1372;1426;1422;1245;1506;970;1684;1466;1871;1580;1811;1510;1977;1414;1847;1315;1997;1214;2033;1075;2118;969;2126;1554;2228;1454;2532;1317;2666;1293;2704;1190;718;1360
MA-0167-S15_LF20.dw.png;MA-0167;35.263906;-3.105869;2024;Mediterranean;colony;New material;993;1157;1070;1151;1222;1446;1254;1261;1297;963;1543;1462;1721;1573;1668;1501;1838;1385;1698;1302;1835;1190;1852;1048;1911;939;1990;1529;2101;1421;2382;1271;2528;1260;2558;1154;566;1444
MA-0167-S15_LF21.dw.png;MA-0167;35.263906;-3.105869;2024;Mediterranean;colony;New material;1016;956;1089;953;1216;1242;1249;1049;1303;753;1495;1253;1711;1372;1636;1291;1816;1182;1680;1101;1825;991;1847;848;1925;742;1954;1334;2084;1216;2367;1081;2501;1061;2540;962;533;1224
MA-0167-S15_LF22.dw.png;MA-0167;35.263906;-3.105869;2024;Mediterranean;colony;New material;1102;1143;1192;1144;1326;1428;1344;1232;1390;931;1631;1438;1847;1550;1784;1476;1960;1364;1826;1286;1966;1173;1973;1019;2034;910;2086;1512;2208;1391;2487;1243;2625;1222;2653;1131;648;1413
MA-0167-S15_LF23.dw.png;MA-0167;35.263906;-3.105869;2024;Mediterranean;colony;New material;1082;1088;1162;1084;1300;1367;1332;1181;1364;894;1630;1382;1805;1490;1748;1415;1916;1299;1777;1219;1912;1113;1934;974;1983;869;2058;1444;2170;1328;2459;1187;2579;1181;2601;1096;647;1361
MA-0167-S15_LF24.dw.png;MA-0167;35.263906;-3.105869;2024;Mediterranean;colony;New material;1180;1064;1253;1058;1376;1342;1420;1159;1482;873;1700;1366;1880;1477;1820;1406;1999;1297;1884;1215;2013;1103;2038;967;2102;844;2125;1453;2251;1332;2537;1204;2669;1187;2707;1079;722;1323
MA-0167-S15_LF25.dw.png;MA-0167;35.263906;-3.105869;2024;Mediterranean;colony;New material;1096;1237;1168;1228;1357;1498;1342;1317;1376;1031;1619;1497;1821;1599;1759;1529;1923;1409;1785;1334;1923;1221;1940;1070;2004;956;2069;1553;2187;1427;2461;1273;2595;1248;2631;1155;651;1518
MA-0167-S15_LF3.dw.png;MA-0167;35.263906;-3.105869;2024;Mediterranean;colony;New material;1337;1188;1418;1182;1590;1478;1586;1287;1621;994;1835;1483;2007;1591;1941;1514;2114;1399;2003;1324;2131;1208;2151;1075;2211;955;2257;1549;2374;1427;2632;1284;2771;1257;2795;1163;872;1463
MA-0167-S15_LF5.dw.png;MA-0167;35.263906;-3.105869;2024;Mediterranean;colony;New material;1216;1010;1261;1004;1431;1260;1431;1084;1482;800;1718;1258;1938;1356;1856;1286;2009;1172;1882;1100;2020;1003;2030;863;2090;760;2165;1313;2281;1191;2571;1058;2693;1051;2737;968;783;1289
MA-0167-S15_LF6.dw.png;MA-0167;35.263906;-3.105869;2024;Mediterranean;colony;New material;895;1067;975;1054;1089;1312;1142;1137;1168;847;1414;1301;1623;1398;1544;1325;1720;1208;1571;1135;1710;1023;1717;876;1781;773;1857;1346;1975;1219;2238;1068;2366;1046;2387;955;445;1352
MA-0167-S15_LF7.dw.png;MA-0167;35.263906;-3.105869;2024;Mediterranean;colony;New material;1081;1008;1149;1007;1305;1304;1319;1106;1358;812;1588;1317;1763;1430;1698;1348;1866;1245;1760;1164;1867;1044;1891;902;1963;792;1998;1389;2117;1277;2421;1129;2520;1107;2544;1015;611;1273
MA-0167-S15_LF8.dw.png;MA-0167;35.263906;-3.105869;2024;Mediterranean;colony;New material;962;1046;1033;1041;1224;1314;1202;1134;1243;846;1503;1316;1688;1416;1624;1346;1771;1232;1668;1165;1778;1057;1799;911;1866;813;1932;1376;2036;1255;2333;1118;2446;1107;2474;1012;499;1305
MA-0167-S15_LF9.dw.png;MA-0167;35.263906;-3.105869;2024;Mediterranean;colony;New material;1033;1083;1112;1082;1240;1355;1280;1183;1311;887;1553;1366;1726;1475;1654;1398;1852;1296;1698;1217;1837;1103;1846;956;1910;854;1984;1428;2098;1315;2362;1183;2499;1165;2531;1059;582;1360
MA-0167-S15_RF1.dw.png;MA-0167;35.263906;-3.105869;2024;Mediterranean;colony;New material;1070;980;1137;973;1262;1260;1283;1049;1344;767;1583;1261;1761;1362;1695;1284;1869;1163;1729;1088;1864;972;1883;832;1949;724;2005;1312;2130;1180;2403;1035;2524;1023;2541;936;617;1281
MA-0167-S15_RF10.dw.png;MA-0167;35.263906;-3.105869;2024;Mediterranean;colony;New material;1017;1155;1074;1150;1240;1446;1252;1251;1290;940;1521;1457;1713;1568;1651;1496;1827;1376;1703;1298;1830;1167;1850;1021;1923;905;1974;1529;2084;1408;2380;1252;2497;1230;2526;1121;553;1431
MA-0167-S15_RF11.dw.png;MA-0167;35.263906;-3.105869;2024;Mediterranean;colony;New material;918;1208;1002;1205;1123;1480;1166;1302;1205;1002;1421;1485;1597;1583;1537;1515;1721;1404;1579;1323;1730;1215;1755;1072;1816;968;1847;1547;1957;1420;2273;1277;2406;1272;2436;1179;460;1488
MA-0167-S15_RF12.dw.png;MA-0167;35.263906;-3.105869;2024;Mediterranean;colony;New material;1068;1087;1149;1089;1278;1388;1308;1186;1367;881;1583;1407;1735;1513;1679;1437;1873;1331;1737;1242;1874;1126;1897;986;1980;882;2011;1471;2117;1363;2404;1223;2529;1207;2571;1104;598;1358
MA-0167-S15_RF13.dw.png;MA-0167;35.263906;-3.105869;2024;Mediterranean;colony;New material;1232;1246;1297;1241;1459;1521;1460;1327;1466;1033;1731;1519;1911;1626;1847;1547;2010;1434;1898;1355;2006;1232;2029;1091;2092;978;2156;1578;2270;1452;2563;1293;2678;1271;2687;1166;741;1525
MA-0167-S15_RF15.dw.png;MA-0167;35.263906;-3.105869;2024;Mediterranean;colony;New material;884;1131;972;1126;1130;1413;1146;1222;1165;923;1437;1422;1606;1521;1562;1456;1718;1328;1591;1252;1727;1143;1733;992;1785;867;1874;1471;1982;1350;2272;1196;2425;1182;2445;1075;459;1436
MA-0167-S15_RF16.dw.png;MA-0167;35.263906;-3.105869;2024;Mediterranean;colony;New material;1203;1141;1273;1139;1415;1433;1434;1240;1469;957;1680;1444;1853;1556;1802;1482;1970;1376;1872;1300;1982;1191;2002;1050;2064;957;2097;1530;2202;1416;2505;1285;2620;1280;2646;1204;716;1383
MA-0167-S15_RF17.dw.png;MA-0167;35.263906;-3.105869;2024;Mediterranean;colony;New material;1053;1147;1137;1147;1240;1431;1280;1233;1344;945;1563;1450;1746;1566;1686;1486;1874;1376;1745;1299;1880;1179;1913;1039;1986;931;2010;1532;2139;1407;2425;1279;2561;1263;2584;1172;551;1407
MA-0167-S15_RF18.dw.png;MA-0167;35.263906;-3.105869;2024;Mediterranean;colony;New material;975;1205;1052;1200;1223;1489;1221;1293;1257;1008;1529;1498;1699;1593;1642;1528;1821;1423;1673;1330;1800;1229;1813;1090;1884;976;1939;1559;2063;1447;2326;1310;2466;1286;2497;1184;555;1476
MA-0167-S15_RF19.dw.png;MA-0167;35.263906;-3.105869;2024;Mediterranean;colony;New material;1009;1110;1076;1103;1195;1384;1238;1196;1290;892;1507;1395;1696;1510;1627;1435;1807;1318;1661;1227;1805;1119;1823;972;1904;866;1953;1467;2052;1342;2333;1191;2478;1175;2508;1072;548;1374
MA-0167-S15_RF2.dw.png;MA-0167;35.263906;-3.105869;2024;Mediterranean;colony;New material;1028;1045;1097;1038;1221;1300;1252;1118;1280;837;1526;1299;1691;1392;1637;1324;1816;1210;1687;1132;1812;1026;1825;889;1899;794;1943;1350;2052;1230;2331;1094;2473;1085;2500;1006;597;1322
MA-0167-S15_RF20.dw.png;MA-0167;35.263906;-3.105869;2024;Mediterranean;colony;New material;1163;1093;1236;1091;1380;1385;1418;1198;1463;895;1715;1403;1879;1510;1832;1437;1997;1316;1865;1241;1999;1130;2020;982;2081;865;2154;1465;2268;1353;2551;1201;2701;1186;2726;1081;732;1379
MA-0167-S15_RF21.dw.png;MA-0167;35.263906;-3.105869;2024;Mediterranean;colony;New material;1206;1308;1278;1305;1403;1586;1437;1400;1478;1099;1687;1595;1904;1706;1828;1631;2000;1516;1865;1433;2002;1325;2026;1177;2108;1069;2144;1667;2278;1540;2549;1396;2687;1371;2721;1270;739;1601
MA-0167-S15_RF22.dw.png;MA-0167;35.263906;-3.105869;2024;Mediterranean;colony;New material;1106;1109;1192;1108;1319;1405;1338;1202;1400;905;1618;1416;1826;1531;1767;1456;1945;1337;1824;1261;1964;1152;1965;992;2034;881;2076;1491;2182;1371;2476;1224;2616;1206;2651;1113;646;1381
MA-0167-S15_RF23.dw.png;MA-0167;35.263906;-3.105869;2024;Mediterranean;colony;New material;1241;1230;1316;1227;1426;1518;1483;1335;1516;1046;1757;1548;1933;1665;1883;1590;2050;1478;1912;1388;2057;1291;2086;1153;2146;1035;2190;1627;2307;1518;2595;1384;2735;1370;2764;1284;788;1488
MA-0167-S15_RF24.dw.png;MA-0167;35.263906;-3.105869;2024;Mediterranean;colony;New material;1070;1032;1151;1029;1277;1315;1308;1126;1375;841;1585;1344;1767;1456;1712;1385;1893;1281;1771;1196;1906;1087;1930;954;2000;828;2017;1427;2137;1316;2436;1192;2575;1171;2615;1069;610;1283
MA-0167-S15_RF25.dw.png;MA-0167;35.263906;-3.105869;2024;Mediterranean;colony;New material;1084;1119;1156;1114;1309;1379;1304;1197;1366;911;1579;1386;1775;1495;1719;1421;1886;1303;1753;1227;1891;1117;1914;971;1984;860;2021;1454;2148;1330;2428;1181;2572;1167;2609;1080;616;1378
MA-0167-S15_RF3.dw.png;MA-0167;35.263906;-3.105869;2024;Mediterranean;colony;New material;1114;1099;1187;1101;1326;1391;1320;1186;1400;909;1587;1410;1772;1531;1712;1449;1887;1338;1771;1255;1915;1148;1933;1012;1999;905;2020;1499;2143;1379;2448;1251;2563;1248;2592;1170;641;1348
MA-0167-S15_RF4.dw.png;MA-0167;35.263906;-3.105869;2024;Mediterranean;colony;New material;1245;1126;1325;1120;1486;1416;1497;1220;1528;919;1751;1422;1924;1522;1868;1453;2038;1335;1931;1262;2047;1140;2059;998;2128;881;2166;1484;2283;1363;2553;1220;2697;1192;2723;1087;788;1408
MA-0167-S15_RF5.dw.png;MA-0167;35.263906;-3.105869;2024;Mediterranean;colony;New material;1203;1147;1279;1144;1401;1442;1429;1237;1496;952;1701;1460;1894;1575;1831;1497;2004;1385;1871;1297;2018;1186;2039;1048;2112;938;2139;1543;2264;1417;2556;1274;2672;1261;2686;1163;748;1412
MA-0167-S15_RF6.dw.png;MA-0167;35.263906;-3.105869;2024;Mediterranean;colony;New material;1023;1167;1102;1161;1187;1440;1249;1246;1309;966;1521;1453;1716;1568;1652;1493;1835;1382;1692;1296;1839;1197;1851;1050;1932;941;1978;1533;2096;1414;2360;1278;2501;1256;2534;1156;529;1427
MA-0167-S15_RF7.dw.png;MA-0167;35.263906;-3.105869;2024;Mediterranean;colony;New material;1115;1194;1183;1193;1336;1482;1354;1293;1384;993;1611;1491;1786;1601;1719;1521;1895;1410;1791;1339;1891;1222;1906;1074;1981;973;2033;1557;2141;1439;2449;1296;2563;1282;2582;1198;646;1458
MA-0167-S15_RF8.dw.png;MA-0167;35.263906;-3.105869;2024;Mediterranean;colony;New material;1008;1015;1077;1017;1242;1307;1235;1111;1283;825;1518;1323;1693;1434;1631;1355;1779;1237;1692;1162;1802;1044;1835;908;1903;803;1919;1398;2044;1274;2346;1125;2472;1111;2500;1023;521;1271
MA-0167-S15_RF9.dw.png;MA-0167;35.263906;-3.105869;2024;Mediterranean;colony;New material;1001;905;1087;902;1197;1187;1258;1014;1293;720;1509;1208;1675;1325;1612;1246;1810;1149;1662;1058;1805;962;1829;817;1889;718;1935;1288;2055;1175;2329;1051;2469;1033;2494;941;553;1166
MA-0168-S16_LF1.dw.png;MA-0168;35.188968;-3.038243;2024;Mediterranean;colony;New material;895;1169;970;1160;1142;1410;1114;1225;1171;951;1428;1404;1600;1499;1542;1431;1714;1316;1603;1249;1720;1126;1730;981;1770;871;1848;1452;1966;1322;2250;1169;2357;1152;2378;1058;441;1445
MA-0168-S16_LF10.dw.png;MA-0168;35.188968;-3.038243;2024;Mediterranean;colony;New material;923;1132;1006;1128;1137;1375;1152;1208;1188;914;1405;1375;1643;1479;1562;1404;1707;1284;1599;1222;1721;1106;1722;967;1787;865;1849;1446;1964;1303;2259;1157;2369;1148;2391;1067;507;1377
MA-0168-S16_LF11.dw.png;MA-0168;35.188968;-3.038243;2024;Mediterranean;colony;New material;1078;972;1154;964;1326;1247;1325;1060;1344;762;1616;1265;1765;1361;1712;1292;1896;1175;1770;1095;1905;986;1929;848;1976;745;2021;1326;2151;1209;2434;1073;2526;1066;2558;972;639;1251
MA-0168-S16_LF12.dw.png;MA-0168;35.188968;-3.038243;2024;Mediterranean;colony;New material;991;1113;1066;1109;1217;1384;1219;1200;1265;911;1481;1395;1654;1496;1606;1429;1771;1325;1644;1245;1780;1145;1792;1019;1841;900;1903;1466;2014;1367;2314;1227;2435;1214;2458;1131;553;1369
MA-0168-S16_LF13.dw.png;MA-0168;35.188968;-3.038243;2024;Mediterranean;colony;New material;1065;1072;1143;1062;1298;1336;1317;1159;1326;884;1576;1340;1751;1441;1688;1368;1854;1261;1744;1188;1870;1079;1883;943;1938;851;1980;1406;2092;1288;2357;1152;2473;1141;2493;1047;651;1345
MA-0168-S16_LF14.dw.png;MA-0168;35.188968;-3.038243;2024;Mediterranean;colony;New material;1158;1135;1251;1142;1369;1427;1365;1221;1453;958;1653;1447;1833;1556;1775;1486;1960;1378;1831;1284;1975;1192;1993;1061;2054;950;2055;1532;2196;1412;2503;1281;2627;1267;2646;1183;691;1397
MA-0168-S16_LF16.dw.png;MA-0168;35.188968;-3.038243;2024;Mediterranean;colony;New material;1136;1242;1208;1241;1351;1518;1356;1326;1396;1043;1622;1527;1810;1642;1752;1565;1921;1447;1809;1372;1947;1262;1964;1120;2025;1003;2044;1601;2177;1481;2477;1341;2592;1322;2612;1217;680;1521
MA-0168-S16_LF2.dw.png;MA-0168;35.188968;-3.038243;2024;Mediterranean;colony;New material;1085;995;1184;995;1274;1255;1329;1080;1376;794;1580;1278;1773;1394;1709;1319;1874;1204;1770;1129;1890;1014;1903;873;1965;760;2015;1357;2146;1237;2431;1097;2554;1079;2582;977;614;1211
MA-0168-S16_LF3.dw.png;MA-0168;35.188968;-3.038243;2024;Mediterranean;colony;New material;1020;1082;1090;1075;1255;1351;1251;1160;1290;864;1572;1354;1744;1450;1700;1381;1888;1259;1719;1185;1869;1056;1875;907;1923;794;1988;1400;2119;1267;2420;1101;2525;1081;2549;981;563;1358
MA-0168-S16_LF7.dw.png;MA-0168;35.188968;-3.038243;2024;Mediterranean;colony;New material;1007;954;1075;947;1227;1244;1252;1050;1262;765;1516;1255;1689;1364;1634;1293;1810;1172;1681;1092;1832;982;1847;848;1897;733;1941;1328;2064;1206;2348;1052;2462;1031;2505;942;574;1232
MA-0168-S16_LF8.dw.png;MA-0168;35.188968;-3.038243;2024;Mediterranean;colony;New material;1166;1070;1255;1065;1366;1314;1385;1145;1428;865;1628;1316;1859;1423;1784;1351;1930;1236;1832;1176;1956;1074;1965;931;2022;833;2098;1388;2214;1274;2502;1138;2617;1134;2626;1054;757;1318
MA-0168-S16_LF9.dw.png;MA-0168;35.188968;-3.038243;2024;Mediterranean;colony;New material;1105;1088;1193;1084;1350;1358;1349;1173;1392;883;1622;1361;1828;1461;1754;1390;1907;1276;1795;1208;1936;1089;1952;955;2014;845;2046;1426;2164;1299;2461;1163;2578;1152;2602;1061;661;1357
MA-0168-S16_RF1.dw.png;MA-0168;35.188968;-3.038243;2024;Mediterranean;colony;New material;979;1005;1057;993;1233;1256;1199;1061;1245;787;1501;1253;1679;1354;1617;1281;1790;1165;1674;1094;1790;972;1800;827;1842;715;1910;1307;2031;1183;2324;1019;2442;997;2473;900;540;1300
MA-0168-S16_RF10.dw.png;MA-0168;35.188968;-3.038243;2024;Mediterranean;colony;New material;884;1219;971;1218;1063;1495;1108;1312;1168;1017;1348;1521;1567;1644;1490;1562;1646;1447;1542;1373;1678;1261;1693;1121;1772;1016;1770;1619;1906;1488;2225;1351;2332;1346;2371;1256;442;1447
MA-0168-S16_RF11.dw.png;MA-0168;35.188968;-3.038243;2024;Mediterranean;colony;New material;1092;1030;1162;1022;1333;1321;1337;1128;1361;838;1593;1343;1751;1446;1703;1377;1876;1266;1767;1189;1908;1074;1926;934;1980;821;2013;1420;2145;1309;2419;1169;2528;1153;2566;1042;644;1303
MA-0168-S16_RF12.dw.png;MA-0168;35.188968;-3.038243;2024;Mediterranean;colony;New material;1126;1137;1208;1140;1323;1415;1351;1238;1394;943;1594;1433;1763;1544;1715;1471;1873;1374;1765;1297;1895;1198;1909;1062;1988;960;1995;1523;2109;1425;2426;1296;2552;1287;2591;1210;683;1383
MA-0168-S16_RF13.dw.png;MA-0168;35.188968;-3.038243;2024;Mediterranean;colony;New material;1242;1271;1319;1268;1460;1555;1480;1370;1507;1089;1725;1573;1881;1678;1837;1610;2008;1503;1911;1430;2028;1324;2054;1192;2110;1091;2128;1659;2244;1546;2515;1421;2634;1409;2664;1317;808;1527
MA-0168-S16_RF14.dw.png;MA-0168;35.188968;-3.038243;2024;Mediterranean;colony;New material;1156;1113;1248;1116;1387;1392;1363;1190;1455;924;1657;1409;1842;1511;1785;1440;1953;1326;1842;1248;1969;1147;1984;1010;2043;900;2069;1482;2200;1360;2512;1227;2625;1218;2647;1138;706;1388
MA-0168-S16_RF15.dw.png;MA-0168;35.188968;-3.038243;2024;Mediterranean;colony;New material;1130;987;1208;981;1364;1242;1352;1060;1382;780;1637;1235;1828;1336;1770;1266;1922;1145;1822;1080;1942;968;1948;823;1996;715;2063;1290;2200;1158;2485;1006;2590;988;2595;899;697;1276
MA-0168-S16_RF16.dw.png;MA-0168;35.188968;-3.038243;2024;Mediterranean;colony;New material;925;960;1002;959;1142;1227;1143;1046;1189;769;1419;1238;1605;1352;1551;1275;1708;1163;1611;1094;1739;987;1753;844;1807;734;1839;1314;1988;1191;2278;1053;2383;1045;2395;953;474;1223
MA-0168-S16_RF2.dw.png;MA-0168;35.188968;-3.038243;2024;Mediterranean;colony;New material;998;1084;1096;1087;1171;1333;1231;1166;1285;883;1475;1356;1667;1472;1604;1392;1770;1282;1664;1208;1790;1106;1808;966;1872;858;1896;1444;2026;1315;2321;1188;2443;1184;2475;1115;521;1290
MA-0168-S16_RF3.dw.png;MA-0168;35.188968;-3.038243;2024;Mediterranean;colony;New material;1051;1085;1125;1078;1295;1366;1281;1168;1323;878;1581;1383;1763;1475;1721;1410;1888;1288;1745;1212;1893;1089;1905;943;1953;828;2017;1430;2134;1308;2436;1147;2551;1130;2580;1030;584;1358
MA-0168-S16_RF5.dw.png;MA-0168;35.188968;-3.038243;2024;Mediterranean;colony;New material;1100;1108;1175;1105;1308;1394;1359;1204;1396;896;1650;1403;1832;1516;1772;1434;1929;1310;1824;1238;1952;1121;1970;977;2033;860;2047;1480;2200;1338;2477;1196;2639;1177;2666;1085;629;1371
MA-0168-S16_RF6.dw.png;MA-0168;35.188968;-3.038243;2024;Mediterranean;colony;New material;1113;1117;1183;1111;1304;1400;1366;1215;1395;907;1642;1418;1829;1531;1765;1449;1929;1330;1829;1263;1959;1141;1978;996;2035;891;2054;1499;2204;1360;2483;1224;2641;1213;2664;1129;629;1368
MA-0168-S16_RF7.dw.png;MA-0168;35.188968;-3.038243;2024;Mediterranean;colony;New material;1040;1075;1110;1072;1264;1360;1281;1170;1302;873;1553;1366;1731;1476;1672;1404;1855;1275;1736;1203;1880;1077;1896;939;1942;828;1981;1435;2104;1306;2400;1143;2505;1128;2546;1038;594;1359
MA-0168-S16_RF8.dw.png;MA-0168;35.188968;-3.038243;2024;Mediterranean;colony;New material;1130;1103;1221;1101;1307;1370;1350;1188;1408;904;1578;1389;1799;1512;1727;1436;1881;1327;1785;1254;1920;1147;1942;1001;2013;892;2040;1484;2166;1377;2470;1241;2600;1225;2616;1117;703;1352
MA-0168-S16_RF9.dw.png;MA-0168;35.188968;-3.038243;2024;Mediterranean;colony;New material;1092;1224;1174;1223;1325;1502;1318;1307;1371;1024;1608;1513;1785;1616;1725;1544;1902;1439;1762;1354;1909;1244;1925;1106;1991;1004;2002;1591;2137;1459;2443;1330;2558;1323;2591;1244;649;1502
MA-0169-S17_LF1.dw.png;MA-0169;35.176007;-3.058972;2024;Mediterranean;colony;New material;1088;1103;1171;1096;1328;1372;1315;1175;1352;885;1595;1364;1794;1460;1728;1394;1886;1259;1768;1196;1911;1075;1932;938;1964;826;2041;1407;2151;1285;2433;1129;2589;1099;2609;1006;653;1393
MA-0169-S17_LF10.dw.png;MA-0169;35.176007;-3.058972;2024;Mediterranean;colony;New material;979;1013;1050;1003;1202;1263;1218;1082;1226;785;1475;1250;1670;1340;1604;1274;1741;1145;1625;1080;1756;961;1772;822;1817;711;1878;1294;1995;1157;2263;1006;2411;973;2432;876;554;1294
MA-0169-S17_LF11.dw.png;MA-0169;35.176007;-3.058972;2024;Mediterranean;colony;New material;974;1169;1053;1163;1174;1433;1200;1251;1220;981;1436;1443;1624;1553;1556;1477;1721;1354;1611;1285;1751;1172;1779;1040;1814;925;1868;1511;1993;1382;2275;1238;2407;1206;2425;1114;485;1428
MA-0169-S17_LF2.dw.png;MA-0169;35.176007;-3.058972;2024;Mediterranean;colony;New material;1035;1102;1111;1093;1234;1372;1276;1177;1301;884;1547;1365;1731;1466;1667;1389;1837;1273;1699;1197;1834;1075;1857;923;1880;806;1963;1418;2088;1279;2356;1119;2484;1098;2514;998;608;1397
MA-0169-S17_LF3.dw.png;MA-0169;35.176007;-3.058972;2024;Mediterranean;colony;New material;1074;1186;1149;1180;1274;1444;1290;1252;1323;960;1544;1433;1737;1525;1665;1454;1823;1333;1702;1263;1838;1149;1847;1016;1893;900;1956;1485;2081;1348;2344;1199;2447;1184;2475;1082;617;1481
MA-0169-S17_LF4.dw.png;MA-0169;35.176007;-3.058972;2024;Mediterranean;colony;New material;1053;1176;1118;1169;1282;1430;1288;1257;1309;961;1545;1432;1725;1528;1667;1461;1819;1339;1718;1283;1843;1157;1860;1014;1916;905;1948;1484;2049;1367;2349;1214;2479;1192;2509;1092;617;1449
MA-0169-S17_LF5.dw.png;MA-0169;35.176007;-3.058972;2024;Mediterranean;colony;New material;906;1115;975;1108;1157;1376;1155;1187;1167;886;1441;1366;1636;1462;1566;1389;1702;1259;1606;1206;1717;1072;1736;930;1777;808;1840;1414;1967;1278;2262;1115;2385;1091;2409;982;494;1407
MA-0169-S17_LF6.dw.png;MA-0169;35.176007;-3.058972;2024;Mediterranean;colony;New material;1109;1042;1182;1042;1298;1298;1337;1128;1376;853;1585;1308;1783;1417;1722;1342;1880;1239;1747;1166;1893;1058;1915;928;1959;837;2000;1385;2122;1269;2375;1139;2507;1124;2534;1040;665;1280
MA-0169-S17_LF8.dw.png;MA-0169;35.176007;-3.058972;2024;Mediterranean;colony;New material;915;1213;972;1207;1142;1480;1140;1293;1162;988;1420;1471;1596;1567;1534;1498;1688;1378;1558;1311;1698;1186;1717;1044;1762;939;1824;1522;1939;1391;2220;1246;2345;1221;2364;1125;468;1486
MA-0169-S17_LF9.dw.png;MA-0169;35.176007;-3.058972;2024;Mediterranean;colony;New material;1039;1225;1099;1214;1232;1465;1277;1280;1296;999;1561;1462;1755;1550;1688;1485;1834;1366;1722;1304;1848;1186;1869;1041;1892;944;1987;1504;2092;1385;2378;1245;2498;1226;2510;1138;625;1490
MA-0169-S17_RF1.dw.png;MA-0169;35.176007;-3.058972;2024;Mediterranean;colony;New material;1065;1157;1147;1145;1295;1417;1300;1218;1310;927;1581;1404;1776;1492;1712;1427;1871;1291;1743;1229;1872;1105;1890;969;1917;856;1997;1443;2116;1307;2381;1149;2546;1115;2560;1020;641;1463
MA-0169-S17_RF10.dw.png;MA-0169;35.176007;-3.058972;2024;Mediterranean;colony;New material;944;1253;1023;1243;1166;1507;1185;1326;1197;1034;1431;1503;1622;1599;1556;1529;1699;1409;1592;1338;1721;1225;1735;1080;1795;972;1829;1564;1945;1431;2222;1285;2383;1254;2414;1154;517;1523
MA-0169-S17_RF11.dw.png;MA-0169;35.176007;-3.058972;2024;Mediterranean;colony;New material;966;1214;1037;1208;1141;1473;1197;1300;1185;1019;1398;1477;1582;1585;1523;1510;1680;1390;1567;1320;1697;1207;1714;1070;1762;961;1806;1543;1930;1412;2199;1266;2346;1234;2369;1137;495;1478
MA-0169-S17_RF2.dw.png;MA-0169;35.176007;-3.058972;2024;Mediterranean;colony;New material;1171;1153;1249;1149;1359;1433;1404;1243;1436;945;1656;1445;1832;1557;1779;1481;1949;1370;1824;1289;1963;1171;1991;1020;2036;912;2063;1522;2199;1397;2481;1247;2612;1230;2648;1124;723;1423
MA-0169-S17_RF3.dw.png;MA-0169;35.176007;-3.058972;2024;Mediterranean;colony;New material;1071;1112;1152;1105;1244;1378;1288;1187;1325;901;1521;1375;1716;1481;1654;1407;1811;1287;1696;1217;1836;1108;1850;968;1905;858;1935;1449;2063;1317;2339;1174;2451;1157;2484;1050;599;1392
MA-0169-S17_RF4.dw.png;MA-0169;35.176007;-3.058972;2024;Mediterranean;colony;New material;1170;1200;1233;1193;1382;1462;1408;1289;1420;994;1653;1469;1833;1567;1771;1498;1914;1381;1816;1314;1946;1197;1965;1057;2029;945;2053;1525;2161;1410;2451;1261;2601;1234;2632;1128;732;1476
MA-0169-S17_RF5.dw.png;MA-0169;35.176007;-3.058972;2024;Mediterranean;colony;New material;1094;1044;1165;1041;1303;1327;1333;1144;1373;844;1588;1348;1772;1467;1707;1381;1851;1264;1769;1204;1905;1088;1937;952;1990;832;1980;1441;2120;1314;2421;1186;2555;1174;2601;1069;654;1291
MA-0169-S17_RF6.dw.png;MA-0169;35.176007;-3.058972;2024;Mediterranean;colony;New material;1138;1088;1211;1086;1304;1357;1356;1173;1413;897;1598;1381;1780;1500;1727;1421;1886;1320;1767;1239;1908;1138;1937;1000;1991;901;1998;1473;2114;1365;2393;1236;2525;1220;2560;1130;674;1327
MA-0169-S17_RF7.dw.png;MA-0169;35.176007;-3.058972;2024;Mediterranean;colony;New material;1059;1159;1123;1155;1267;1438;1288;1255;1320;950;1533;1447;1700;1556;1642;1477;1798;1364;1691;1297;1826;1176;1860;1038;1915;932;1927;1523;2064;1394;2347;1258;2484;1238;2502;1143;602;1416
MA-0169-S17_RF8.dw.png;MA-0169;35.176007;-3.058972;2024;Mediterranean;colony;New material;1121;1259;1187;1254;1330;1538;1351;1355;1381;1050;1598;1548;1761;1656;1704;1577;1859;1466;1753;1398;1889;1276;1925;1141;1978;1033;1989;1626;2127;1492;2410;1361;2544;1340;2566;1245;664;1516
MA-0169-S17_RF9+.dw.png;MA-0169;35.176007;-3.058972;2024;Mediterranean;colony;New material;1163;1202;1232;1199;1312;1471;1383;1289;1437;1002;1633;1499;1832;1605;1771;1538;1922;1430;1809;1357;1965;1250;2002;1105;2042;999;2065;1581;2184;1475;2487;1352;2620;1332;2642;1226;713;1439
MA-0170-S18_LF1.dw.png;MA-0170;34.660007;-3.860679462;2024;Mediterranean;colony;New material;884;1057;961;1053;1103;1319;1108;1140;1136;873;1350;1333;1546;1459;1483;1373;1645;1263;1545;1198;1673;1092;1691;962;1748;855;1795;1426;1903;1307;2183;1183;2315;1173;2355;1091;461;1327
MA-0170-S18_LF10.dw.png;MA-0170;34.660007;-3.860679462;2024;Mediterranean;colony;New material;1087;1177;1159;1173;1305;1448;1315;1270;1354;963;1553;1466;1728;1584;1673;1505;1851;1391;1757;1327;1877;1209;1899;1072;1968;953;2002;1552;2125;1428;2395;1300;2509;1295;2552;1203;626;1423
MA-0170-S18_LF12.dw.png;MA-0170;34.660007;-3.860679462;2024;Mediterranean;colony;New material;1044;1251;1107;1247;1233;1530;1259;1340;1287;1053;1535;1557;1699;1664;1646;1588;1809;1473;1691;1392;1823;1274;1840;1126;1905;1009;1925;1628;2052;1506;2352;1353;2458;1340;2483;1231;590;1508
MA-0170-S18_LF13.dw.png;MA-0170;34.660007;-3.860679462;2024;Mediterranean;colony;New material;1110;1103;1164;1097;1315;1386;1341;1207;1377;909;1594;1410;1785;1525;1738;1456;1890;1331;1783;1256;1931;1150;1941;1004;2013;883;2031;1497;2152;1371;2475;1241;2581;1234;2624;1148;615;1351
MA-0170-S18_LF14.dw.png;MA-0170;34.660007;-3.860679462;2024;Mediterranean;colony;New material;789;1058;859;1057;986;1324;1032;1165;1070;876;1285;1347;1461;1454;1409;1379;1554;1274;1464;1204;1593;1100;1603;957;1651;842;1701;1424;1802;1310;2114;1182;2225;1172;2265;1085;346;1300
MA-0170-S18_LF15.dw.png;MA-0170;34.660007;-3.860679462;2024;Mediterranean;colony;New material;1026;1221;1088;1214;1274;1462;1278;1302;1282;1015;1542;1470;1721;1573;1665;1504;1825;1379;1700;1318;1820;1201;1846;1070;1896;963;1945;1536;2075;1402;2316;1264;2448;1249;2486;1152;624;1503
MA-0170-S18_LF16.dw.png;MA-0170;34.660007;-3.860679462;2024;Mediterranean;colony;New material;1137;1010;1217;1003;1390;1272;1356;1079;1412;794;1654;1269;1822;1365;1765;1295;1931;1172;1822;1111;1949;984;1965;853;2024;751;2060;1321;2183;1185;2451;1043;2580;1029;2611;930;697;1301
MA-0170-S18_LF17.dw.png;MA-0170;34.660007;-3.860679462;2024;Mediterranean;colony;New material;1265;1025;1346;1021;1512;1294;1482;1099;1544;816;1774;1296;1944;1399;1886;1324;2054;1207;1947;1144;2075;1017;2094;887;2152;787;2181;1353;2304;1225;2575;1090;2706;1077;2738;980;819;1305
MA-0170-S18_LF19.dw.png;MA-0170;34.660007;-3.860679462;2024;Mediterranean;colony;New material;1055;906;1123;900;1268;1192;1274;997;1320;727;1527;1205;1705;1319;1653;1242;1809;1127;1719;1050;1852;946;1869;811;1924;718;1956;1284;2086;1157;2358;1027;2475;1017;2497;927;614;1175
MA-0170-S18_LF2.dw.png;MA-0170;34.660007;-3.860679462;2024;Mediterranean;colony;New material;887;903;961;900;1093;1160;1113;986;1137;726;1367;1174;1535;1283;1478;1204;1621;1086;1543;1027;1665;925;1680;789;1739;687;1798;1237;1897;1117;2166;968;2286;947;2289;841;464;1167
MA-0170-S18_LF20.dw.png;MA-0170;34.660007;-3.860679462;2024;Mediterranean;colony;New material;1003;1166;1078;1163;1209;1448;1221;1259;1287;984;1477;1464;1663;1577;1608;1504;1776;1388;1658;1311;1801;1205;1819;1068;1866;963;1895;1543;2031;1414;2290;1282;2391;1274;2425;1195;564;1437
MA-0170-S18_LF3.dw.png;MA-0170;34.660007;-3.860679462;2024;Mediterranean;colony;New material;882;1045;960;1040;1068;1299;1127;1129;1141;842;1372;1316;1559;1431;1499;1349;1664;1236;1566;1169;1685;1057;1704;932;1754;822;1803;1395;1921;1275;2209;1137;2326;1125;2383;1037;442;1293
MA-0170-S18_LF4.dw.png;MA-0170;34.660007;-3.860679462;2024;Mediterranean;colony;New material;915;1102;988;1101;1132;1359;1124;1183;1176;916;1360;1362;1546;1476;1491;1399;1647;1289;1558;1233;1675;1123;1691;995;1746;903;1765;1448;1900;1322;2161;1201;2305;1190;2330;1103;484;1364
MA-0170-S18_LF5.dw.png;MA-0170;34.660007;-3.860679462;2024;Mediterranean;colony;New material;876;1026;952;1018;1128;1289;1132;1115;1169;806;1415;1294;1601;1404;1538;1330;1672;1208;1570;1141;1704;1026;1714;881;1779;774;1831;1362;1941;1238;2218;1097;2352;1077;2386;976;460;1317
MA-0170-S18_LF6.dw.png;MA-0170;34.660007;-3.860679462;2024;Mediterranean;colony;New material;1095;1031;1153;1028;1313;1316;1304;1128;1361;850;1564;1330;1742;1441;1694;1372;1851;1262;1736;1177;1886;1075;1900;934;1953;824;1977;1412;2091;1303;2358;1164;2484;1148;2524;1049;656;1298
MA-0170-S18_LF7.dw.png;MA-0170;34.660007;-3.860679462;2024;Mediterranean;colony;New material;1072;1058;1152;1050;1297;1298;1293;1133;1329;861;1564;1305;1753;1408;1684;1333;1854;1232;1736;1165;1865;1066;1881;921;1929;819;1994;1368;2096;1250;2384;1120;2500;1114;2509;1025;629;1310
MA-0170-S18_LF8.dw.png;MA-0170;34.660007;-3.860679462;2024;Mediterranean;colony;New material;1050;899;1116;894;1249;1174;1278;984;1318;686;1551;1188;1720;1293;1666;1220;1838;1108;1720;1032;1849;930;1860;783;1940;671;1953;1267;2072;1140;2361;1020;2487;1006;2510;899;610;1173
MA-0170-S18_LF9.dw.png;MA-0170;34.660007;-3.860679462;2024;Mediterranean;colony;New material;951;1221;1041;1222;1119;1478;1187;1305;1215;1047;1435;1516;1610;1632;1559;1558;1726;1450;1614;1374;1746;1274;1776;1137;1839;1030;1869;1602;2010;1487;2282;1367;2420;1354;2446;1267;526;1443
MA-0170-S18_RF1.dw.png;MA-0170;34.660007;-3.860679462;2024;Mediterranean;colony;New material;1170;1149;1258;1143;1397;1405;1408;1227;1432;955;1654;1408;1849;1521;1792;1444;1958;1338;1840;1268;1967;1159;1986;1034;2028;919;2102;1482;2203;1359;2470;1228;2593;1222;2641;1134;757;1419
MA-0170-S18_RF10.dw.png;MA-0170;34.660007;-3.860679462;2024;Mediterranean;colony;New material;962;1104;1033;1100;1172;1372;1185;1187;1213;891;1432;1387;1607;1501;1551;1423;1717;1307;1635;1250;1739;1124;1753;990;1820;867;1869;1467;1996;1344;2280;1203;2381;1191;2427;1094;506;1353
MA-0170-S18_RF12.dw.png;MA-0170;34.660007;-3.860679462;2024;Mediterranean;colony;New material;1236;1025;1298;1021;1418;1300;1450;1114;1488;828;1729;1328;1897;1436;1840;1361;2001;1246;1874;1162;2020;1045;2038;896;2097;788;2121;1402;2244;1282;2549;1127;2653;1116;2689;1005;786;1283
MA-0170-S18_RF13.dw.png;MA-0170;34.660007;-3.860679462;2024;Mediterranean;colony;New material;938;1006;997;998;1151;1281;1170;1097;1198;799;1435;1296;1619;1409;1573;1333;1731;1204;1630;1132;1757;1021;1758;877;1817;762;1870;1360;1985;1236;2299;1093;2417;1075;2457;980;456;1269
MA-0170-S18_RF14.dw.png;MA-0170;34.660007;-3.860679462;2024;Mediterranean;colony;New material;1069;949;1139;939;1282;1204;1324;1032;1338;737;1590;1207;1778;1298;1725;1232;1863;1118;1762;1052;1875;931;1876;789;1931;672;2012;1252;2112;1139;2411;983;2515;964;2556;863;654;1222
MA-0170-S18_RF15.dw.png;MA-0170;34.660007;-3.860679462;2024;Mediterranean;colony;New material;1063;984;1135;976;1286;1247;1313;1077;1326;786;1569;1264;1743;1375;1691;1303;1861;1180;1735;1108;1870;998;1897;869;1954;754;1981;1337;2113;1208;2364;1075;2496;1061;2531;958;641;1267
MA-0170-S18_RF16.dw.png;MA-0170;34.660007;-3.860679462;2024;Mediterranean;colony;New material;959;1070;1030;1068;1195;1354;1184;1161;1235;870;1456;1365;1624;1475;1571;1400;1742;1290;1630;1217;1760;1102;1785;970;1853;865;1869;1437;1997;1316;2255;1197;2383;1188;2421;1087;501;1344
MA-0170-S18_RF17.dw.png;MA-0170;34.660007;-3.860679462;2024;Mediterranean;colony;New material;1060;1118;1130;1114;1301;1396;1285;1204;1331;913;1562;1402;1725;1503;1677;1434;1846;1319;1732;1250;1859;1131;1880;1000;1950;893;1976;1468;2102;1339;2359;1215;2482;1203;2520;1101;608;1404
MA-0170-S18_RF18.dw.png;MA-0170;34.660007;-3.860679462;2024;Mediterranean;colony;New material;1013;935;1096;935;1199;1207;1244;1033;1276;747;1522;1235;1705;1350;1641;1271;1787;1163;1683;1085;1804;979;1813;841;1887;729;1934;1317;2041;1206;2335;1068;2453;1057;2486;959;545;1181
MA-0170-S18_RF19.dw.png;MA-0170;34.660007;-3.860679462;2024;Mediterranean;colony;New material;937;877;1002;871;1144;1161;1152;966;1190;694;1408;1175;1582;1286;1525;1209;1697;1098;1593;1023;1720;919;1735;785;1796;679;1833;1251;1951;1125;2216;998;2348;985;2369;887;501;1153
MA-0170-S18_RF2.dw.png;MA-0170;34.660007;-3.860679462;2024;Mediterranean;colony;New material;1066;1085;1140;1077;1296;1355;1299;1167;1324;892;1563;1368;1736;1476;1670;1396;1825;1275;1736;1210;1863;1105;1884;964;1941;867;1989;1433;2090;1309;2356;1173;2485;1160;2493;1068;641;1376
MA-0170-S18_RF20.dw.png;MA-0170;34.660007;-3.860679462;2024;Mediterranean;colony;New material;1152;1118;1232;1117;1368;1401;1369;1206;1415;927;1629;1411;1811;1514;1764;1449;1913;1328;1807;1252;1947;1146;1965;1008;2020;897;2056;1483;2165;1358;2437;1219;2552;1207;2579;1108;731;1397
MA-0170-S18_RF3.dw.png;MA-0170;34.660007;-3.860679462;2024;Mediterranean;colony;New material;1043;1113;1126;1106;1249;1360;1299;1197;1301;907;1540;1368;1743;1480;1670;1402;1828;1279;1724;1218;1853;1096;1869;969;1908;871;1990;1437;2095;1311;2392;1160;2497;1154;2550;1069;615;1382
MA-0170-S18_RF4.dw.png;MA-0170;34.660007;-3.860679462;2024;Mediterranean;colony;New material;984;1160;1060;1158;1211;1411;1195;1233;1242;970;1414;1411;1613;1529;1551;1450;1713;1337;1622;1278;1733;1169;1754;1037;1808;939;1834;1488;1964;1361;2224;1232;2378;1212;2395;1129;560;1438
MA-0170-S18_RF5.dw.png;MA-0170;34.660007;-3.860679462;2024;Mediterranean;colony;New material;1025;993;1096;988;1257;1272;1269;1088;1324;783;1545;1288;1726;1397;1667;1326;1809;1215;1713;1144;1846;1035;1867;900;1936;780;1952;1361;2082;1250;2348;1121;2487;1100;2520;994;580;1259
MA-0170-S18_RF6.dw.png;MA-0170;34.660007;-3.860679462;2024;Mediterranean;colony;New material;1087;969;1143;964;1314;1252;1300;1061;1342;777;1562;1265;1739;1370;1687;1299;1837;1188;1725;1110;1873;1005;1879;860;1929;751;1967;1336;2086;1218;2351;1077;2471;1066;2499;972;649;1244
MA-0170-S18_RF7.dw.png;MA-0170;34.660007;-3.860679462;2024;Mediterranean;colony;New material;1046;802;1116;794;1270;1061;1265;876;1294;602;1538;1068;1721;1173;1657;1096;1827;981;1703;909;1833;797;1842;649;1893;533;1956;1129;2061;1003;2358;846;2471;825;2494;726;610;1076
MA-0170-S18_RF8.dw.png;MA-0170;34.660007;-3.860679462;2024;Mediterranean;colony;New material;885;946;958;937;1089;1217;1117;1029;1169;726;1397;1225;1579;1330;1515;1257;1673;1136;1567;1066;1696;957;1705;814;1777;707;1806;1292;1918;1168;2217;1034;2339;1023;2358;925;448;1225
MA-0170-S18_RF9.dw.png;MA-0170;34.660007;-3.860679462;2024;Mediterranean;colony;New material;1059;1074;1147;1071;1240;1325;1295;1150;1344;873;1555;1352;1729;1460;1677;1387;1832;1270;1722;1201;1847;1085;1866;940;1932;834;1981;1425;2115;1295;2378;1169;2517;1155;2554;1054;647;1316
MA-0171-S19_LF1.dw.png;MA-0171;33.93511108;-3.83324743;2024;Mediterranean;colony;New material;1168;975;1234;967;1386;1235;1411;1060;1430;766;1676;1242;1869;1350;1795;1273;1964;1161;1849;1096;1968;985;1967;832;2017;716;2108;1309;2217;1189;2474;1057;2592;1035;2605;933;723;1247
MA-0171-S19_LF10.dw.png;MA-0171;33.93511108;-3.83324743;2024;Mediterranean;colony;New material;966;1150;1055;1148;1174;1433;1238;1253;1266;950;1499;1449;1690;1562;1626;1488;1791;1367;1680;1295;1819;1173;1841;1030;1914;923;1931;1526;2064;1395;2358;1255;2489;1237;2511;1124;519;1418
MA-0171-S19_LF11.dw.png;MA-0171;33.93511108;-3.83324743;2024;Mediterranean;colony;New material;887;1100;960;1092;1151;1356;1147;1186;1155;891;1412;1356;1586;1456;1529;1384;1714;1267;1597;1203;1722;1094;1743;955;1807;850;1853;1418;1966;1287;2230;1165;2378;1152;2403;1064;459;1380
MA-0171-S19_LF12.dw.png;MA-0171;33.93511108;-3.83324743;2024;Mediterranean;colony;New material;1084;953;1172;944;1334;1229;1344;1045;1345;748;1639;1241;1794;1336;1745;1265;1917;1145;1769;1072;1916;950;1917;807;1970;699;2041;1289;2153;1165;2449;1008;2572;984;2602;880;673;1257
MA-0171-S19_LF13.dw.png;MA-0171;33.93511108;-3.83324743;2024;Mediterranean;colony;New material;1027;1050;1125;1042;1270;1321;1291;1140;1297;840;1552;1329;1723;1432;1662;1357;1828;1234;1732;1173;1865;1049;1876;897;1917;777;1988;1390;2106;1264;2399;1109;2501;1092;2526;990;564;1319
MA-0171-S19_LF14.dw.png;MA-0171;33.93511108;-3.83324743;2024;Mediterranean;colony;New material;1000;1019;1088;1009;1268;1291;1255;1095;1262;812;1549;1285;1705;1377;1655;1312;1810;1183;1685;1114;1834;999;1849;859;1896;753;1956;1330;2076;1196;2317;1060;2442;1044;2468;950;584;1316
MA-0171-S19_LF16.dw.png;MA-0171;33.93511108;-3.83324743;2024;Mediterranean;colony;New material;980;1036;1067;1036;1221;1332;1246;1143;1276;836;1528;1355;1694;1463;1641;1389;1808;1275;1709;1207;1820;1081;1834;939;1892;830;1935;1436;2062;1322;2370;1177;2486;1167;2521;1065;561;1313
MA-0171-S19_LF17.dw.png;MA-0171;33.93511108;-3.83324743;2024;Mediterranean;colony;New material;1068;984;1145;976;1287;1264;1309;1078;1329;782;1581;1272;1757;1382;1696;1303;1852;1180;1753;1113;1890;1005;1916;860;1969;750;2004;1336;2138;1211;2400;1070;2533;1052;2565;959;641;1259
MA-0171-S19_LF18.dw.png;MA-0171;33.93511108;-3.83324743;2024;Mediterranean;colony;New material;944;967;1032;962;1167;1227;1192;1060;1236;774;1434;1233;1642;1345;1580;1269;1745;1161;1649;1095;1786;988;1802;854;1863;741;1873;1317;2012;1195;2309;1059;2446;1040;2473;936;507;1225
MA-0171-S19_LF2.dw.png;MA-0171;33.93511108;-3.83324743;2024;Mediterranean;colony;New material;920;873;1011;868;1153;1133;1181;963;1209;658;1447;1125;1654;1234;1588;1159;1736;1048;1645;989;1765;870;1783;731;1850;616;1885;1194;1993;1072;2273;933;2427;911;2449;807;469;1149
MA-0171-S19_LF3.dw.png;MA-0171;33.93511108;-3.83324743;2024;Mediterranean;colony;New material;1054;1021;1121;1010;1301;1294;1320;1113;1337;820;1593;1290;1771;1389;1718;1317;1875;1197;1759;1131;1894;1011;1911;862;1965;751;2024;1335;2142;1217;2409;1055;2531;1022;2551;915;626;1310
MA-0171-S19_LF4.dw.png;MA-0171;33.93511108;-3.83324743;2024;Mediterranean;colony;New material;1015;1144;1099;1130;1249;1397;1248;1210;1273;917;1519;1387;1714;1495;1652;1416;1827;1295;1708;1218;1834;1109;1839;981;1884;853;1971;1444;2074;1320;2410;1140;2524;1118;2526;1022;621;1462
MA-0171-S19_LF5.dw.png;MA-0171;33.93511108;-3.83324743;2024;Mediterranean;colony;New material;840;1057;931;1054;1043;1322;1080;1140;1122;835;1368;1334;1553;1440;1493;1362;1661;1250;1551;1180;1661;1050;1675;907;1739;789;1793;1399;1919;1269;2204;1121;2318;1100;2334;990;397;1349
MA-0171-S19_LF6.dw.png;MA-0171;33.93511108;-3.83324743;2024;Mediterranean;colony;New material;1022;958;1116;956;1254;1251;1294;1071;1322;766;1563;1274;1722;1383;1661;1303;1834;1197;1750;1138;1847;1006;1867;869;1939;761;1960;1355;2073;1246;2401;1100;2514;1089;2559;989;581;1222
MA-0171-S19_LF7.dw.png;MA-0171;33.93511108;-3.83324743;2024;Mediterranean;colony;New material;956;961;1045;959;1180;1239;1208;1061;1251;757;1468;1251;1671;1367;1604;1290;1785;1173;1664;1099;1810;985;1837;840;1888;723;1913;1330;2054;1206;2356;1070;2480;1053;2523;949;500;1226
MA-0171-S19_LF8.dw.png;MA-0171;33.93511108;-3.83324743;2024;Mediterranean;colony;New material;1025;946;1117;937;1278;1237;1275;1033;1309;742;1563;1251;1723;1360;1666;1287;1840;1163;1724;1089;1879;970;1894;822;1939;709;1975;1319;2105;1198;2376;1062;2515;1038;2557;941;571;1224
MA-0171-S19_LF9.dw.png;MA-0171;33.93511108;-3.83324743;2024;Mediterranean;colony;New material;949;1015;1011;1009;1156;1298;1149;1088;1210;804;1398;1306;1606;1411;1565;1339;1717;1217;1608;1148;1761;1024;1766;879;1818;761;1881;1368;1999;1249;2287;1103;2406;1084;2424;980;498;1303
MA-0171-S19_RF1.dw.png;MA-0171;33.93511108;-3.83324743;2024;Mediterranean;colony;New material;1142;1148;1213;1143;1354;1424;1374;1237;1401;946;1638;1437;1816;1544;1758;1470;1931;1361;1826;1296;1944;1182;1946;1031;2001;916;2079;1508;2180;1395;2436;1263;2559;1246;2578;1137;688;1415
MA-0171-S19_RF10.dw.png;MA-0171;33.93511108;-3.83324743;2024;Mediterranean;colony;New material;1099;988;1189;984;1298;1274;1361;1092;1395;790;1621;1299;1812;1417;1748;1336;1905;1220;1805;1153;1937;1029;1956;886;1991;768;2042;1389;2168;1256;2457;1126;2601;1109;2622;1001;652;1239
MA-0171-S19_RF11.dw.png;MA-0171;33.93511108;-3.83324743;2024;Mediterranean;colony;New material;1022;969;1088;961;1276;1252;1267;1062;1293;767;1533;1263;1691;1371;1639;1294;1836;1180;1707;1103;1843;990;1868;850;1940;734;1954;1334;2083;1205;2346;1073;2511;1054;2533;953;584;1246
MA-0171-S19_RF12.dw.png;MA-0171;33.93511108;-3.83324743;2024;Mediterranean;colony;New material;1147;1015;1226;1005;1394;1306;1395;1110;1415;812;1677;1325;1837;1426;1787;1355;1953;1237;1819;1161;1973;1046;1979;908;2039;790;2077;1386;2200;1265;2502;1119;2622;1100;2645;998;725;1307
MA-0171-S19_RF13.dw.png;MA-0171;33.93511108;-3.83324743;2024;Mediterranean;colony;New material;844;1163;939;1153;1093;1439;1114;1252;1114;949;1365;1445;1545;1550;1478;1476;1663;1357;1548;1287;1673;1165;1684;1012;1738;893;1793;1512;1914;1384;2195;1230;2315;1210;2343;1106;383;1442
MA-0171-S19_RF14.dw.png;MA-0171;33.93511108;-3.83324743;2024;Mediterranean;colony;New material;1149;1020;1229;1014;1366;1301;1396;1113;1407;826;1652;1314;1811;1422;1766;1347;1924;1222;1813;1150;1958;1040;1981;900;2031;789;2070;1377;2195;1250;2438;1116;2571;1098;2601;998;709;1288
MA-0171-S19_RF15.dw.png;MA-0171;33.93511108;-3.83324743;2024;Mediterranean;colony;New material;1047;1007;1132;999;1285;1291;1313;1110;1338;811;1581;1303;1750;1406;1702;1334;1858;1219;1733;1138;1879;1029;1904;888;1969;775;1993;1368;2114;1255;2408;1104;2524;1086;2528;974;612;1290
MA-0171-S19_RF16.dw.png;MA-0171;33.93511108;-3.83324743;2024;Mediterranean;colony;New material;1136;1113;1231;1112;1364;1409;1395;1222;1421;914;1675;1437;1834;1548;1781;1470;1942;1350;1845;1280;1958;1160;1982;1017;2044;906;2089;1515;2210;1402;2519;1251;2635;1240;2668;1143;718;1402
MA-0171-S19_RF17.dw.png;MA-0171;33.93511108;-3.83324743;2024;Mediterranean;colony;New material;1234;1153;1318;1147;1450;1430;1489;1252;1498;952;1747;1442;1914;1552;1866;1479;2031;1361;1916;1292;2060;1183;2083;1037;2143;928;2171;1513;2307;1391;2563;1254;2705;1236;2734;1140;811;1414
MA-0171-S19_RF18.dw.png;MA-0171;33.93511108;-3.83324743;2024;Mediterranean;colony;New material;876;1150;960;1146;1090;1416;1127;1248;1151;954;1365;1426;1577;1532;1513;1464;1681;1362;1572;1290;1715;1188;1734;1055;1796;935;1806;1506;1940;1394;2241;1259;2378;1238;2402;1138;433;1405
MA-0171-S19_RF2.dw.png;MA-0171;33.93511108;-3.83324743;2024;Mediterranean;colony;New material;1057;1039;1140;1033;1290;1307;1307;1135;1348;830;1569;1310;1776;1418;1712;1347;1862;1244;1762;1180;1891;1068;1917;929;1993;802;2000;1383;2121;1268;2393;1138;2554;1104;2577;999;605;1304
MA-0171-S19_RF3.dw.png;MA-0171;33.93511108;-3.83324743;2024;Mediterranean;colony;New material;1099;1145;1178;1138;1336;1416;1365;1240;1388;938;1626;1419;1821;1520;1755;1447;1913;1329;1807;1258;1940;1139;1961;991;2021;879;2067;1474;2183;1353;2458;1195;2581;1173;2605;1065;678;1433
MA-0171-S19_RF4.dw.png;MA-0171;33.93511108;-3.83324743;2024;Mediterranean;colony;New material;1117;923;1191;913;1318;1203;1351;1010;1386;717;1584;1216;1781;1338;1720;1256;1892;1141;1796;1064;1932;956;1949;808;2010;689;2048;1304;2155;1193;2496;1024;2624;1005;2637;898;689;1198
MA-0171-S19_RF5.dw.png;MA-0171;33.93511108;-3.83324743;2024;Mediterranean;colony;New material;1182;873;1270;872;1374;1152;1429;969;1460;663;1693;1167;1883;1280;1810;1199;1967;1085;1875;1013;1994;897;2010;754;2081;639;2119;1246;2241;1116;2524;970;2656;951;2670;851;731;1158
MA-0171-S19_RF6.dw.png;MA-0171;33.93511108;-3.83324743;2024;Mediterranean;colony;New material;1079;1134;1164;1130;1305;1429;1336;1235;1365;934;1625;1442;1790;1544;1727;1466;1890;1356;1785;1289;1895;1165;1914;1023;1983;908;2028;1506;2130;1393;2437;1233;2575;1217;2610;1129;648;1419
MA-0171-S19_RF7.dw.png;MA-0171;33.93511108;-3.83324743;2024;Mediterranean;colony;New material;891;914;976;903;1131;1180;1155;1000;1172;694;1416;1186;1631;1287;1558;1219;1731;1091;1610;1024;1742;900;1762;754;1807;635;1872;1247;1998;1115;2284;966;2421;944;2451;843;453;1199
MA-0171-S19_RF8.dw.png;MA-0171;33.93511108;-3.83324743;2024;Mediterranean;colony;New material;1075;1050;1160;1044;1319;1347;1320;1139;1360;850;1594;1364;1762;1477;1710;1403;1877;1275;1756;1192;1921;1079;1943;931;1992;824;2002;1444;2136;1313;2427;1177;2560;1163;2596;1060;619;1328
MA-0171-S19_RF9.dw.png;MA-0171;33.93511108;-3.83324743;2024;Mediterranean;colony;New material;1174;1219;1232;1213;1382;1499;1372;1288;1424;1001;1621;1499;1837;1602;1770;1536;1946;1408;1830;1332;1977;1209;1972;1066;2024;945;2099;1556;2217;1427;2501;1271;2622;1252;2633;1149;731;1524
MA-0172-S1_LF1.dw.png;MA-0172;34.573589;-4.597209;2024;Mediterranean;colony;New material;1095;1135;1174;1129;1337;1406;1336;1219;1389;937;1598;1415;1778;1527;1718;1449;1878;1340;1779;1270;1924;1153;1935;1007;1999;903;1996;1490;2143;1373;2461;1226;2560;1212;2598;1106;663;1412
MA-0172-S1_LF2.dw.png;MA-0172;34.573589;-4.597209;2024;Mediterranean;colony;New material;1193;1136;1257;1125;1457;1405;1444;1209;1449;907;1720;1395;1918;1495;1841;1424;1998;1289;1873;1221;1994;1091;2008;948;2045;833;2127;1449;2255;1297;2517;1137;2652;1112;2677;1012;757;1456
MA-0172-S1_LF3.dw.png;MA-0172;34.573589;-4.597209;2024;Mediterranean;flower;New material;994;1192;1088;1187;1242;1470;1254;1280;1268;995;1528;1483;1696;1575;1649;1515;1816;1409;1695;1337;1834;1230;1847;1087;1894;968;1943;1540;2073;1443;2382;1294;2490;1276;2520;1181;556;1464
MA-0172-S1_LF4.dw.png;MA-0172;34.573589;-4.597209;2024;Mediterranean;flower;New material;950;1077;1030;1073;1150;1359;1186;1175;1227;892;1423;1382;1608;1500;1555;1422;1718;1316;1597;1229;1760;1128;1792;991;1858;891;1834;1477;1978;1362;2282;1238;2412;1227;2439;1126;500;1330
MA-0172-S1_LF5.dw.png;MA-0172;34.573589;-4.597209;2024;Mediterranean;flower;New material;1056;1156;1137;1148;1295;1432;1283;1234;1342;956;1580;1437;1762;1541;1692;1467;1832;1346;1725;1278;1877;1158;1891;1008;1953;900;1992;1502;2111;1375;2404;1213;2538;1190;2576;1092;621;1449
MA-0172-S1_LF6.dw.png;MA-0172;34.573589;-4.597209;2024;Mediterranean;flower;New material;1065;1018;1139;1016;1297;1292;1282;1102;1340;845;1553;1309;1744;1424;1690;1351;1854;1243;1747;1169;1875;1078;1889;953;1954;841;1980;1393;2102;1283;2389;1149;2500;1125;2518;1033;619;1283
MA-0172-S1_LF7.dw.png;MA-0172;34.573589;-4.597209;2024;Mediterranean;flower;New material;1087;1193;1157;1185;1320;1468;1330;1281;1368;990;1613;1482;1796;1590;1731;1516;1900;1402;1776;1316;1912;1205;1936;1061;2004;965;2022;1555;2144;1436;2469;1292;2594;1274;2627;1173;645;1449
MA-0172-S1_LF8.dw.png;MA-0172;34.573589;-4.597209;2024;Mediterranean;flower;New material;1038;1166;1123;1159;1280;1444;1287;1253;1312;964;1556;1452;1727;1555;1685;1489;1853;1362;1713;1290;1861;1165;1877;1019;1934;906;1968;1514;2103;1381;2387;1224;2519;1201;2539;1092;610;1441
MA-0172-S1_RF1.dw.png;MA-0172;34.573589;-4.597209;2024;Mediterranean;flower;New material;941;1227;1020;1216;1202;1485;1195;1300;1221;1010;1465;1479;1650;1576;1581;1505;1743;1388;1631;1320;1771;1201;1779;1059;1829;948;1876;1535;2015;1399;2324;1239;2424;1219;2448;1132;536;1530
MA-0172-S1_RF2.dw.png;MA-0172;34.573589;-4.597209;2024;Mediterranean;flower;New material;929;1097;999;1094;1158;1388;1158;1182;1186;888;1411;1394;1609;1511;1541;1430;1708;1308;1591;1233;1720;1109;1730;965;1780;855;1817;1480;1956;1338;2233;1195;2373;1172;2414;1076;453;1386
MA-0172-S1_RF3.dw.png;MA-0172;34.573589;-4.597209;2024;Mediterranean;flower;New material;1035;1123;1116;1117;1261;1406;1272;1210;1290;918;1553;1427;1720;1538;1672;1463;1847;1354;1725;1275;1868;1168;1877;1012;1938;902;1964;1503;2109;1395;2419;1252;2528;1240;2562;1138;581;1386
MA-0172-S1_RF4.dw.png;MA-0172;34.573589;-4.597209;2024;Mediterranean;flower;New material;985;1157;1066;1146;1209;1425;1228;1236;1240;949;1476;1418;1672;1527;1605;1448;1771;1327;1627;1252;1788;1137;1802;995;1866;892;1891;1486;2025;1352;2315;1202;2448;1180;2469;1083;548;1441
MA-0172-S1_RF5.dw.png;MA-0172;34.573589;-4.597209;2024;Mediterranean;flower;New material;890;1041;971;1035;1098;1295;1105;1112;1161;823;1386;1294;1544;1390;1485;1317;1640;1201;1532;1136;1683;1016;1698;869;1770;770;1759;1354;1906;1225;2197;1080;2341;1067;2387;981;449;1317
MA-0172-S1_RF6.dw.png;MA-0172;34.573589;-4.597209;2024;Mediterranean;flower;New material;962;1081;1042;1071;1203;1337;1178;1143;1225;875;1458;1334;1652;1439;1592;1367;1755;1248;1647;1179;1751;1069;1756;932;1811;821;1870;1400;1995;1271;2266;1114;2382;1090;2408;991;535;1372
MA-0172-S1_RF7.dw.png;MA-0172;34.573589;-4.597209;2024;Mediterranean;flower;New material;991;1163;1058;1152;1231;1429;1238;1242;1252;944;1515;1427;1705;1534;1642;1459;1807;1334;1671;1251;1802;1144;1827;1000;1886;896;1927;1487;2053;1357;2377;1198;2496;1176;2533;1084;569;1453
MA-0173-S20_LF1.dw.png;MA-0173;33.90565387;-3.783495377;2024;Mediterranean;colony;New material;1014;1060;1094;1056;1238;1343;1234;1148;1267;860;1506;1361;1683;1474;1618;1393;1776;1276;1679;1203;1812;1084;1832;935;1888;834;1912;1446;2034;1316;2324;1170;2456;1156;2493;1046;586;1346
MA-0173-S20_LF10.dw.png;MA-0173;33.90565387;-3.783495377;2024;Mediterranean;colony;New material;881;1022;971;1023;1095;1289;1136;1125;1171;838;1372;1305;1539;1411;1484;1335;1638;1226;1543;1158;1680;1054;1685;913;1742;800;1777;1379;1890;1255;2163;1130;2299;1119;2335;1029;435;1267
MA-0173-S20_LF11.dw.png;MA-0173;33.90565387;-3.783495377;2024;Mediterranean;colony;New material;1175;943;1256;938;1418;1222;1408;1043;1455;771;1679;1234;1838;1339;1787;1265;1961;1163;1829;1092;1976;990;1998;854;2053;733;2065;1319;2205;1195;2508;1072;2618;1058;2648;961;745;1198
MA-0173-S20_LF12.dw.png;MA-0173;33.90565387;-3.783495377;2024;Mediterranean;colony;New material;1012;1078;1081;1073;1253;1354;1278;1178;1291;890;1544;1373;1723;1482;1661;1405;1806;1288;1694;1217;1839;1108;1855;967;1914;862;1949;1446;2069;1325;2346;1184;2473;1164;2488;1067;571;1336
MA-0173-S20_LF14.dw.png;MA-0173;33.90565387;-3.783495377;2024;Mediterranean;colony;New material;1081;1188;1134;1182;1284;1467;1328;1288;1366;994;1583;1480;1766;1591;1704;1512;1878;1401;1778;1330;1931;1218;1938;1071;1987;965;2041;1549;2144;1428;2415;1289;2556;1275;2600;1196;648;1463
MA-0173-S20_LF15.dw.png;MA-0173;33.90565387;-3.783495377;2024;Mediterranean;colony;New material;1111;801;1180;795;1327;1052;1347;882;1378;604;1595;1058;1765;1165;1709;1090;1853;977;1766;915;1889;804;1904;668;1940;565;2002;1130;2100;1009;2361;878;2503;861;2534;786;674;1044
MA-0173-S20_LF16.dw.png;MA-0173;33.90565387;-3.783495377;2024;Mediterranean;colony;New material;1071;1030;1141;1020;1301;1298;1285;1103;1325;822;1562;1302;1737;1410;1692;1341;1848;1219;1728;1153;1858;1035;1888;904;1956;795;1971;1372;2107;1240;2394;1097;2509;1079;2540;987;640;1294
MA-0173-S20_LF17.dw.png;MA-0173;33.90565387;-3.783495377;2024;Mediterranean;colony;New material;993;1031;1072;1022;1230;1290;1243;1109;1268;827;1514;1298;1680;1403;1625;1331;1793;1217;1666;1134;1803;1028;1810;892;1866;785;1933;1366;2047;1237;2323;1103;2446;1095;2475;1012;577;1295
MA-0173-S20_LF18.dw.png;MA-0173;33.90565387;-3.783495377;2024;Mediterranean;colony;New material;738;832;800;826;927;1116;968;929;1014;665;1220;1127;1403;1228;1351;1162;1503;1051;1387;973;1522;868;1551;729;1615;623;1630;1197;1746;1092;2029;947;2143;933;2167;845;337;1123
MA-0173-S20_LF19.dw.png;MA-0173;33.90565387;-3.783495377;2024;Mediterranean;colony;New material;1042;1071;1099;1064;1270;1348;1264;1151;1323;864;1551;1356;1719;1458;1669;1385;1841;1270;1725;1201;1849;1068;1864;923;1923;815;1940;1428;2091;1294;2382;1150;2496;1137;2518;1029;590;1338
MA-0173-S20_LF2.dw.png;MA-0173;33.90565387;-3.783495377;2024;Mediterranean;colony;New material;985;988;1060;982;1203;1253;1219;1074;1260;793;1475;1268;1680;1390;1615;1306;1768;1190;1673;1121;1801;1009;1824;878;1870;764;1920;1359;2045;1231;2327;1091;2452;1077;2492;1001;539;1261
MA-0173-S20_LF20.dw.png;MA-0173;33.90565387;-3.783495377;2024;Mediterranean;colony;New material;921;1301;992;1299;1097;1561;1157;1392;1213;1114;1381;1593;1575;1713;1516;1636;1690;1526;1593;1455;1732;1342;1758;1205;1817;1111;1821;1694;1951;1572;2241;1438;2366;1426;2419;1338;461;1537
MA-0173-S20_LF3.dw.png;MA-0173;33.90565387;-3.783495377;2024;Mediterranean;colony;New material;900;823;962;820;1091;1092;1133;927;1172;636;1354;1117;1558;1246;1489;1162;1659;1057;1549;985;1688;876;1716;742;1786;641;1784;1225;1924;1102;2210;988;2344;982;2382;892;454;1047
MA-0173-S20_LF4.dw.png;MA-0173;33.90565387;-3.783495377;2024;Mediterranean;colony;New material;934;1039;1012;1034;1150;1315;1176;1140;1225;860;1437;1338;1602;1451;1566;1380;1670;1260;1593;1194;1729;1093;1751;958;1812;863;1824;1431;1938;1318;2230;1193;2357;1182;2390;1100;481;1286
MA-0173-S20_LF5.dw.png;MA-0173;33.90565387;-3.783495377;2024;Mediterranean;colony;New material;1199;1174;1262;1170;1374;1447;1404;1256;1477;975;1662;1458;1865;1565;1800;1492;1961;1374;1858;1298;1995;1199;2008;1059;2068;944;2089;1530;2198;1411;2490;1262;2593;1249;2613;1155;757;1449
MA-0173-S20_LF6.dw.png;MA-0173;33.90565387;-3.783495377;2024;Mediterranean;colony;New material;866;869;929;866;1078;1163;1099;980;1162;695;1368;1198;1522;1303;1484;1237;1641;1125;1539;1056;1672;944;1682;802;1732;706;1775;1285;1891;1171;2157;1046;2294;1041;2305;961;415;1106
MA-0173-S20_LF7.dw.png;MA-0173;33.90565387;-3.783495377;2024;Mediterranean;colony;New material;961;844;1033;842;1200;1130;1196;939;1250;664;1447;1148;1614;1263;1563;1187;1707;1070;1609;992;1764;894;1782;756;1839;642;1857;1234;1967;1119;2251;989;2398;979;2440;893;504;1102
MA-0173-S20_LF8.dw.png;MA-0173;33.90565387;-3.783495377;2024;Mediterranean;colony;New material;1049;735;1126;729;1268;989;1291;813;1332;527;1553;996;1753;1105;1681;1029;1854;915;1723;847;1868;740;1891;612;1941;497;1989;1069;2124;940;2409;814;2526;808;2561;720;618;1006
MA-0173-S20_RF1.dw.png;MA-0173;33.90565387;-3.783495377;2024;Mediterranean;colony;New material;1046;1006;1128;1001;1249;1287;1256;1086;1295;806;1549;1307;1712;1418;1646;1333;1803;1221;1702;1150;1831;1029;1851;878;1881;760;1943;1383;2058;1256;2339;1112;2474;1096;2511;987;613;1296
MA-0173-S20_RF10.dw.png;MA-0173;33.90565387;-3.783495377;2024;Mediterranean;colony;New material;1214;993;1292;991;1413;1269;1449;1093;1467;809;1683;1288;1848;1398;1797;1323;1952;1210;1855;1141;1984;1042;1993;902;2056;784;2077;1370;2204;1247;2460;1127;2607;1115;2643;1020;771;1242
MA-0173-S20_RF11.dw.png;MA-0173;33.90565387;-3.783495377;2024;Mediterranean;colony;New material;1001;1122;1076;1120;1210;1390;1209;1215;1262;944;1464;1398;1630;1502;1579;1428;1753;1326;1623;1251;1757;1140;1771;998;1825;883;1863;1471;1993;1340;2280;1194;2400;1178;2426;1097;572;1363
MA-0173-S20_RF12.dw.png;MA-0173;33.90565387;-3.783495377;2024;Mediterranean;colony;New material;1217;1001;1279;1000;1429;1246;1477;1099;1487;810;1719;1257;1896;1354;1831;1280;1970;1167;1881;1112;2019;1006;2019;861;2078;763;2125;1315;2237;1190;2513;1054;2643;1038;2659;961;768;1242
MA-0173-S20_RF14.dw.png;MA-0173;33.90565387;-3.783495377;2024;Mediterranean;colony;New material;1163;1057;1217;1052;1362;1333;1400;1156;1429;877;1636;1341;1830;1454;1767;1374;1929;1261;1829;1189;1984;1087;1996;940;2050;830;2092;1412;2214;1284;2476;1148;2622;1133;2666;1045;729;1328
MA-0173-S20_RF15.dw.png;MA-0173;33.90565387;-3.783495377;2024;Mediterranean;colony;New material;1209;1166;1284;1160;1404;1416;1445;1247;1466;969;1687;1423;1853;1533;1799;1456;1939;1342;1843;1278;1973;1168;1993;1037;2035;926;2075;1493;2175;1373;2449;1232;2589;1218;2625;1139;772;1412
MA-0173-S20_RF16.dw.png;MA-0173;33.90565387;-3.783495377;2024;Mediterranean;colony;New material;992;1218;1068;1213;1225;1501;1212;1301;1263;1016;1492;1511;1665;1621;1622;1551;1780;1433;1681;1369;1799;1243;1836;1110;1909;1003;1926;1584;2037;1468;2341;1325;2452;1310;2489;1208;547;1486
MA-0173-S20_RF17.dw.png;MA-0173;33.90565387;-3.783495377;2024;Mediterranean;colony;New material;934;1109;1026;1102;1162;1374;1188;1197;1212;909;1438;1391;1602;1504;1550;1426;1728;1319;1611;1237;1742;1128;1755;989;1814;887;1861;1467;1982;1344;2254;1210;2390;1203;2429;1110;511;1368
MA-0173-S20_RF18.dw.png;MA-0173;33.90565387;-3.783495377;2024;Mediterranean;colony;New material;1056;1109;1121;1103;1260;1395;1273;1201;1315;918;1533;1409;1712;1514;1659;1445;1811;1335;1701;1257;1833;1154;1858;1017;1929;909;1937;1485;2053;1379;2339;1241;2451;1228;2481;1136;655;1389
MA-0173-S20_RF19.dw.png;MA-0173;33.90565387;-3.783495377;2024;Mediterranean;colony;New material;1245;1210;1317;1203;1454;1489;1459;1289;1528;1008;1733;1504;1895;1613;1847;1539;2021;1424;1909;1344;2041;1231;2059;1090;2120;977;2131;1586;2273;1458;2565;1319;2683;1309;2713;1214;796;1470
MA-0173-S20_RF2.dw.png;MA-0173;33.90565387;-3.783495377;2024;Mediterranean;colony;New material;1003;1203;1073;1198;1222;1470;1224;1284;1267;1003;1475;1479;1686;1607;1622;1523;1781;1411;1674;1333;1799;1225;1825;1090;1878;975;1919;1580;2048;1446;2328;1313;2450;1303;2493;1211;558;1478
MA-0173-S20_RF20.dw.png;MA-0173;33.90565387;-3.783495377;2024;Mediterranean;colony;New material;992;1060;1061;1054;1175;1300;1229;1130;1244;845;1474;1307;1669;1415;1604;1338;1759;1212;1654;1152;1781;1034;1799;900;1849;805;1911;1376;2027;1236;2295;1088;2432;1070;2462;994;560;1331
MA-0173-S20_RF3.dw.png;MA-0173;33.90565387;-3.783495377;2024;Mediterranean;colony;New material;1115;1002;1181;995;1328;1271;1352;1098;1383;821;1606;1289;1777;1396;1730;1327;1843;1211;1758;1138;1883;1036;1909;896;1970;798;1991;1367;2093;1257;2394;1114;2519;1099;2551;1020;662;1255
MA-0173-S20_RF4.dw.png;MA-0173;33.90565387;-3.783495377;2024;Mediterranean;colony;New material;882;1220;951;1215;1097;1483;1109;1330;1151;1022;1355;1495;1550;1610;1490;1533;1644;1411;1546;1349;1664;1236;1679;1097;1746;993;1793;1577;1923;1446;2179;1321;2317;1304;2350;1213;448;1479
MA-0173-S20_RF5.dw.png;MA-0173;33.90565387;-3.783495377;2024;Mediterranean;colony;New material;1171;1010;1232;1006;1337;1286;1376;1097;1451;816;1636;1306;1825;1417;1767;1339;1922;1225;1821;1146;1955;1053;1973;914;2037;800;2047;1385;2155;1271;2446;1128;2563;1119;2593;1018;734;1283
MA-0173-S20_RF6.dw.png;MA-0173;33.90565387;-3.783495377;2024;Mediterranean;colony;New material;1035;993;1107;988;1282;1278;1274;1087;1323;803;1558;1291;1718;1387;1671;1324;1819;1202;1717;1139;1843;1026;1840;882;1892;769;1970;1349;2070;1235;2319;1097;2467;1075;2476;974;604;1261
MA-0173-S20_RF7.dw.png;MA-0173;33.90565387;-3.783495377;2024;Mediterranean;colony;New material;1236;891;1310;889;1450;1173;1471;993;1514;713;1704;1196;1880;1309;1825;1233;1966;1125;1873;1053;2026;945;2045;807;2108;696;2117;1288;2235;1167;2509;1046;2661;1039;2703;950;774;1141
MA-0173-S20_RF8.dw.png;MA-0173;33.90565387;-3.783495377;2024;Mediterranean;colony;New material;937;1028;1009;1022;1137;1293;1172;1115;1211;837;1415;1308;1608;1429;1537;1346;1715;1231;1607;1165;1741;1060;1758;925;1811;814;1850;1397;1988;1265;2274;1130;2399;1121;2443;1035;483;1284
MA-0173-S20_RF9.dw.png;MA-0173;33.90565387;-3.783495377;2024;Mediterranean;colony;New material;993;989;1057;985;1195;1264;1223;1077;1263;820;1472;1270;1656;1382;1597;1303;1744;1180;1672;1129;1804;1022;1814;893;1874;807;1880;1353;2000;1227;2323;1086;2430;1083;2466;1009;539;1260
MA-0174-S21_LF1.dw.png;MA-0174;34.0315;-3.2459;2024;Mediterranean;colony;New material;1045;1052;1116;1049;1254;1335;1287;1152;1322;867;1516;1352;1712;1464;1656;1391;1832;1278;1713;1206;1831;1099;1858;960;1920;849;1941;1438;2069;1311;2325;1182;2468;1165;2496;1067;634;1320
MA-0174-S21_LF10.dw.png;MA-0174;34.0315;-3.2459;2024;Mediterranean;colony;New material;1229;1172;1295;1170;1451;1464;1460;1272;1536;986;1761;1483;1920;1579;1878;1519;2016;1394;1908;1321;2053;1208;2059;1069;2109;966;2158;1552;2261;1429;2549;1284;2675;1271;2696;1191;778;1434
MA-0174-S21_LF11.dw.png;MA-0174;34.0315;-3.2459;2024;Mediterranean;colony;New material;1032;1136;1104;1137;1252;1418;1250;1237;1313;972;1514;1448;1685;1567;1632;1487;1768;1364;1679;1291;1822;1201;1846;1072;1913;970;1909;1548;2042;1422;2332;1298;2457;1299;2492;1221;578;1376
MA-0174-S21_LF12.dw.png;MA-0174;34.0315;-3.2459;2024;Mediterranean;colony;New material;1115;1154;1196;1151;1361;1418;1332;1230;1391;955;1606;1427;1785;1534;1724;1460;1890;1349;1792;1285;1903;1169;1910;1031;1962;942;2016;1502;2155;1372;2396;1247;2532;1231;2568;1137;664;1419
MA-0174-S21_LF13.dw.png;MA-0174;34.0315;-3.2459;2024;Mediterranean;colony;New material;1222;1098;1310;1089;1453;1381;1469;1181;1513;876;1769;1400;1938;1504;1892;1434;2051;1312;1936;1228;2057;1109;2075;959;2138;855;2165;1471;2286;1349;2588;1199;2716;1187;2749;1096;766;1380
MA-0174-S21_LF14.dw.png;MA-0174;34.0315;-3.2459;2024;Mediterranean;colony;New material;1079;1084;1167;1079;1282;1355;1333;1179;1363;902;1614;1367;1787;1473;1733;1399;1886;1284;1771;1208;1904;1108;1915;968;1969;862;2013;1442;2136;1307;2385;1184;2517;1172;2552;1085;681;1360
MA-0174-S21_LF16.dw.png;MA-0174;34.0315;-3.2459;2024;Mediterranean;colony;New material;1025;871;1106;864;1243;1145;1262;956;1307;664;1516;1146;1708;1258;1647;1182;1826;1060;1704;991;1820;872;1830;731;1892;625;1939;1222;2071;1083;2345;943;2472;931;2509;839;600;1161
MA-0174-S21_LF17.dw.png;MA-0174;34.0315;-3.2459;2024;Mediterranean;colony;New material;1008;1021;1082;1013;1227;1273;1246;1097;1279;809;1505;1276;1709;1385;1641;1307;1792;1185;1674;1119;1809;1001;1824;866;1870;766;1942;1338;2049;1208;2331;1058;2456;1044;2490;955;593;1300
MA-0174-S21_LF18.dw.png;MA-0174;34.0315;-3.2459;2024;Mediterranean;colony;New material;987;999;1066;996;1177;1277;1218;1092;1267;809;1471;1292;1672;1400;1608;1329;1787;1212;1670;1134;1804;1024;1819;888;1871;774;1906;1366;2028;1243;2303;1098;2420;1079;2461;976;539;1269
MA-0174-S21_LF19.dw.png;MA-0174;34.0315;-3.2459;2024;Mediterranean;colony;New material;985;1020;1061;1015;1217;1309;1197;1102;1263;814;1479;1322;1661;1433;1614;1359;1769;1243;1658;1170;1798;1053;1833;923;1906;817;1888;1406;2029;1284;2336;1143;2452;1132;2484;1040;527;1285
MA-0174-S21_LF2.dw.png;MA-0174;34.0315;-3.2459;2024;Mediterranean;colony;New material;953;961;1028;956;1205;1225;1191;1041;1220;749;1480;1221;1665;1320;1604;1246;1742;1117;1624;1054;1757;926;1759;791;1801;678;1884;1268;2011;1128;2300;968;2413;944;2442;850;491;1245
MA-0174-S21_LF20.dw.png;MA-0174;34.0315;-3.2459;2024;Mediterranean;colony;New material;1233;1223;1322;1219;1449;1496;1470;1310;1500;1022;1722;1488;1916;1586;1869;1519;2006;1395;1918;1335;2031;1213;2043;1084;2092;975;2151;1544;2261;1413;2541;1273;2673;1253;2691;1159;814;1506
MA-0174-S21_LF3.dw.png;MA-0174;34.0315;-3.2459;2024;Mediterranean;colony;New material;894;1233;962;1222;1116;1486;1136;1312;1147;1018;1388;1482;1597;1579;1528;1509;1663;1388;1557;1326;1689;1206;1712;1066;1764;959;1821;1539;1924;1414;2225;1250;2347;1239;2392;1151;473;1529
MA-0174-S21_LF4.dw.png;MA-0174;34.0315;-3.2459;2024;Mediterranean;colony;New material;1115;840;1182;833;1320;1085;1327;911;1367;638;1622;1090;1796;1183;1732;1115;1883;1001;1774;931;1907;816;1913;684;1962;575;2022;1138;2131;1016;2397;869;2522;850;2540;768;686;1120
MA-0174-S21_LF6.dw.png;MA-0174;34.0315;-3.2459;2024;Mediterranean;colony;New material;988;1195;1064;1191;1199;1472;1232;1294;1276;1005;1467;1499;1643;1629;1579;1538;1758;1430;1649;1353;1794;1249;1815;1114;1874;1014;1885;1598;2024;1469;2311;1348;2423;1342;2470;1270;553;1448
MA-0174-S21_LF7.dw.png;MA-0174;34.0315;-3.2459;2024;Mediterranean;colony;New material;1144;1012;1216;1009;1353;1281;1369;1098;1429;822;1645;1298;1813;1407;1756;1329;1911;1218;1829;1161;1949;1041;1969;901;2022;800;2055;1370;2172;1251;2450;1113;2580;1096;2602;995;703;1274
MA-0174-S21_LF8.dw.png;MA-0174;34.0315;-3.2459;2024;Mediterranean;colony;New material;973;961;1050;955;1224;1250;1224;1061;1282;767;1496;1257;1677;1372;1625;1293;1774;1176;1674;1107;1806;992;1830;851;1888;740;1935;1334;2048;1211;2322;1067;2452;1054;2480;959;555;1251
MA-0174-S21_LF9.dw.png;MA-0174;34.0315;-3.2459;2024;Mediterranean;colony;New material;931;1158;1019;1154;1152;1424;1170;1242;1208;957;1443;1429;1635;1537;1576;1460;1721;1347;1623;1274;1766;1160;1776;1028;1823;928;1866;1495;1982;1374;2297;1228;2402;1219;2436;1135;501;1426
MA-0174-S21_RF1.dw.png;MA-0174;34.0315;-3.2459;2024;Mediterranean;colony;New material;1113;991;1191;988;1311;1273;1348;1081;1395;804;1584;1293;1769;1404;1719;1331;1886;1216;1776;1144;1897;1032;1924;893;1985;790;1988;1380;2126;1248;2385;1126;2529;1112;2551;1015;704;1264
MA-0174-S21_RF10.dw.png;MA-0174;34.0315;-3.2459;2024;Mediterranean;colony;New material;1136;1150;1209;1146;1351;1441;1372;1250;1445;963;1670;1467;1820;1566;1780;1503;1925;1383;1818;1310;1953;1198;1960;1056;2020;946;2051;1541;2164;1423;2456;1284;2581;1270;2602;1182;687;1408
MA-0174-S21_RF11.dw.png;MA-0174;34.0315;-3.2459;2024;Mediterranean;colony;New material;1071;980;1150;977;1296;1245;1298;1066;1329;801;1563;1253;1744;1363;1687;1287;1822;1163;1716;1090;1859;988;1871;855;1935;742;1963;1329;2090;1194;2373;1050;2498;1039;2529;932;624;1242
MA-0174-S21_RF12.dw.png;MA-0174;34.0315;-3.2459;2024;Mediterranean;colony;New material;1115;868;1192;866;1350;1130;1335;950;1384;678;1586;1141;1767;1253;1714;1178;1883;1071;1778;1004;1889;895;1896;763;1955;667;2014;1220;2139;1101;2376;976;2517;959;2546;874;663;1128
MA-0174-S21_RF13.dw.png;MA-0174;34.0315;-3.2459;2024;Mediterranean;colony;New material;999;1045;1083;1034;1244;1327;1249;1123;1253;827;1552;1336;1729;1436;1677;1370;1828;1240;1715;1154;1845;1038;1861;895;1916;790;1956;1402;2083;1271;2378;1114;2501;1097;2522;1007;548;1330
MA-0174-S21_RF14.dw.png;MA-0174;34.0315;-3.2459;2024;Mediterranean;colony;New material;1227;1059;1315;1059;1444;1337;1479;1162;1531;880;1735;1355;1913;1470;1862;1395;2006;1283;1910;1207;2046;1115;2064;977;2130;870;2140;1447;2265;1318;2517;1201;2660;1189;2700;1091;823;1320
MA-0174-S21_RF16.dw.png;MA-0174;34.0315;-3.2459;2024;Mediterranean;colony;New material;896;1249;978;1247;1107;1531;1127;1341;1170;1055;1376;1545;1556;1672;1508;1592;1672;1472;1571;1402;1693;1286;1709;1147;1779;1033;1794;1639;1937;1513;2212;1377;2349;1364;2390;1265;455;1513
MA-0174-S21_RF17.dw.png;MA-0174;34.0315;-3.2459;2024;Mediterranean;colony;New material;1059;1197;1135;1189;1279;1455;1303;1279;1337;1003;1551;1466;1742;1576;1676;1499;1840;1384;1727;1312;1861;1197;1879;1068;1934;959;1975;1545;2107;1413;2372;1277;2509;1263;2556;1168;635;1471
MA-0174-S21_RF18.dw.png;MA-0174;34.0315;-3.2459;2024;Mediterranean;colony;New material;1159;1011;1253;1011;1363;1293;1405;1114;1449;827;1643;1312;1833;1425;1782;1352;1965;1238;1844;1158;1976;1055;1988;912;2048;799;2076;1389;2196;1268;2465;1129;2585;1112;2627;1009;723;1283
MA-0174-S21_RF19.dw.png;MA-0174;34.0315;-3.2459;2024;Mediterranean;colony;New material;1202;1076;1277;1066;1433;1361;1415;1150;1479;867;1703;1369;1883;1478;1836;1407;1991;1287;1878;1211;2011;1097;2047;964;2114;850;2107;1447;2252;1323;2557;1180;2679;1170;2710;1074;754;1347
MA-0174-S21_RF2.dw.png;MA-0174;34.0315;-3.2459;2024;Mediterranean;colony;New material;1168;1111;1255;1107;1413;1385;1408;1196;1445;913;1682;1389;1862;1496;1807;1422;1950;1302;1837;1230;1975;1113;1984;980;2034;861;2080;1460;2211;1326;2513;1181;2630;1163;2670;1072;700;1378
MA-0174-S21_RF20.dw.png;MA-0174;34.0315;-3.2459;2024;Mediterranean;colony;New material;1091;1113;1171;1110;1280;1398;1324;1214;1364;923;1557;1404;1744;1503;1706;1445;1850;1320;1752;1251;1877;1137;1897;1006;1956;893;1977;1472;2089;1357;2398;1218;2527;1195;2560;1107;649;1378
MA-0174-S21_RF3.dw.png;MA-0174;34.0315;-3.2459;2024;Mediterranean;colony;New material;1306;1038;1372;1035;1514;1308;1530;1134;1565;848;1774;1328;1969;1443;1912;1370;2049;1255;1937;1178;2082;1081;2114;948;2178;834;2199;1414;2315;1300;2613;1155;2745;1141;2789;1051;863;1302
MA-0174-S21_RF4.dw.png;MA-0174;34.0315;-3.2459;2024;Mediterranean;colony;New material;965;1310;1041;1304;1165;1558;1190;1390;1224;1117;1464;1569;1633;1668;1569;1597;1722;1486;1612;1417;1756;1309;1761;1174;1815;1064;1849;1633;1969;1510;2240;1369;2372;1353;2397;1268;538;1587
MA-0174-S21_RF5.dw.png;MA-0174;34.0315;-3.2459;2024;Mediterranean;colony;New material;1074;1026;1144;1026;1277;1290;1306;1132;1324;838;1541;1303;1707;1409;1653;1334;1810;1217;1723;1152;1848;1042;1859;891;1919;780;1942;1376;2063;1245;2350;1100;2496;1086;2530;1006;620;1269
MA-0174-S21_RF6.dw.png;MA-0174;34.0315;-3.2459;2024;Mediterranean;colony;New material;1289;1102;1359;1097;1484;1368;1528;1191;1564;905;1766;1385;1937;1505;1876;1419;2054;1307;1957;1242;2083;1128;2099;996;2163;896;2194;1471;2327;1342;2605;1210;2733;1199;2768;1118;859;1360
MA-0174-S21_RF7.dw.png;MA-0174;34.0315;-3.2459;2024;Mediterranean;colony;New material;958;963;1039;961;1178;1235;1184;1051;1249;776;1449;1254;1619;1368;1566;1288;1725;1186;1622;1112;1761;1011;1785;869;1840;765;1869;1330;1982;1212;2257;1082;2390;1067;2411;996;517;1221
MA-0174-S21_RF8.dw.png;MA-0174;34.0315;-3.2459;2024;Mediterranean;colony;New material;1293;1013;1377;1009;1527;1298;1536;1110;1593;820;1802;1311;1979;1425;1929;1350;2068;1226;1971;1160;2116;1049;2141;905;2208;789;2230;1391;2352;1270;2621;1128;2768;1113;2797;1012;871;1297
MA-0174-S21_RF9.dw.png;MA-0174;34.0315;-3.2459;2024;Mediterranean;colony;New material;995;1175;1078;1169;1221;1429;1230;1251;1261;964;1501;1432;1694;1535;1635;1462;1778;1341;1679;1278;1815;1153;1832;1025;1886;911;1924;1489;2039;1369;2354;1219;2467;1203;2499;1100;560;1455
MA-0175-S22_LF1.dw.png;MA-0175;34.0635;-3.4143;2024;Mediterranean;colony;New material;1198;1263;1267;1259;1414;1536;1423;1355;1464;1081;1682;1549;1849;1664;1798;1583;1954;1478;1847;1403;1988;1301;2006;1166;2062;1082;2078;1634;2204;1509;2487;1385;2600;1378;2625;1299;777;1504
MA-0175-S22_LF10.dw.png;MA-0175;34.0635;-3.4143;2024;Mediterranean;colony;New material;1103;1075;1182;1074;1295;1348;1321;1167;1376;902;1579;1376;1760;1487;1700;1415;1875;1305;1782;1240;1913;1131;1911;992;1959;898;2003;1461;2116;1348;2406;1225;2518;1218;2558;1137;633;1297
MA-0175-S22_LF11.dw.png;MA-0175;34.0635;-3.4143;2024;Mediterranean;colony;New material;911;864;985;858;1132;1140;1131;947;1171;649;1400;1170;1579;1285;1527;1209;1688;1087;1577;1010;1706;895;1742;748;1810;645;1831;1260;1973;1129;2259;1003;2379;991;2418;892;468;1125
MA-0175-S22_LF13.dw.png;MA-0175;34.0635;-3.4143;2024;Mediterranean;colony;New material;1001;801;1077;795;1219;1082;1212;885;1263;598;1466;1100;1655;1218;1601;1141;1761;1028;1655;955;1784;832;1814;700;1879;590;1883;1195;2018;1067;2295;939;2411;932;2457;832;557;1062
MA-0175-S22_LF14.dw.png;MA-0175;34.0635;-3.4143;2024;Mediterranean;colony;New material;1094;1054;1170;1052;1279;1342;1329;1158;1368;867;1581;1381;1742;1492;1689;1417;1861;1315;1747;1229;1898;1129;1934;982;2008;886;1983;1480;2124;1363;2403;1247;2520;1243;2554;1153;643;1290
MA-0175-S22_LF15.dw.png;MA-0175;34.0635;-3.4143;2024;Mediterranean;colony;New material;1060;914;1137;915;1263;1208;1287;1026;1356;737;1515;1239;1689;1370;1649;1286;1802;1189;1719;1115;1861;1010;1891;866;1967;758;1931;1354;2049;1250;2334;1122;2480;1110;2520;1008;604;1136
MA-0175-S22_LF16.dw.png;MA-0175;34.0635;-3.4143;2024;Mediterranean;colony;New material;1142;973;1208;970;1392;1262;1364;1059;1426;773;1640;1270;1808;1376;1744;1294;1926;1193;1802;1111;1942;996;1955;852;2022;740;2031;1347;2158;1215;2447;1072;2562;1062;2578;954;727;1246
MA-0175-S22_LF2.dw.png;MA-0175;34.0635;-3.4143;2024;Mediterranean;colony;New material;870;1267;932;1265;1083;1549;1090;1358;1148;1073;1351;1561;1521;1661;1460;1588;1623;1482;1505;1413;1638;1302;1652;1161;1718;1052;1733;1635;1853;1506;2141;1375;2266;1362;2290;1270;445;1529
MA-0175-S22_LF3.dw.png;MA-0175;34.0635;-3.4143;2024;Mediterranean;colony;New material;1040;1112;1114;1114;1251;1402;1261;1222;1317;943;1521;1424;1694;1542;1640;1460;1806;1354;1702;1283;1834;1179;1857;1040;1909;942;1928;1519;2069;1394;2347;1270;2475;1264;2503;1183;585;1352
MA-0175-S22_LF4.dw.png;MA-0175;34.0635;-3.4143;2024;Mediterranean;colony;New material;994;1010;1058;1004;1195;1280;1222;1100;1277;810;1487;1287;1669;1392;1605;1315;1759;1191;1662;1127;1790;1031;1795;889;1838;783;1913;1355;2039;1218;2288;1103;2415;1095;2432;1000;573;1285
MA-0175-S22_LF5.dw.png;MA-0175;34.0635;-3.4143;2024;Mediterranean;colony;New material;942;913;1011;906;1169;1192;1160;997;1202;727;1427;1202;1622;1312;1555;1236;1723;1126;1595;1051;1738;940;1755;806;1816;711;1858;1275;1969;1147;2252;1008;2394;994;2405;901;521;1193
MA-0175-S22_LF6.dw.png;MA-0175;34.0635;-3.4143;2024;Mediterranean;colony;New material;956;1221;1023;1216;1176;1482;1179;1309;1225;1052;1437;1495;1630;1603;1567;1526;1717;1409;1622;1352;1730;1233;1760;1099;1817;988;1870;1567;1983;1443;2273;1298;2396;1286;2422;1202;524;1481
MA-0175-S22_LF7.dw.png;MA-0175;34.0635;-3.4143;2024;Mediterranean;colony;New material;995;935;1055;928;1204;1195;1208;1016;1232;732;1476;1211;1657;1324;1600;1251;1750;1143;1647;1069;1771;951;1787;819;1853;722;1869;1305;1996;1185;2269;1061;2405;1057;2434;963;583;1183
MA-0175-S22_LF8.dw.png;MA-0175;34.0635;-3.4143;2024;Mediterranean;colony;New material;915;904;994;902;1153;1186;1170;1009;1200;717;1431;1202;1603;1304;1546;1232;1716;1125;1615;1065;1732;945;1760;808;1810;713;1835;1275;1959;1152;2257;1015;2376;1000;2404;915;488;1169
MA-0175-S22_LF9.dw.png;MA-0175;34.0635;-3.4143;2024;Mediterranean;colony;New material;1130;834;1207;830;1348;1110;1353;926;1397;650;1602;1138;1792;1259;1739;1182;1902;1079;1801;1005;1925;893;1953;761;2015;657;2035;1240;2161;1121;2434;999;2554;992;2593;900;687;1078
MA-0175-S22_RF1.dw.png;MA-0175;34.0635;-3.4143;2024;Mediterranean;colony;New material;1280;1281;1351;1283;1465;1574;1498;1390;1567;1114;1740;1604;1892;1720;1849;1641;2012;1539;1908;1461;2050;1359;2074;1222;2143;1127;2104;1707;2261;1577;2541;1463;2657;1458;2686;1365;834;1507
MA-0175-S22_RF10.dw.png;MA-0175;34.0635;-3.4143;2024;Mediterranean;colony;New material;1077;816;1155;812;1281;1075;1304;904;1336;634;1559;1101;1739;1208;1677;1134;1850;1025;1752;962;1872;845;1866;705;1916;604;1972;1174;2085;1059;2370;920;2488;901;2527;806;637;984
MA-0175-S22_RF11.dw.png;MA-0175;34.0635;-3.4143;2024;Mediterranean;colony;New material;885;1281;972;1278;1118;1555;1119;1362;1159;1069;1391;1576;1573;1691;1521;1610;1663;1480;1566;1415;1702;1292;1731;1144;1800;1043;1839;1657;1972;1522;2251;1392;2388;1378;2418;1273;445;1540
MA-0175-S22_RF12.dw.png;MA-0175;34.0635;-3.4143;2024;Mediterranean;colony;New material;1004;1053;1084;1052;1232;1340;1213;1141;1275;863;1479;1363;1658;1484;1606;1409;1767;1300;1658;1221;1790;1104;1819;973;1888;865;1881;1469;2019;1346;2300;1222;2413;1215;2464;1128;557;1317
MA-0175-S22_RF13.dw.png;MA-0175;34.0635;-3.4143;2024;Mediterranean;colony;New material;1280;1173;1362;1170;1516;1453;1492;1255;1546;975;1760;1467;1943;1587;1891;1511;2049;1397;1938;1320;2065;1201;2090;1070;2156;961;2159;1562;2299;1436;2577;1304;2691;1294;2737;1206;846;1456
MA-0175-S22_RF14.dw.png;MA-0175;34.0635;-3.4143;2024;Mediterranean;colony;New material;1222;1168;1300;1161;1434;1443;1474;1258;1484;958;1738;1456;1909;1560;1845;1483;2009;1371;1888;1289;2033;1180;2053;1029;2117;925;2144;1524;2279;1402;2540;1263;2662;1248;2693;1149;795;1448
MA-0175-S22_RF15.dw.png;MA-0175;34.0635;-3.4143;2024;Mediterranean;colony;New material;933;952;1004;948;1147;1236;1159;1049;1221;761;1406;1259;1579;1380;1537;1295;1684;1194;1604;1126;1742;1015;1765;868;1830;762;1818;1355;1930;1251;2225;1111;2356;1099;2404;995;481;1187
MA-0175-S22_RF16.dw.png;MA-0175;34.0635;-3.4143;2024;Mediterranean;colony;New material;1108;927;1184;928;1311;1228;1320;1026;1403;753;1588;1263;1734;1378;1688;1302;1873;1209;1752;1115;1899;1012;1923;874;2001;765;1962;1370;2103;1255;2406;1138;2530;1133;2556;1022;676;1160
MA-0175-S22_RF2.dw.png;MA-0175;34.0635;-3.4143;2024;Mediterranean;colony;New material;1167;1002;1235;1000;1384;1284;1389;1099;1452;815;1643;1305;1801;1416;1746;1338;1909;1234;1803;1165;1935;1055;1948;913;2023;802;2019;1392;2145;1268;2442;1138;2568;1127;2596;1038;732;1241
MA-0175-S22_RF3.dw.png;MA-0175;34.0635;-3.4143;2024;Mediterranean;colony;New material;1034;1035;1107;1030;1258;1311;1266;1134;1311;864;1522;1324;1699;1431;1647;1359;1802;1246;1699;1182;1829;1074;1850;934;1905;830;1921;1410;2065;1280;2345;1154;2482;1149;2503;1088;595;1291
MA-0175-S22_RF4.dw.png;MA-0175;34.0635;-3.4143;2024;Mediterranean;colony;New material;993;956;1062;951;1201;1222;1217;1038;1244;759;1486;1233;1666;1332;1595;1256;1767;1137;1659;1070;1777;967;1777;854;1839;721;1896;1297;2029;1167;2281;1047;2409;1035;2439;935;574;1233
MA-0175-S22_RF5.dw.png;MA-0175;34.0635;-3.4143;2024;Mediterranean;colony;New material;1108;1139;1175;1132;1330;1412;1326;1226;1368;952;1595;1420;1788;1526;1724;1451;1900;1341;1770;1267;1898;1165;1915;1028;1977;926;2028;1486;2137;1357;2405;1218;2546;1203;2551;1114;689;1417
MA-0175-S22_RF6.dw.png;MA-0175;34.0635;-3.4143;2024;Mediterranean;colony;New material;1148;1118;1218;1115;1357;1380;1361;1200;1391;907;1621;1393;1810;1500;1747;1426;1886;1304;1794;1244;1913;1125;1944;992;2010;888;2035;1469;2157;1345;2449;1201;2585;1187;2616;1105;711;1380
MA-0175-S22_RF7.dw.png;MA-0175;34.0635;-3.4143;2024;Mediterranean;colony;New material;1194;1098;1254;1088;1416;1356;1417;1175;1419;880;1685;1359;1859;1467;1804;1394;1949;1278;1843;1214;1959;1090;1973;952;2036;838;2074;1437;2195;1309;2449;1174;2598;1158;2622;1062;796;1373
MA-0175-S22_RF8.dw.png;MA-0175;34.0635;-3.4143;2024;Mediterranean;colony;New material;973;920;1052;916;1208;1204;1216;1023;1257;739;1476;1225;1647;1336;1591;1260;1763;1159;1673;1098;1784;977;1816;839;1874;740;1881;1311;2011;1189;2308;1059;2430;1047;2453;956;540;1171
MA-0175-S22_RF9.dw.png;MA-0175;34.0635;-3.4143;2024;Mediterranean;colony;New material;1023;1043;1098;1037;1254;1320;1245;1128;1290;851;1516;1343;1694;1461;1643;1383;1811;1281;1702;1202;1818;1088;1839;955;1906;850;1943;1435;2061;1317;2325;1191;2444;1180;2491;1085;579;1299
MA-0176-S23_LF1.dw.png;MA-0176;35.19705904;-4.018961948;2024;Mediterranean;colony;New material;1119;1135;1186;1123;1360;1400;1344;1206;1365;927;1643;1408;1816;1508;1761;1436;1911;1316;1782;1243;1916;1123;1943;989;2005;873;2058;1461;2173;1334;2446;1185;2582;1161;2605;1064;680;1415
MA-0176-S23_LF10.dw.png;MA-0176;35.19705904;-4.018961948;2024;Mediterranean;colony;New material;974;912;1063;911;1202;1204;1214;1010;1259;743;1492;1219;1662;1334;1597;1252;1774;1150;1656;1070;1788;966;1818;838;1889;730;1881;1306;2015;1191;2295;1060;2428;1050;2458;948;539;1168
MA-0176-S23_LF11.dw.png;MA-0176;35.19705904;-4.018961948;2024;Mediterranean;colony;New material;970;957;1030;949;1186;1195;1205;1038;1236;753;1470;1202;1674;1308;1614;1236;1740;1130;1638;1063;1772;972;1790;843;1850;735;1890;1279;2011;1164;2272;1042;2396;1039;2423;963;530;1192
MA-0176-S23_LF12.dw.png;MA-0176;35.19705904;-4.018961948;2024;Mediterranean;colony;New material;1033;974;1112;973;1254;1270;1269;1068;1316;782;1551;1292;1715;1397;1652;1323;1816;1212;1732;1145;1846;1010;1871;868;1935;759;1937;1375;2075;1258;2366;1108;2491;1099;2537;997;561;1212
MA-0176-S23_LF13.dw.png;MA-0176;35.19705904;-4.018961948;2024;Mediterranean;colony;New material;999;943;1077;944;1173;1218;1237;1053;1281;781;1451;1247;1629;1371;1572;1293;1742;1187;1653;1114;1782;1012;1811;876;1876;766;1862;1354;1987;1245;2305;1108;2426;1098;2449;1002;528;1174
MA-0176-S23_LF14.dw.png;MA-0176;35.19705904;-4.018961948;2024;Mediterranean;colony;New material;1183;916;1250;915;1368;1195;1403;1010;1460;727;1668;1219;1844;1330;1787;1256;1942;1147;1847;1075;1990;965;2012;825;2061;732;2067;1305;2202;1189;2486;1058;2608;1043;2636;950;715;1178
MA-0176-S23_LF15.dw.png;MA-0176;35.19705904;-4.018961948;2024;Mediterranean;colony;New material;994;931;1078;933;1163;1222;1214;1033;1292;757;1467;1260;1654;1386;1600;1306;1763;1197;1655;1099;1808;1014;1838;877;1902;767;1870;1366;2016;1251;2310;1135;2439;1130;2478;1028;499;1166
MA-0176-S23_LF16.dw.png;MA-0176;35.19705904;-4.018961948;2024;Mediterranean;colony;New material;972;1098;1023;1089;1198;1346;1191;1166;1210;882;1477;1337;1646;1428;1591;1361;1712;1234;1597;1174;1708;1054;1719;928;1763;815;1833;1388;1966;1245;2189;1105;2311;1085;2331;995;567;1391
MA-0176-S23_LF17.dw.png;MA-0176;35.19705904;-4.018961948;2024;Mediterranean;colony;New material;981;897;1049;897;1157;1165;1214;998;1251;724;1457;1200;1629;1322;1577;1240;1730;1144;1643;1072;1762;969;1789;831;1851;726;1836;1304;1976;1184;2230;1067;2369;1053;2416;953;485;1116
MA-0176-S23_LF18.dw.png;MA-0176;35.19705904;-4.018961948;2024;Mediterranean;colony;New material;943;931;1019;931;1153;1194;1183;1024;1216;747;1422;1210;1621;1317;1574;1250;1720;1140;1620;1079;1746;966;1766;833;1824;718;1852;1289;1980;1177;2260;1050;2394;1032;2426;932;501;1191
MA-0176-S23_LF19.dw.png;MA-0176;35.19705904;-4.018961948;2024;Mediterranean;colony;New material;1089;990;1156;984;1294;1267;1307;1075;1367;787;1591;1272;1792;1377;1726;1305;1866;1185;1754;1117;1895;1005;1913;866;1973;758;1997;1346;2136;1213;2443;1062;2541;1051;2576;960;625;1256
MA-0176-S23_LF2.dw.png;MA-0176;35.19705904;-4.018961948;2024;Mediterranean;colony;New material;1153;912;1234;908;1370;1186;1384;998;1443;714;1662;1205;1842;1323;1792;1243;1942;1130;1842;1060;1969;942;1984;792;2055;673;2083;1286;2214;1160;2500;1024;2618;1009;2655;900;701;1182
MA-0176-S23_LF20.dw.png;MA-0176;35.19705904;-4.018961948;2024;Mediterranean;colony;New material;952;922;1036;916;1187;1203;1208;1012;1242;719;1455;1218;1648;1321;1603;1249;1786;1126;1668;1056;1790;935;1815;790;1869;690;1878;1288;2010;1152;2299;1011;2426;995;2463;892;483;1174
MA-0176-S23_LF21.dw.png;MA-0176;35.19705904;-4.018961948;2024;Mediterranean;colony;New material;1074;1021;1145;1012;1270;1283;1305;1106;1342;818;1572;1299;1767;1410;1705;1334;1856;1217;1740;1140;1876;1038;1903;899;1958;778;1994;1377;2127;1247;2409;1109;2535;1094;2557;989;623;1283
MA-0176-S23_LF22.dw.png;MA-0176;35.19705904;-4.018961948;2024;Mediterranean;colony;New material;995;810;1073;810;1200;1080;1226;902;1254;633;1476;1087;1654;1197;1599;1119;1759;1009;1653;937;1793;832;1801;694;1851;599;1901;1161;2021;1040;2290;902;2417;885;2452;788;548;1073
MA-0176-S23_LF23.dw.png;MA-0176;35.19705904;-4.018961948;2024;Mediterranean;colony;New material;1052;1075;1115;1074;1254;1361;1254;1167;1296;893;1534;1378;1685;1488;1634;1414;1792;1301;1685;1226;1837;1120;1859;982;1913;879;1916;1462;2055;1335;2329;1210;2450;1199;2478;1101;563;1307
MA-0176-S23_LF3.dw.png;MA-0176;35.19705904;-4.018961948;2024;Mediterranean;colony;New material;917;904;976;891;1105;1168;1160;989;1174;695;1398;1169;1575;1269;1514;1198;1698;1083;1579;1010;1701;893;1728;753;1786;651;1819;1238;1953;1098;2227;958;2340;944;2363;845;480;1175
MA-0176-S23_LF4.dw.png;MA-0176;35.19705904;-4.018961948;2024;Mediterranean;colony;New material;954;976;1027;962;1228;1239;1195;1041;1193;758;1502;1226;1674;1326;1611;1250;1746;1124;1640;1060;1759;932;1769;783;1829;661;1893;1272;2003;1144;2303;975;2405;950;2429;849;535;1291
MA-0176-S23_LF5.dw.png;MA-0176;35.19705904;-4.018961948;2024;Mediterranean;colony;New material;1038;1137;1127;1132;1266;1385;1279;1214;1328;926;1551;1386;1747;1492;1687;1416;1851;1299;1740;1236;1852;1128;1864;980;1922;869;1993;1446;2110;1318;2384;1183;2494;1166;2505;1067;617;1417
MA-0176-S23_LF6.dw.png;MA-0176;35.19705904;-4.018961948;2024;Mediterranean;colony;New material;969;811;1036;809;1191;1082;1176;896;1239;614;1440;1101;1613;1220;1556;1142;1736;1040;1627;963;1751;852;1773;711;1842;613;1847;1195;1966;1080;2259;945;2371;934;2408;853;509;1034
MA-0176-S23_LF7.dw.png;MA-0176;35.19705904;-4.018961948;2024;Mediterranean;colony;New material;1028;1012;1089;1004;1293;1297;1256;1099;1314;807;1552;1309;1721;1416;1669;1338;1806;1216;1703;1146;1841;1040;1860;895;1931;790;1943;1389;2084;1254;2355;1128;2495;1114;2528;1022;593;1289
MA-0176-S23_LF8.dw.png;MA-0176;35.19705904;-4.018961948;2024;Mediterranean;colony;New material;947;1016;1027;1012;1198;1282;1190;1103;1232;816;1473;1296;1640;1402;1584;1328;1756;1228;1641;1154;1760;1037;1774;902;1835;795;1878;1373;1990;1252;2254;1123;2385;1108;2420;1015;524;1281
MA-0176-S23_LF9.dw.png;MA-0176;35.19705904;-4.018961948;2024;Mediterranean;colony;New material;1130;1133;1214;1128;1366;1400;1379;1220;1402;935;1663;1403;1850;1501;1784;1426;1916;1314;1822;1258;1937;1138;1946;996;1994;890;2048;1465;2181;1335;2437;1192;2572;1172;2609;1073;696;1415
MA-0176-S23_RF1.dw.png;MA-0176;35.19705904;-4.018961948;2024;Mediterranean;colony;New material;1004;1189;1082;1179;1245;1458;1236;1266;1263;983;1536;1467;1711;1565;1661;1496;1808;1378;1683;1306;1817;1183;1839;1044;1890;938;1966;1523;2080;1397;2362;1247;2473;1228;2498;1127;564;1460
MA-0176-S23_RF10.dw.png;MA-0176;35.19705904;-4.018961948;2024;Mediterranean;colony;New material;1024;855;1110;850;1248;1140;1268;945;1306;667;1540;1146;1701;1254;1631;1173;1794;1063;1699;995;1825;881;1854;749;1930;638;1924;1222;2055;1097;2338;963;2470;951;2506;855;586;1134
MA-0176-S23_RF11.dw.png;MA-0176;35.19705904;-4.018961948;2024;Mediterranean;colony;New material;967;969;1029;960;1185;1240;1197;1059;1236;773;1460;1257;1648;1373;1590;1296;1721;1183;1626;1105;1765;1007;1788;873;1862;764;1859;1349;1991;1232;2275;1092;2401;1080;2439;992;511;1208
MA-0176-S23_RF12.dw.png;MA-0176;35.19705904;-4.018961948;2024;Mediterranean;colony;New material;862;1018;935;1015;1093;1314;1096;1112;1137;822;1384;1329;1535;1427;1475;1356;1639;1249;1549;1178;1665;1049;1689;906;1755;792;1778;1403;1889;1294;2179;1140;2313;1126;2344;1023;385;1263
MA-0176-S23_RF13.dw.png;MA-0176;35.19705904;-4.018961948;2024;Mediterranean;colony;New material;1097;1182;1174;1177;1297;1445;1335;1268;1369;991;1570;1449;1752;1556;1695;1485;1863;1363;1759;1297;1879;1181;1897;1043;1953;933;1981;1519;2098;1394;2400;1239;2522;1223;2543;1128;647;1455
MA-0176-S23_RF14.dw.png;MA-0176;35.19705904;-4.018961948;2024;Mediterranean;colony;New material;978;1064;1048;1058;1168;1338;1204;1149;1258;860;1474;1353;1654;1464;1597;1390;1754;1275;1647;1207;1788;1089;1810;949;1863;842;1877;1431;2005;1310;2290;1171;2428;1155;2457;1061;511;1340
MA-0176-S23_RF15.dw.png;MA-0176;35.19705904;-4.018961948;2024;Mediterranean;colony;New material;1172;1416;1256;1412;1350;1691;1383;1495;1455;1221;1666;1707;1849;1814;1795;1746;1951;1622;1853;1558;1982;1436;2001;1301;2064;1184;2065;1783;2197;1658;2482;1522;2616;1501;2647;1398;709;1697
MA-0176-S23_RF16.dw.png;MA-0176;35.19705904;-4.018961948;2024;Mediterranean;colony;New material;975;1044;1038;1035;1205;1296;1188;1113;1212;833;1468;1297;1635;1395;1587;1326;1707;1204;1601;1139;1707;1023;1721;897;1780;774;1831;1359;1957;1221;2192;1085;2313;1066;2347;962;564;1327
MA-0176-S23_RF17.dw.png;MA-0176;35.19705904;-4.018961948;2024;Mediterranean;colony;New material;1225;999;1300;994;1420;1263;1454;1087;1482;814;1708;1281;1894;1396;1827;1316;1963;1208;1876;1143;2000;1033;2019;896;2082;793;2092;1366;2219;1240;2473;1108;2614;1092;2649;999;746;1254
MA-0176-S23_RF18.dw.png;MA-0176;35.19705904;-4.018961948;2024;Mediterranean;colony;New material;1091;1092;1170;1088;1308;1349;1331;1179;1358;897;1580;1356;1782;1463;1725;1392;1882;1282;1755;1212;1894;1104;1913;965;1968;850;2015;1427;2138;1308;2404;1170;2547;1152;2575;1050;640;1363
MA-0176-S23_RF19.dw.png;MA-0176;35.19705904;-4.018961948;2024;Mediterranean;colony;New material;1018;1143;1091;1143;1198;1419;1223;1229;1291;949;1496;1431;1693;1547;1634;1470;1781;1354;1669;1281;1811;1176;1832;1036;1899;919;1912;1515;2051;1388;2327;1246;2470;1226;2500;1135;544;1396
MA-0176-S23_RF2.dw.png;MA-0176;35.19705904;-4.018961948;2024;Mediterranean;colony;New material;1012;1216;1100;1209;1252;1487;1248;1292;1300;1009;1545;1494;1720;1600;1667;1527;1822;1404;1719;1337;1841;1210;1852;1063;1908;948;1955;1559;2083;1424;2368;1279;2491;1259;2513;1151;577;1505
MA-0176-S23_RF20.dw.png;MA-0176;35.19705904;-4.018961948;2024;Mediterranean;colony;New material;962;919;1042;914;1186;1209;1224;1026;1254;732;1476;1239;1634;1350;1596;1281;1766;1174;1660;1095;1786;981;1817;841;1878;734;1859;1329;2007;1210;2309;1085;2420;1076;2468;978;477;1147
MA-0176-S23_RF21.dw.png;MA-0176;35.19705904;-4.018961948;2024;Mediterranean;colony;New material;873;945;952;942;1082;1211;1100;1027;1137;740;1371;1223;1564;1336;1502;1257;1656;1142;1536;1068;1674;961;1706;823;1765;716;1797;1300;1922;1176;2201;1033;2343;1022;2351;958;418;1210
MA-0176-S23_RF22.dw.png;MA-0176;35.19705904;-4.018961948;2024;Mediterranean;colony;New material;1039;1003;1118;1004;1231;1288;1261;1099;1316;839;1526;1313;1691;1430;1637;1354;1805;1251;1700;1169;1838;1078;1855;936;1913;821;1943;1403;2057;1299;2356;1167;2480;1151;2524;1053;582;1251
MA-0176-S23_RF23.dw.png;MA-0176;35.19705904;-4.018961948;2024;Mediterranean;colony;New material;1064;861;1130;861;1269;1147;1273;958;1308;686;1538;1170;1682;1278;1629;1203;1798;1095;1698;1025;1841;915;1867;781;1922;676;1914;1255;2058;1131;2344;1006;2464;991;2484;899;578;1081
MA-0176-S23_RF3.dw.png;MA-0176;35.19705904;-4.018961948;2024;Mediterranean;colony;New material;957;1056;1022;1044;1139;1324;1204;1142;1226;848;1444;1332;1617;1435;1549;1359;1725;1242;1628;1174;1745;1052;1774;912;1833;805;1863;1404;2001;1267;2278;1125;2392;1109;2422;1003;524;1317
MA-0176-S23_RF4.dw.png;MA-0176;35.19705904;-4.018961948;2024;Mediterranean;colony;New material;999;1025;1067;1015;1237;1304;1236;1108;1284;807;1520;1309;1699;1417;1639;1338;1794;1224;1682;1148;1811;1033;1831;884;1891;769;1919;1380;2040;1253;2350;1107;2446;1097;2468;994;557;1319
MA-0176-S23_RF5.dw.png;MA-0176;35.19705904;-4.018961948;2024;Mediterranean;colony;New material;1016;1138;1097;1136;1216;1414;1247;1230;1311;944;1508;1438;1675;1553;1628;1474;1796;1362;1691;1283;1818;1177;1837;1036;1914;916;1927;1528;2061;1401;2332;1275;2460;1261;2496;1152;561;1404
MA-0176-S23_RF6.dw.png;MA-0176;35.19705904;-4.018961948;2024;Mediterranean;colony;New material;1079;1107;1149;1105;1317;1387;1293;1193;1343;909;1561;1407;1722;1524;1671;1445;1854;1343;1737;1263;1862;1153;1879;1009;1947;905;1964;1502;2089;1382;2372;1246;2487;1236;2523;1159;621;1355
MA-0176-S23_RF7.dw.png;MA-0176;35.19705904;-4.018961948;2024;Mediterranean;colony;New material;1138;1014;1200;1007;1399;1301;1371;1101;1418;808;1668;1315;1818;1426;1771;1344;1912;1222;1813;1153;1943;1038;1970;893;2046;784;2049;1396;2194;1258;2467;1130;2608;1111;2641;1013;701;1289
MA-0176-S23_RF8.dw.png;MA-0176;35.19705904;-4.018961948;2024;Mediterranean;colony;New material;1193;998;1267;993;1434;1259;1418;1078;1461;800;1690;1267;1862;1378;1809;1301;1978;1199;1869;1127;1989;1016;1999;876;2064;771;2093;1344;2203;1227;2470;1090;2608;1069;2656;977;764;1252
MA-0176-S23_RF9.dw.png;MA-0176;35.19705904;-4.018961948;2024;Mediterranean;colony;New material;1000;1097;1085;1093;1215;1364;1242;1186;1276;906;1517;1374;1701;1480;1638;1404;1765;1293;1680;1232;1802;1115;1813;977;1868;865;1916;1443;2048;1321;2305;1186;2444;1165;2482;1066;554;1372
MA-0177-S25_LF1.dw.png;MA-0177;35.1439808;-4.0173289;2024;Mediterranean;colony;New material;1261;971;1336;968;1455;1235;1471;1056;1520;776;1720;1249;1897;1359;1840;1282;1997;1175;1901;1101;2024;999;2043;874;2107;766;2127;1333;2240;1209;2504;1081;2616;1067;2647;975;800;1223
MA-0177-S25_LF10.dw.png;MA-0177;35.1439808;-4.0173289;2024;Mediterranean;colony;New material;1185;1210;1268;1210;1347;1465;1392;1290;1449;1026;1656;1489;1827;1599;1772;1522;1928;1428;1814;1349;1942;1252;1960;1129;2023;1032;2031;1582;2148;1464;2432;1353;2543;1343;2567;1249;755;1441
MA-0177-S25_LF11.dw.png;MA-0177;35.1439808;-4.0173289;2024;Mediterranean;colony;New material;1118;1093;1184;1089;1301;1358;1349;1185;1386;909;1593;1372;1795;1487;1733;1415;1908;1304;1792;1228;1930;1126;1948;996;2003;903;2037;1461;2150;1339;2419;1220;2554;1215;2568;1124;666;1337
MA-0177-S25_LF12.dw.png;MA-0177;35.1439808;-4.0173289;2024;Mediterranean;colony;New material;1112;1153;1190;1150;1319;1438;1354;1257;1397;964;1622;1472;1799;1597;1744;1513;1895;1403;1794;1323;1951;1225;1984;1083;2046;991;2034;1576;2168;1450;2472;1330;2599;1327;2622;1233;658;1398
MA-0177-S25_LF13.dw.png;MA-0177;35.1439808;-4.0173289;2024;Mediterranean;colony;New material;1257;959;1324;953;1471;1197;1467;1028;1510;741;1748;1183;1931;1280;1867;1203;2003;1095;1901;1043;2024;928;2028;799;2092;694;2137;1226;2241;1101;2526;957;2646;941;2655;851;811;1220
MA-0177-S25_LF2.dw.png;MA-0177;35.1439808;-4.0173289;2024;Mediterranean;colony;New material;1218;1014;1296;1013;1422;1283;1425;1105;1504;827;1692;1303;1847;1419;1800;1339;1941;1235;1874;1175;1999;1071;2018;942;2088;835;2083;1393;2187;1285;2480;1164;2610;1152;2634;1052;757;1238
MA-0177-S25_LF3.dw.png;MA-0177;35.1439808;-4.0173289;2024;Mediterranean;colony;New material;1029;1009;1106;1008;1232;1283;1270;1113;1314;807;1534;1307;1712;1422;1646;1341;1809;1233;1726;1160;1839;1048;1852;905;1914;800;1949;1392;2071;1275;2358;1138;2498;1127;2529;1028;571;1242
MA-0177-S25_LF4.dw.png;MA-0177;35.1439808;-4.0173289;2024;Mediterranean;colony;New material;1105;880;1198;885;1298;1163;1336;981;1386;717;1580;1189;1740;1310;1695;1230;1847;1129;1770;1064;1905;960;1925;833;1981;718;1966;1293;2091;1176;2405;1054;2528;1049;2568;953;626;1136
MA-0177-S25_LF5.dw.png;MA-0177;35.1439808;-4.0173289;2024;Mediterranean;colony;New material;1161;970;1239;965;1388;1227;1384;1053;1433;751;1675;1235;1856;1339;1803;1261;1941;1152;1836;1085;1967;975;1984;851;2042;732;2071;1307;2194;1174;2480;1041;2619;1037;2643;940;685;1195
MA-0177-S25_LF6.dw.png;MA-0177;35.1439808;-4.0173289;2024;Mediterranean;colony;New material;841;1004;923;1006;1011;1277;1070;1107;1114;812;1286;1303;1470;1432;1410;1346;1594;1252;1477;1164;1618;1069;1639;936;1707;833;1707;1408;1837;1290;2101;1183;2235;1176;2277;1083;372;1241
MA-0177-S25_LF7.dw.png;MA-0177;35.1439808;-4.0173289;2024;Mediterranean;colony;New material;911;975;982;974;1075;1237;1111;1061;1168;791;1356;1253;1546;1375;1498;1292;1641;1191;1544;1121;1674;1021;1695;895;1757;790;1769;1345;1881;1230;2161;1116;2275;1109;2304;1014;453;1213
MA-0177-S25_LF8.dw.png;MA-0177;35.1439808;-4.0173289;2024;Mediterranean;colony;New material;1055;942;1122;935;1278;1220;1260;1016;1306;741;1539;1233;1726;1337;1667;1263;1806;1143;1706;1071;1839;958;1859;826;1915;718;1951;1300;2063;1178;2346;1045;2467;1030;2488;930;634;1227
MA-0177-S25_LF9.dw.png;MA-0177;35.1439808;-4.0173289;2024;Mediterranean;colony;New material;1143;1066;1228;1071;1334;1349;1375;1171;1420;880;1615;1381;1804;1504;1755;1428;1902;1313;1800;1236;1949;1135;1979;1007;2048;907;2031;1477;2172;1362;2467;1243;2587;1240;2603;1145;676;1285
MA-0177-S25_RF1.dw.png;MA-0177;35.1439808;-4.0173289;2024;Mediterranean;colony;New material;1222;1019;1294;1015;1414;1276;1433;1097;1472;818;1671;1282;1865;1391;1808;1314;1970;1206;1861;1131;1980;1029;1997;904;2065;790;2089;1355;2206;1232;2463;1105;2583;1084;2615;984;760;1271
MA-0177-S25_RF10.dw.png;MA-0177;35.1439808;-4.0173289;2024;Mediterranean;colony;New material;1162;938;1237;932;1345;1183;1373;1010;1396;737;1639;1188;1811;1287;1753;1215;1899;1108;1786;1034;1910;932;1924;808;1986;701;2015;1255;2137;1134;2411;1000;2525;981;2540;883;736;1189
MA-0177-S25_RF11.dw.png;MA-0177;35.1439808;-4.0173289;2024;Mediterranean;colony;New material;1048;1220;1118;1219;1233;1503;1280;1319;1327;1045;1514;1525;1713;1649;1653;1573;1829;1462;1725;1387;1853;1275;1883;1148;1944;1052;1954;1628;2067;1510;2350;1385;2491;1373;2508;1290;591;1474
MA-0177-S25_RF12.dw.png;MA-0177;35.1439808;-4.0173289;2024;Mediterranean;colony;New material;1033;1101;1109;1094;1253;1388;1281;1197;1309;903;1535;1405;1723;1529;1671;1444;1810;1326;1723;1253;1867;1143;1899;996;1971;895;1967;1495;2094;1366;2395;1223;2536;1206;2557;1103;585;1369
MA-0177-S25_RF13.dw.png;MA-0177;35.1439808;-4.0173289;2024;Mediterranean;colony;New material;1299;861;1380;863;1495;1131;1508;953;1573;667;1764;1154;1930;1273;1879;1191;2030;1086;1940;1018;2068;914;2086;787;2173;686;2152;1247;2263;1136;2559;1015;2697;1002;2720;902;841;1086
MA-0177-S25_RF2.dw.png;MA-0177;35.1439808;-4.0173289;2024;Mediterranean;colony;New material;1235;1053;1318;1051;1461;1317;1439;1130;1510;855;1721;1328;1885;1443;1832;1361;1973;1253;1884;1188;2015;1078;2028;950;2106;843;2106;1409;2219;1293;2508;1155;2643;1135;2664;1032;785;1303
MA-0177-S25_RF3.dw.png;MA-0177;35.1439808;-4.0173289;2024;Mediterranean;colony;New material;1084;1012;1163;1006;1299;1284;1339;1115;1377;805;1594;1297;1764;1410;1705;1327;1858;1218;1786;1151;1900;1035;1904;890;1957;780;2006;1374;2122;1250;2408;1110;2548;1094;2580;1001;630;1259
MA-0177-S25_RF5.dw.png;MA-0177;35.1439808;-4.0173289;2024;Mediterranean;colony;New material;1177;1007;1259;1007;1394;1288;1407;1103;1453;798;1670;1306;1857;1419;1803;1343;1943;1225;1841;1150;1989;1037;2005;898;2075;790;2073;1394;2202;1265;2488;1122;2637;1106;2666;1001;699;1231
MA-0177-S25_RF6.dw.png;MA-0177;35.1439808;-4.0173289;2024;Mediterranean;colony;New material;1147;863;1232;861;1339;1131;1384;959;1418;667;1605;1148;1787;1269;1731;1187;1906;1086;1802;1009;1929;903;1948;772;2015;664;2029;1243;2153;1125;2418;1007;2552;992;2591;906;694;1111
MA-0177-S25_RF7.dw.png;MA-0177;35.1439808;-4.0173289;2024;Mediterranean;colony;New material;1036;849;1113;849;1235;1110;1245;929;1292;659;1503;1114;1689;1227;1642;1148;1788;1047;1672;975;1804;874;1821;742;1885;635;1901;1203;2020;1080;2292;953;2411;934;2443;838;601;1099
MA-0177-S25_RF8.dw.png;MA-0177;35.1439808;-4.0173289;2024;Mediterranean;colony;New material;1162;1046;1241;1045;1365;1343;1370;1138;1432;868;1648;1375;1807;1497;1754;1416;1922;1319;1806;1232;1950;1127;1975;996;2052;892;2026;1485;2157;1367;2443;1256;2569;1251;2603;1152;729;1293
MA-0177-S25_RF9.dw.png;MA-0177;35.1439808;-4.0173289;2024;Mediterranean;colony;New material;1163;1017;1241;1020;1349;1297;1401;1118;1432;829;1656;1327;1828;1445;1780;1369;1942;1261;1836;1181;1968;1072;1997;943;2063;843;2040;1424;2195;1300;2498;1174;2607;1164;2628;1073;695;1226
MA-0178-S26_LF1.dw.png;MA-0178;35.14426877;-3.996592594;2024;Mediterranean;colony;New material;1201;1115;1284;1113;1384;1381;1416;1204;1483;928;1674;1401;1848;1521;1804;1439;1956;1333;1856;1261;1973;1158;1979;1022;2049;917;2074;1494;2198;1376;2497;1241;2618;1228;2641;1154;758;1360
MA-0178-S26_LF10.dw.png;MA-0178;35.14426877;-3.996592594;2024;Mediterranean;colony;New material;1441;959;1530;960;1602;1229;1671;1060;1731;779;1909;1257;2094;1374;2043;1297;2177;1177;2111;1114;2224;1011;2244;886;2325;782;2309;1355;2431;1236;2697;1107;2853;1092;2884;996;964;1194
MA-0178-S26_LF11.dw.png;MA-0178;35.14426877;-3.996592594;2024;Mediterranean;colony;New material;1171;1018;1254;1021;1342;1299;1397;1127;1457;857;1642;1347;1792;1473;1756;1391;1884;1285;1818;1218;1938;1112;1957;978;2030;872;2008;1454;2146;1345;2413;1241;2563;1234;2601;1137;720;1244
MA-0178-S26_LF12.dw.png;MA-0178;35.14426877;-3.996592594;2024;Mediterranean;colony;New material;1028;1150;1088;1149;1194;1408;1233;1238;1286;958;1480;1431;1649;1542;1597;1466;1762;1364;1666;1293;1784;1187;1797;1056;1861;946;1868;1519;1995;1394;2269;1269;2393;1256;2431;1168;560;1392
MA-0178-S26_LF13.dw.png;MA-0178;35.14426877;-3.996592594;2024;Mediterranean;colony;New material;1121;996;1196;994;1290;1256;1348;1092;1385;810;1583;1279;1760;1395;1707;1319;1845;1200;1770;1135;1887;1029;1914;902;1994;801;1969;1373;2095;1248;2355;1119;2528;1098;2565;1004;640;1214
MA-0178-S26_LF15.dw.png;MA-0178;35.14426877;-3.996592594;2024;Mediterranean;colony;New material;1276;1202;1348;1199;1465;1474;1497;1297;1536;1019;1751;1492;1915;1612;1869;1531;2020;1430;1922;1353;2041;1243;2048;1109;2114;999;2141;1581;2265;1463;2532;1328;2665;1311;2685;1209;837;1466
MA-0178-S26_LF16.dw.png;MA-0178;35.14426877;-3.996592594;2024;Mediterranean;colony;New material;1352;1010;1424;1010;1518;1281;1575;1112;1610;831;1813;1304;1990;1424;1928;1346;2083;1229;1990;1157;2119;1049;2142;923;2225;822;2188;1402;2324;1279;2603;1145;2733;1132;2775;1037;861;1245
MA-0178-S26_LF17.dw.png;MA-0178;35.14426877;-3.996592594;2024;Mediterranean;colony;New material;1261;1154;1339;1152;1443;1426;1488;1254;1548;972;1737;1447;1919;1565;1862;1487;1996;1376;1922;1313;2045;1206;2068;1079;2148;975;2128;1542;2243;1426;2508;1298;2674;1282;2714;1189;795;1381
MA-0178-S26_LF18.dw.png;MA-0178;35.14426877;-3.996592594;2024;Mediterranean;colony;New material;1379;1146;1452;1144;1570;1424;1577;1226;1633;965;1844;1445;2007;1555;1947;1477;2101;1376;2000;1297;2139;1196;2161;1074;2225;967;2216;1536;2345;1420;2630;1299;2760;1288;2789;1201;926;1390
MA-0178-S26_LF19.dw.png;MA-0178;35.14426877;-3.996592594;2024;Mediterranean;colony;New material;1365;1168;1443;1166;1555;1424;1586;1251;1603;974;1829;1437;1998;1540;1944;1469;2109;1351;2005;1280;2129;1172;2138;1041;2201;947;2217;1510;2360;1385;2640;1237;2751;1223;2770;1127;918;1405
MA-0178-S26_LF2.dw.png;MA-0178;35.14426877;-3.996592594;2024;Mediterranean;colony;New material;1098;1043;1183;1041;1298;1311;1338;1136;1350;857;1578;1331;1747;1448;1698;1370;1850;1254;1745;1178;1870;1069;1897;942;1964;838;1970;1419;2109;1292;2397;1150;2514;1137;2536;1047;631;1264
MA-0178-S26_LF20.dw.png;MA-0178;35.14426877;-3.996592594;2024;Mediterranean;colony;New material;1380;872;1471;869;1582;1141;1611;964;1650;694;1858;1162;2023;1275;1978;1200;2129;1088;2021;1009;2146;909;2156;784;2222;683;2246;1243;2371;1121;2632;986;2751;974;2777;891;915;1111
MA-0178-S26_LF21.dw.png;MA-0178;35.14426877;-3.996592594;2024;Mediterranean;colony;New material;1167;1214;1247;1212;1351;1472;1383;1298;1436;1029;1636;1491;1817;1605;1768;1527;1913;1417;1818;1354;1937;1249;1950;1119;2007;1010;2039;1576;2154;1463;2442;1339;2582;1325;2603;1235;717;1448
MA-0178-S26_LF22.dw.png;MA-0178;35.14426877;-3.996592594;2024;Mediterranean;colony;New material;993;1157;1066;1157;1184;1420;1213;1255;1265;981;1470;1446;1635;1555;1585;1484;1727;1387;1640;1320;1771;1214;1787;1090;1854;991;1855;1540;1977;1435;2255;1312;2384;1301;2409;1226;550;1379
MA-0178-S26_LF23.dw.png;MA-0178;35.14426877;-3.996592594;2024;Mediterranean;colony;New material;1253;1219;1335;1221;1449;1486;1481;1318;1523;1047;1717;1506;1888;1625;1846;1552;2001;1447;1892;1364;2017;1271;2033;1145;2099;1042;2109;1604;2246;1483;2496;1363;2640;1350;2660;1259;785;1454
MA-0178-S26_LF24.dw.png;MA-0178;35.14426877;-3.996592594;2024;Mediterranean;colony;New material;1387;1092;1459;1088;1592;1362;1605;1181;1647;926;1854;1385;2040;1507;1980;1426;2132;1323;2023;1245;2165;1136;2184;1004;2246;914;2249;1482;2371;1365;2654;1233;2804;1224;2820;1154;923;1317
MA-0178-S26_LF25.dw.png;MA-0178;35.14426877;-3.996592594;2024;Mediterranean;colony;New material;1233;1266;1296;1261;1397;1530;1449;1355;1486;1067;1718;1550;1891;1657;1845;1585;2004;1472;1884;1399;2009;1292;2026;1160;2095;1050;2100;1627;2224;1505;2512;1375;2638;1358;2653;1260;791;1513
MA-0178-S26_LF3.dw.png;MA-0178;35.14426877;-3.996592594;2024;Mediterranean;colony;New material;1387;1053;1476;1054;1580;1325;1605;1146;1657;870;1852;1348;2027;1475;1971;1385;2120;1282;2020;1205;2142;1099;2160;972;2235;863;2227;1450;2367;1322;2649;1200;2796;1188;2824;1090;945;1306
MA-0178-S26_LF4.dw.png;MA-0178;35.14426877;-3.996592594;2024;Mediterranean;colony;New material;1023;1242;1089;1233;1253;1518;1262;1326;1284;1027;1567;1528;1732;1638;1671;1555;1838;1436;1740;1369;1858;1243;1889;1096;1948;993;1979;1603;2124;1475;2421;1337;2567;1324;2605;1232;561;1506
MA-0178-S26_LF5.dw.png;MA-0178;35.14426877;-3.996592594;2024;Mediterranean;colony;New material;1050;1113;1138;1116;1250;1379;1281;1206;1333;933;1528;1396;1713;1516;1670;1437;1818;1342;1708;1263;1837;1169;1859;1041;1930;934;1932;1493;2061;1380;2355;1258;2466;1246;2491;1149;607;1332
MA-0178-S26_LF6.dw.png;MA-0178;35.14426877;-3.996592594;2024;Mediterranean;colony;New material;1167;1050;1249;1047;1366;1320;1407;1143;1430;856;1652;1340;1834;1454;1790;1380;1942;1259;1837;1186;1963;1069;1986;940;2055;835;2059;1425;2199;1295;2495;1158;2608;1147;2640;1056;695;1286
MA-0178-S26_LF7.dw.png;MA-0178;35.14426877;-3.996592594;2024;Mediterranean;colony;New material;1095;1153;1160;1147;1291;1433;1292;1227;1339;957;1573;1444;1742;1551;1692;1480;1839;1358;1726;1282;1866;1175;1886;1043;1941;932;1961;1521;2088;1409;2372;1272;2493;1255;2513;1152;652;1417
MA-0178-S26_LF8.dw.png;MA-0178;35.14426877;-3.996592594;2024;Mediterranean;colony;New material;1209;1210;1286;1207;1433;1478;1447;1302;1468;1019;1690;1495;1845;1611;1804;1532;1962;1432;1870;1362;1994;1247;2007;1114;2072;1006;2077;1587;2200;1473;2479;1341;2606;1329;2642;1228;742;1441
MA-0178-S26_LF9.dw.png;MA-0178;35.14426877;-3.996592594;2024;Mediterranean;colony;New material;1108;1047;1188;1046;1287;1313;1319;1138;1378;861;1574;1336;1742;1449;1699;1375;1833;1260;1759;1199;1876;1088;1892;963;1968;847;1962;1426;2095;1314;2371;1189;2504;1177;2530;1074;665;1293
MA-0178-S26_RF1.dw.png;MA-0178;35.14426877;-3.996592594;2024;Mediterranean;colony;New material;1262;972;1338;974;1419;1246;1470;1076;1546;800;1710;1285;1885;1415;1841;1335;1986;1234;1907;1159;2032;1052;2046;915;2125;816;2102;1405;2246;1298;2543;1179;2668;1177;2703;1075;797;1184
MA-0178-S26_RF10.dw.png;MA-0178;35.14426877;-3.996592594;2024;Mediterranean;colony;New material;1165;1087;1253;1083;1335;1350;1402;1174;1449;889;1675;1361;1853;1463;1794;1389;1928;1263;1854;1209;1966;1091;1976;965;2041;860;2070;1427;2182;1300;2450;1158;2598;1146;2635;1040;693;1344
MA-0178-S26_RF11.dw.png;MA-0178;35.14426877;-3.996592594;2024;Mediterranean;colony;New material;1242;1033;1315;1030;1432;1305;1477;1131;1516;851;1729;1330;1897;1446;1853;1373;1986;1263;1900;1192;2020;1081;2035;945;2096;840;2111;1427;2249;1308;2518;1185;2652;1178;2683;1084;798;1288
MA-0178-S26_RF12.dw.png;MA-0178;35.14426877;-3.996592594;2024;Mediterranean;colony;New material;1118;918;1187;918;1287;1179;1334;1008;1383;723;1571;1200;1752;1312;1694;1237;1856;1133;1761;1062;1888;954;1901;823;1962;718;1981;1287;2098;1162;2369;1042;2494;1032;2539;943;653;1158
MA-0178-S26_RF13.dw.png;MA-0178;35.14426877;-3.996592594;2024;Mediterranean;colony;New material;1309;1087;1381;1083;1496;1324;1538;1174;1570;895;1791;1340;1972;1445;1914;1373;2059;1266;1972;1206;2088;1101;2109;978;2177;887;2186;1423;2304;1301;2569;1179;2713;1172;2746;1096;848;1301
MA-0178-S26_RF14.dw.png;MA-0178;35.14426877;-3.996592594;2024;Mediterranean;colony;New material;1228;1138;1305;1138;1425;1410;1449;1236;1513;951;1689;1430;1847;1546;1796;1464;1950;1360;1878;1300;2003;1197;2026;1070;2099;973;2056;1521;2192;1407;2480;1288;2599;1280;2623;1192;765;1354
MA-0178-S26_RF15.dw.png;MA-0178;35.14426877;-3.996592594;2024;Mediterranean;colony;New material;1191;1230;1262;1224;1391;1498;1420;1321;1450;1047;1671;1515;1834;1623;1788;1552;1932;1443;1835;1370;1965;1265;1972;1129;2034;1019;2067;1596;2183;1484;2454;1344;2593;1321;2598;1215;751;1480
MA-0178-S26_RF16.dw.png;MA-0178;35.14426877;-3.996592594;2024;Mediterranean;colony;New material;1290;1128;1362;1127;1462;1396;1510;1225;1560;954;1753;1417;1939;1532;1880;1458;2028;1338;1935;1265;2066;1167;2092;1036;2163;937;2155;1509;2281;1386;2545;1251;2675;1234;2708;1142;814;1374
MA-0178-S26_RF17.dw.png;MA-0178;35.14426877;-3.996592594;2024;Mediterranean;colony;New material;1190;892;1274;887;1406;1152;1425;976;1464;690;1697;1149;1874;1245;1821;1175;1943;1049;1851;992;1975;877;1986;749;2051;642;2093;1203;2197;1071;2447;926;2605;904;2627;808;744;1167
MA-0178-S26_RF18.dw.png;MA-0178;35.14426877;-3.996592594;2024;Mediterranean;colony;New material;1154;942;1230;940;1367;1204;1355;1021;1406;763;1630;1221;1802;1322;1739;1253;1896;1154;1785;1079;1921;991;1945;867;1998;778;1996;1313;2130;1199;2415;1086;2536;1082;2566;1005;713;1179
MA-0178-S26_RF19.dw.png;MA-0178;35.14426877;-3.996592594;2024;Mediterranean;colony;New material;1152;884;1232;885;1357;1141;1382;976;1403;698;1617;1163;1794;1277;1743;1201;1899;1091;1801;1018;1922;915;1943;787;1999;689;2027;1246;2161;1125;2432;996;2543;987;2563;900;706;1108
MA-0178-S26_RF2.dw.png;MA-0178;35.14426877;-3.996592594;2024;Mediterranean;colony;New material;982;896;1079;905;1185;1182;1214;1003;1268;722;1466;1218;1634;1336;1586;1260;1748;1152;1653;1072;1774;968;1805;844;1873;743;1857;1320;1995;1204;2292;1079;2413;1070;2441;973;506;1100
MA-0178-S26_RF20.dw.png;MA-0178;35.14426877;-3.996592594;2024;Mediterranean;colony;New material;1092;1269;1180;1267;1307;1528;1327;1354;1365;1085;1582;1537;1756;1644;1705;1569;1862;1448;1751;1380;1863;1280;1871;1156;1925;1047;1967;1603;2099;1471;2346;1325;2470;1310;2487;1239;631;1527
MA-0178-S26_RF21.dw.png;MA-0178;35.14426877;-3.996592594;2024;Mediterranean;colony;New material;1195;1113;1286;1118;1387;1381;1417;1211;1464;936;1652;1407;1831;1526;1786;1448;1927;1341;1845;1278;1974;1177;1990;1043;2050;949;2058;1502;2181;1392;2459;1276;2606;1264;2625;1180;742;1332
MA-0178-S26_RF22.dw.png;MA-0178;35.14426877;-3.996592594;2024;Mediterranean;colony;New material;977;1255;1067;1257;1202;1519;1200;1339;1253;1066;1485;1528;1653;1630;1600;1555;1755;1448;1642;1378;1759;1272;1776;1154;1843;1043;1871;1599;1990;1471;2263;1340;2381;1329;2407;1235;554;1526
MA-0178-S26_RF23.dw.png;MA-0178;35.14426877;-3.996592594;2024;Mediterranean;colony;New material;1211;996;1301;1005;1394;1270;1431;1101;1490;833;1675;1295;1844;1422;1796;1344;1948;1244;1834;1159;1978;1071;1997;949;2063;851;2062;1408;2198;1287;2469;1174;2601;1170;2620;1089;738;1222
MA-0178-S26_RF24.dw.png;MA-0178;35.14426877;-3.996592594;2024;Mediterranean;colony;New material;1135;1208;1213;1205;1360;1478;1352;1296;1398;1008;1606;1498;1792;1622;1735;1539;1894;1437;1777;1352;1921;1257;1945;1125;2009;1034;2003;1605;2127;1481;2416;1357;2559;1348;2587;1275;675;1438
MA-0178-S26_RF25.dw.png;MA-0178;35.14426877;-3.996592594;2024;Mediterranean;colony;New material;991;1066;1054;1062;1152;1332;1204;1158;1244;879;1458;1349;1642;1462;1599;1389;1751;1285;1634;1204;1765;1107;1783;977;1851;868;1860;1434;1983;1317;2277;1180;2394;1166;2410;1071;534;1290
MA-0178-S26_RF3.dw.png;MA-0178;35.14426877;-3.996592594;2024;Mediterranean;colony;New material;1250;1177;1340;1178;1450;1454;1478;1276;1539;996;1719;1478;1897;1597;1840;1515;1982;1410;1884;1334;2021;1230;2036;1101;2104;989;2085;1579;2230;1453;2520;1332;2663;1321;2687;1225;818;1426
MA-0178-S26_RF4.dw.png;MA-0178;35.14426877;-3.996592594;2024;Mediterranean;colony;New material;1089;1118;1154;1113;1335;1379;1332;1201;1359;909;1654;1384;1822;1487;1753;1408;1925;1300;1817;1235;1932;1116;1962;968;2007;873;2066;1459;2210;1330;2496;1209;2630;1207;2666;1119;639;1383
MA-0178-S26_RF5.dw.png;MA-0178;35.14426877;-3.996592594;2024;Mediterranean;colony;New material;1231;951;1315;953;1428;1218;1457;1047;1519;771;1709;1237;1902;1351;1846;1277;1990;1176;1883;1101;2021;1004;2037;877;2111;781;2111;1333;2238;1221;2529;1097;2638;1087;2671;986;784;1169
MA-0178-S26_RF6.dw.png;MA-0178;35.14426877;-3.996592594;2024;Mediterranean;colony;New material;1240;1025;1318;1027;1441;1299;1469;1122;1502;848;1715;1330;1900;1451;1848;1371;1997;1254;1908;1180;2036;1075;2061;945;2125;854;2109;1431;2260;1305;2558;1181;2666;1173;2694;1076;762;1237
MA-0178-S26_RF7.dw.png;MA-0178;35.14426877;-3.996592594;2024;Mediterranean;colony;New material;1265;1025;1328;1017;1477;1300;1465;1096;1509;823;1744;1303;1925;1408;1862;1335;2006;1215;1895;1142;2036;1028;2059;895;2108;793;2140;1374;2257;1252;2529;1113;2652;1095;2666;996;839;1308
MA-0178-S26_RF8.dw.png;MA-0178;35.14426877;-3.996592594;2024;Mediterranean;colony;New material;1121;1050;1205;1052;1351;1326;1366;1151;1393;867;1615;1351;1773;1464;1729;1389;1890;1287;1786;1216;1920;1110;1931;974;2003;868;2001;1445;2125;1327;2407;1203;2523;1198;2560;1103;657;1276
MA-0178-S26_RF9.dw.png;MA-0178;35.14426877;-3.996592594;2024;Mediterranean;colony;New material;1107;1207;1183;1205;1283;1474;1325;1305;1380;1026;1589;1503;1756;1612;1706;1540;1841;1431;1770;1370;1886;1257;1898;1129;1964;1021;1972;1590;2098;1485;2378;1357;2506;1347;2537;1255;668;1452
MA-0179-S27_LF1.dw.png;MA-0179;35.13593806;-3.982239594;2024;Mediterranean;colony;New material;1322;1160;1394;1154;1512;1424;1550;1243;1577;957;1802;1431;1986;1536;1922;1462;2084;1345;1973;1282;2098;1169;2109;1031;2177;926;2215;1501;2332;1373;2608;1244;2727;1233;2740;1128;873;1416
MA-0179-S27_LF10.dw.png;MA-0179;35.13593806;-3.982239594;2024;Mediterranean;colony;New material;1200;1019;1270;1016;1431;1290;1416;1105;1453;849;1685;1292;1863;1390;1822;1328;1954;1210;1852;1148;1969;1038;1991;908;2040;801;2075;1357;2208;1239;2467;1105;2587;1083;2602;980;769;1295
MA-0179-S27_LF11.dw.png;MA-0179;35.13593806;-3.982239594;2024;Mediterranean;colony;New material;965;1178;1029;1172;1167;1447;1169;1250;1210;997;1433;1451;1630;1561;1561;1485;1716;1361;1595;1283;1745;1173;1753;1032;1809;930;1832;1531;1979;1384;2266;1229;2391;1214;2433;1114;492;1449
MA-0179-S27_LF12.dw.png;MA-0179;35.13593806;-3.982239594;2024;Mediterranean;colony;New material;1010;957;1096;950;1264;1229;1240;1031;1277;750;1528;1218;1719;1316;1670;1249;1809;1124;1701;1060;1818;943;1848;801;1891;697;1953;1272;2080;1144;2346;996;2471;972;2486;879;585;1272
MA-0179-S27_LF13.dw.png;MA-0179;35.13593806;-3.982239594;2024;Mediterranean;colony;New material;1218;1215;1294;1213;1408;1478;1445;1308;1473;1014;1679;1503;1840;1620;1779;1533;1933;1425;1860;1361;1985;1248;2001;1107;2066;1005;2048;1599;2182;1477;2464;1345;2616;1333;2647;1238;747;1443
MA-0179-S27_LF14.dw.png;MA-0179;35.13593806;-3.982239594;2024;Mediterranean;colony;New material;1113;1082;1189;1079;1352;1356;1364;1184;1405;891;1605;1374;1800;1501;1732;1414;1891;1304;1791;1234;1940;1126;1942;975;2013;866;2022;1473;2168;1349;2452;1212;2573;1195;2613;1096;657;1350
MA-0179-S27_LF15.dw.png;MA-0179;35.13593806;-3.982239594;2024;Mediterranean;colony;New material;1247;1137;1311;1134;1472;1425;1488;1243;1519;947;1735;1439;1920;1554;1864;1477;2015;1356;1916;1292;2039;1178;2058;1040;2127;944;2125;1531;2275;1394;2542;1267;2664;1258;2685;1162;806;1404
MA-0179-S27_LF2.dw.png;MA-0179;35.13593806;-3.982239594;2024;Mediterranean;colony;New material;1224;1101;1304;1100;1414;1382;1451;1189;1529;900;1716;1403;1901;1518;1841;1439;2011;1327;1895;1248;2041;1146;2064;1002;2126;888;2117;1494;2248;1364;2564;1236;2697;1223;2729;1122;792;1358
MA-0179-S27_LF3.dw.png;MA-0179;35.13593806;-3.982239594;2024;Mediterranean;colony;New material;1058;1194;1128;1194;1261;1470;1294;1299;1327;1013;1530;1489;1715;1602;1653;1529;1787;1412;1707;1350;1832;1240;1853;1111;1920;1007;1897;1584;2037;1457;2324;1336;2458;1328;2488;1233;587;1441
MA-0179-S27_LF4.dw.png;MA-0179;35.13593806;-3.982239594;2024;Mediterranean;colony;New material;1135;1433;1210;1429;1294;1696;1385;1533;1415;1247;1636;1725;1803;1830;1756;1759;1898;1645;1809;1582;1937;1459;1963;1314;2013;1199;2037;1800;2160;1672;2462;1529;2561;1515;2602;1418;730;1690
MA-0179-S27_LF6.dw.png;MA-0179;35.13593806;-3.982239594;2024;Mediterranean;colony;New material;1089;1261;1152;1264;1244;1518;1272;1340;1335;1083;1524;1540;1706;1649;1655;1580;1810;1472;1703;1403;1824;1292;1838;1159;1909;1051;1934;1624;2060;1508;2318;1381;2440;1367;2479;1258;645;1481
MA-0179-S27_LF7.dw.png;MA-0179;35.13593806;-3.982239594;2024;Mediterranean;colony;New material;1054;1203;1145;1207;1284;1491;1304;1308;1340;1031;1560;1511;1706;1618;1665;1542;1843;1433;1739;1361;1859;1251;1878;1112;1939;1007;1930;1590;2067;1461;2369;1330;2490;1320;2533;1219;597;1426
MA-0179-S27_LF8.dw.png;MA-0179;35.13593806;-3.982239594;2024;Mediterranean;colony;New material;1151;1015;1241;1015;1360;1286;1409;1110;1431;818;1647;1300;1832;1413;1770;1329;1924;1217;1845;1157;1976;1043;1995;908;2057;803;2058;1377;2197;1256;2488;1116;2607;1101;2627;1004;690;1264
MA-0179-S27_LF9.dw.png;MA-0179;35.13593806;-3.982239594;2024;Mediterranean;colony;New material;1177;1059;1248;1055;1339;1327;1390;1147;1448;875;1638;1345;1819;1461;1772;1386;1906;1267;1801;1194;1940;1084;1961;953;2017;849;2040;1435;2162;1302;2446;1168;2569;1152;2600;1048;749;1315
MA-0179-S27_RF1.dw.png;MA-0179;35.13593806;-3.982239594;2024;Mediterranean;colony;New material;981;1070;1042;1068;1192;1346;1211;1175;1249;892;1449;1360;1643;1473;1580;1400;1710;1282;1625;1222;1765;1113;1787;982;1851;888;1832;1455;1969;1326;2259;1201;2386;1193;2424;1103;512;1313
MA-0179-S27_RF10.dw.png;MA-0179;35.13593806;-3.982239594;2024;Mediterranean;colony;New material;1025;1298;1096;1297;1230;1567;1237;1387;1275;1129;1494;1575;1679;1682;1635;1614;1777;1503;1677;1440;1794;1331;1818;1200;1868;1105;1900;1648;2031;1535;2288;1405;2423;1392;2435;1307;575;1558
MA-0179-S27_RF11.dw.png;MA-0179;35.13593806;-3.982239594;2024;Mediterranean;colony;New material;1088;1060;1155;1062;1252;1352;1282;1152;1342;887;1526;1380;1703;1508;1647;1421;1816;1315;1713;1229;1853;1134;1876;997;1947;896;1927;1489;2070;1362;2357;1245;2501;1239;2544;1149;601;1293
MA-0179-S27_RF12.dw.png;MA-0179;35.13593806;-3.982239594;2024;Mediterranean;colony;New material;897;930;975;925;1110;1216;1127;1017;1175;736;1400;1216;1592;1320;1541;1250;1672;1130;1569;1063;1709;951;1745;815;1799;710;1806;1282;1944;1160;2237;1030;2357;1023;2371;925;456;1220
MA-0179-S27_RF13.dw.png;MA-0179;35.13593806;-3.982239594;2024;Mediterranean;colony;New material;1236;1020;1305;1008;1443;1265;1469;1110;1497;815;1729;1283;1905;1398;1833;1315;1973;1200;1895;1143;2024;1023;2033;882;2091;776;2095;1373;2226;1247;2505;1114;2663;1096;2693;999;792;1256
MA-0179-S27_RF14.dw.png;MA-0179;35.13593806;-3.982239594;2024;Mediterranean;colony;New material;956;1318;1041;1316;1199;1585;1214;1415;1246;1117;1474;1590;1662;1701;1593;1621;1763;1502;1660;1440;1783;1321;1783;1173;1845;1063;1896;1656;2029;1520;2294;1372;2425;1344;2455;1245;503;1601
MA-0179-S27_RF15.dw.png;MA-0179;35.13593806;-3.982239594;2024;Mediterranean;colony;New material;1072;1084;1137;1082;1285;1371;1317;1195;1353;905;1564;1389;1751;1507;1688;1431;1830;1311;1742;1246;1876;1136;1893;1002;1960;906;1961;1486;2100;1356;2373;1235;2500;1222;2524;1121;622;1337
MA-0179-S27_RF2.dw.png;MA-0179;35.13593806;-3.982239594;2024;Mediterranean;colony;New material;1204;1100;1292;1103;1379;1384;1450;1206;1527;916;1705;1420;1883;1539;1822;1458;2002;1356;1889;1280;2041;1175;2061;1026;2121;916;2098;1523;2239;1404;2562;1280;2685;1272;2720;1162;762;1340
MA-0179-S27_RF3.dw.png;MA-0179;35.13593806;-3.982239594;2024;Mediterranean;colony;New material;1040;1021;1115;1021;1226;1291;1256;1111;1296;834;1511;1315;1687;1425;1624;1349;1784;1238;1694;1176;1810;1065;1827;924;1901;819;1919;1399;2040;1278;2331;1153;2446;1143;2461;1044;583;1254
MA-0179-S27_RF4.dw.png;MA-0179;35.13593806;-3.982239594;2024;Mediterranean;colony;New material;1018;1157;1088;1153;1210;1392;1273;1240;1288;955;1534;1398;1713;1495;1650;1427;1780;1309;1722;1265;1831;1134;1842;992;1880;899;1939;1459;2062;1325;2347;1185;2450;1174;2471;1082;608;1402
MA-0179-S27_RF6.dw.png;MA-0179;35.13593806;-3.982239594;2024;Mediterranean;colony;New material;1342;966;1412;972;1499;1244;1523;1057;1600;798;1783;1286;1965;1400;1914;1332;2055;1227;1968;1162;2089;1056;2107;926;2179;810;2189;1381;2307;1284;2583;1167;2693;1159;2744;1054;892;1192
MA-0179-S27_RF7.dw.png;MA-0179;35.13593806;-3.982239594;2024;Mediterranean;colony;New material;1045;1225;1129;1215;1304;1497;1298;1324;1328;1031;1574;1505;1737;1607;1691;1535;1865;1419;1732;1349;1867;1234;1877;1094;1922;991;1967;1566;2088;1437;2376;1303;2496;1293;2531;1196;613;1478
MA-0179-S27_RF8.dw.png;MA-0179;35.13593806;-3.982239594;2024;Mediterranean;colony;New material;1051;1171;1132;1170;1257;1441;1309;1272;1338;983;1534;1457;1721;1565;1663;1490;1824;1381;1745;1317;1878;1210;1903;1076;1959;972;1957;1536;2101;1417;2385;1279;2502;1267;2513;1166;586;1408
MA-0179-S27_RF9.dw.png;MA-0179;35.13593806;-3.982239594;2024;Mediterranean;colony;New material;1055;1158;1125;1152;1250;1421;1276;1244;1320;965;1529;1432;1718;1541;1661;1465;1801;1348;1691;1278;1823;1165;1842;1030;1890;931;1938;1502;2061;1374;2331;1240;2452;1225;2485;1125;632;1428
MA-0180-S28_LF1.dw.png;MA-0180;35.05248485;-4.061670769;2024;Mediterranean;colony;New material;1019;1056;1105;1058;1197;1333;1238;1146;1295;873;1506;1361;1672;1476;1606;1393;1792;1296;1673;1221;1808;1113;1833;980;1902;872;1907;1454;2034;1332;2332;1202;2449;1189;2480;1096;563;1291
MA-0180-S28_LF10.dw.png;MA-0180;35.05248485;-4.061670769;2024;Mediterranean;colony;New material;1267;1182;1343;1178;1461;1467;1491;1283;1544;1012;1728;1504;1875;1621;1834;1547;1986;1446;1903;1365;2035;1264;2061;1126;2127;1030;2094;1611;2227;1508;2536;1394;2678;1389;2702;1291;789;1416
MA-0180-S28_LF11.dw.png;MA-0180;35.05248485;-4.061670769;2024;Mediterranean;colony;New material;1056;1348;1135;1345;1272;1643;1294;1449;1359;1164;1565;1664;1738;1785;1686;1706;1865;1602;1738;1506;1883;1414;1915;1272;1994;1162;1983;1763;2109;1657;2427;1527;2575;1519;2596;1415;563;1600
MA-0180-S28_LF12.dw.png;MA-0180;35.05248485;-4.061670769;2024;Mediterranean;colony;New material;1145;1028;1230;1024;1355;1293;1374;1114;1403;835;1613;1302;1804;1416;1736;1333;1903;1224;1793;1151;1910;1035;1936;898;1998;798;2012;1380;2151;1251;2443;1107;2556;1093;2580;988;692;1290
MA-0180-S28_LF14.dw.png;MA-0180;35.05248485;-4.061670769;2024;Mediterranean;colony;New material;1163;1128;1251;1124;1377;1391;1397;1212;1428;934;1641;1400;1824;1511;1766;1432;1943;1320;1816;1251;1957;1132;1966;1000;2029;886;2051;1474;2168;1351;2454;1206;2588;1184;2613;1081;710;1387
MA-0180-S28_LF15.dw.png;MA-0180;35.05248485;-4.061670769;2024;Mediterranean;colony;New material;1187;1169;1283;1174;1429;1443;1444;1270;1445;995;1671;1463;1828;1582;1784;1502;1942;1393;1823;1310;1969;1213;1995;1075;2056;972;2069;1552;2202;1432;2466;1301;2595;1285;2628;1197;757;1422
MA-0180-S28_LF16.dw.png;MA-0180;35.05248485;-4.061670769;2024;Mediterranean;colony;New material;1041;993;1117;997;1262;1262;1256;1085;1317;824;1502;1283;1680;1398;1613;1318;1793;1213;1674;1134;1821;1035;1844;901;1916;806;1901;1373;2029;1251;2308;1122;2433;1107;2473;1008;608;1241
MA-0180-S28_LF2.dw.png;MA-0180;35.05248485;-4.061670769;2024;Mediterranean;colony;New material;1221;1092;1286;1090;1412;1377;1467;1197;1505;898;1732;1399;1898;1514;1845;1436;2004;1328;1916;1259;2046;1144;2066;996;2133;890;2142;1488;2256;1370;2564;1232;2688;1215;2721;1110;784;1341
MA-0180-S28_LF4.dw.png;MA-0180;35.05248485;-4.061670769;2024;Mediterranean;colony;New material;1213;997;1291;1000;1413;1279;1433;1093;1481;808;1677;1300;1835;1420;1787;1339;1960;1227;1849;1150;1976;1039;1994;905;2063;794;2062;1391;2191;1270;2460;1135;2610;1121;2643;1019;734;1218
MA-0180-S28_LF5.dw.png;MA-0180;35.05248485;-4.061670769;2024;Mediterranean;colony;New material;935;1099;1012;1088;1158;1354;1172;1171;1183;889;1424;1344;1624;1451;1556;1377;1705;1260;1585;1189;1703;1076;1710;936;1763;825;1854;1411;1968;1278;2246;1119;2367;1103;2385;1009;512;1380
MA-0180-S28_LF6.dw.png;MA-0180;35.05248485;-4.061670769;2024;Mediterranean;colony;New material;1145;984;1210;981;1323;1270;1375;1095;1419;796;1597;1306;1775;1431;1713;1342;1858;1244;1778;1170;1902;1056;1933;920;2010;813;1972;1415;2112;1301;2433;1175;2550;1168;2583;1075;681;1208
MA-0180-S28_LF7.dw.png;MA-0180;35.05248485;-4.061670769;2024;Mediterranean;colony;New material;1117;948;1200;952;1310;1227;1344;1050;1377;770;1548;1256;1719;1380;1658;1297;1823;1198;1721;1120;1849;1015;1877;881;1947;777;1917;1361;2060;1243;2337;1117;2469;1107;2497;1014;691;1188
MA-0180-S28_LF8.dw.png;MA-0180;35.05248485;-4.061670769;2024;Mediterranean;colony;New material;1140;1192;1224;1192;1332;1469;1351;1281;1404;1013;1578;1481;1757;1607;1710;1523;1885;1423;1781;1352;1909;1244;1929;1109;1988;1003;2000;1582;2116;1462;2404;1335;2517;1329;2546;1238;687;1440
MA-0180-S28_LF9.dw.png;MA-0180;35.05248485;-4.061670769;2024;Mediterranean;colony;New material;1134;1228;1212;1228;1364;1506;1368;1325;1401;1037;1619;1518;1802;1628;1747;1556;1930;1440;1806;1366;1927;1265;1938;1125;2010;1014;2034;1598;2152;1479;2449;1337;2566;1324;2588;1236;672;1470
MA-0180-S28_RF1.dw.png;MA-0180;35.05248485;-4.061670769;2024;Mediterranean;colony;New material;1050;1041;1139;1035;1256;1318;1275;1122;1315;840;1557;1336;1727;1449;1665;1370;1847;1266;1720;1190;1854;1072;1881;938;1950;835;1966;1423;2090;1298;2395;1159;2487;1144;2522;1050;609;1305
MA-0180-S28_RF10.dw.png;MA-0180;35.05248485;-4.061670769;2024;Mediterranean;colony;New material;1081;856;1152;850;1290;1127;1308;951;1336;686;1557;1150;1712;1253;1671;1185;1813;1075;1724;1001;1852;904;1860;770;1915;659;1935;1231;2064;1122;2359;977;2499;955;2524;858;618;1114
MA-0180-S28_RF11.dw.png;MA-0180;35.05248485;-4.061670769;2024;Mediterranean;colony;New material;1057;1111;1134;1107;1283;1389;1296;1201;1347;911;1575;1397;1759;1508;1707;1434;1880;1319;1751;1236;1893;1132;1912;987;1984;874;2004;1478;2139;1358;2444;1211;2591;1195;2613;1091;577;1379
MA-0180-S28_RF12.dw.png;MA-0180;35.05248485;-4.061670769;2024;Mediterranean;colony;New material;1215;1264;1295;1268;1391;1543;1434;1369;1482;1087;1641;1572;1827;1702;1766;1618;1944;1522;1848;1445;1968;1335;1999;1200;2078;1095;2051;1687;2180;1572;2484;1450;2606;1442;2632;1341;745;1491
MA-0180-S28_RF13.dw.png;MA-0180;35.05248485;-4.061670769;2024;Mediterranean;colony;New material;1256;1087;1338;1088;1446;1363;1488;1194;1525;910;1718;1400;1879;1514;1837;1445;1978;1326;1886;1244;2037;1138;2058;1002;2121;900;2092;1496;2228;1386;2525;1251;2669;1237;2705;1130;778;1316
MA-0180-S28_RF14.dw.png;MA-0180;35.05248485;-4.061670769;2024;Mediterranean;colony;New material;1326;1279;1421;1284;1510;1550;1569;1387;1608;1100;1777;1576;1955;1699;1902;1616;2084;1512;1981;1440;2117;1328;2139;1200;2202;1098;2182;1675;2312;1560;2601;1433;2739;1424;2773;1327;856;1509
MA-0180-S28_RF15.dw.png;MA-0180;35.05248485;-4.061670769;2024;Mediterranean;colony;New material;1154;1171;1246;1179;1367;1455;1391;1276;1417;999;1633;1481;1789;1601;1741;1521;1921;1417;1794;1332;1938;1237;1963;1096;2023;1000;2025;1585;2161;1466;2438;1344;2554;1336;2588;1249;705;1412
MA-0180-S28_RF16.dw.png;MA-0180;35.05248485;-4.061670769;2024;Mediterranean;colony;New material;975;985;1054;985;1193;1254;1200;1086;1267;821;1442;1272;1622;1386;1552;1305;1728;1200;1618;1134;1762;1039;1784;902;1842;806;1847;1361;1968;1239;2249;1111;2368;1105;2401;1016;541;1237
MA-0180-S28_RF2.dw.png;MA-0180;35.05248485;-4.061670769;2024;Mediterranean;colony;New material;834;1117;911;1115;1059;1400;1083;1219;1132;931;1357;1423;1523;1532;1473;1459;1629;1354;1552;1291;1675;1171;1697;1029;1762;920;1778;1511;1892;1396;2188;1259;2328;1244;2350;1136;406;1365
MA-0180-S28_RF4.dw.png;MA-0180;35.05248485;-4.061670769;2024;Mediterranean;colony;New material;1109;1094;1184;1094;1324;1372;1337;1181;1363;890;1597;1379;1756;1493;1697;1411;1872;1291;1759;1220;1881;1099;1886;957;1938;849;1982;1455;2103;1316;2381;1166;2503;1153;2526;1049;644;1350
MA-0180-S28_RF5.dw.png;MA-0180;35.05248485;-4.061670769;2024;Mediterranean;colony;New material;1085;1104;1157;1098;1316;1372;1310;1187;1347;905;1572;1376;1762;1487;1703;1411;1839;1295;1736;1228;1867;1117;1874;977;1930;877;1985;1459;2116;1330;2398;1189;2507;1179;2537;1089;648;1365
MA-0180-S28_RF6.dw.png;MA-0180;35.05248485;-4.061670769;2024;Mediterranean;colony;New material;949;957;1012;951;1135;1235;1167;1050;1218;768;1415;1259;1592;1370;1537;1294;1678;1193;1591;1115;1708;1002;1731;864;1802;749;1811;1352;1937;1232;2250;1091;2356;1078;2386;979;485;1199
MA-0180-S28_RF7.dw.png;MA-0180;35.05248485;-4.061670769;2024;Mediterranean;colony;New material;1082;1307;1155;1306;1292;1575;1298;1394;1346;1121;1525;1589;1709;1702;1650;1628;1819;1522;1696;1441;1825;1335;1849;1202;1905;1095;1914;1676;2047;1553;2323;1413;2447;1401;2472;1312;655;1554
MA-0180-S28_RF8.dw.png;MA-0180;35.05248485;-4.061670769;2024;Mediterranean;colony;New material;993;1048;1079;1050;1194;1332;1218;1145;1264;873;1448;1338;1627;1459;1573;1379;1740;1275;1641;1200;1765;1094;1782;957;1842;853;1857;1431;1975;1313;2256;1186;2372;1175;2405;1071;537;1296
MA-0180-S28_RF9.dw.png;MA-0180;35.05248485;-4.061670769;2024;Mediterranean;colony;New material;1102;1102;1181;1106;1319;1382;1331;1202;1379;919;1592;1401;1779;1512;1727;1442;1906;1327;1793;1253;1909;1148;1926;1007;1996;901;2007;1486;2132;1366;2438;1231;2548;1220;2571;1133;642;1348
MA-0181-S29_LF1.dw.png;MA-0181;35.08522106;-4.080134779;2024;Mediterranean;colony;New material;1081;1147;1157;1145;1289;1428;1322;1243;1373;940;1572;1450;1755;1566;1693;1488;1839;1366;1757;1296;1897;1169;1903;1017;1972;896;1977;1541;2117;1405;2434;1254;2540;1241;2571;1125;615;1404
MA-0181-S29_LF11.dw.png;MA-0181;35.08522106;-4.080134779;2024;Mediterranean;colony;New material;1134;1105;1199;1100;1328;1363;1364;1182;1382;893;1606;1362;1777;1462;1717;1392;1891;1272;1779;1197;1899;1078;1917;939;1974;832;2005;1421;2136;1299;2428;1147;2555;1128;2556;1021;682;1375
MA-0181-S29_LF12.dw.png;MA-0181;35.08522106;-4.080134779;2024;Mediterranean;colony;New material;982;1165;1074;1162;1195;1428;1223;1245;1252;961;1505;1425;1703;1536;1634;1457;1762;1340;1651;1273;1777;1157;1784;1017;1833;905;1910;1500;2031;1372;2306;1217;2424;1203;2450;1098;564;1458
MA-0181-S29_LF13.dw.png;MA-0181;35.08522106;-4.080134779;2024;Mediterranean;colony;New material;1164;957;1241;958;1391;1222;1389;1052;1436;776;1641;1241;1793;1347;1738;1272;1884;1171;1801;1101;1916;1003;1932;873;1995;769;2005;1326;2134;1215;2422;1092;2535;1084;2569;989;720;1198
MA-0181-S29_LF14.dw.png;MA-0181;35.08522106;-4.080134779;2024;Mediterranean;colony;New material;1250;1139;1332;1141;1435;1420;1458;1235;1527;969;1713;1450;1880;1574;1833;1495;1983;1398;1882;1311;2023;1215;2045;1086;2135;984;2099;1559;2223;1454;2532;1341;2659;1336;2695;1237;772;1361
MA-0181-S29_LF15.dw.png;MA-0181;35.08522106;-4.080134779;2024;Mediterranean;colony;New material;918;956;981;955;1086;1233;1147;1064;1184;774;1387;1268;1549;1384;1499;1306;1647;1194;1550;1118;1686;1015;1715;884;1783;774;1783;1367;1916;1253;2209;1132;2352;1125;2365;1019;450;1175
MA-0181-S29_LF16.dw.png;MA-0181;35.08522106;-4.080134779;2024;Mediterranean;colony;New material;1191;1178;1250;1177;1397;1467;1404;1277;1451;1001;1660;1498;1814;1613;1760;1533;1912;1428;1842;1364;1967;1256;1986;1127;2046;1019;2045;1589;2154;1485;2453;1364;2578;1359;2617;1265;743;1422
MA-0181-S29_LF17.dw.png;MA-0181;35.08522106;-4.080134779;2024;Mediterranean;colony;New material;1391;1208;1442;1202;1590;1476;1614;1294;1665;1017;1889;1490;2049;1596;1999;1520;2167;1413;2044;1335;2162;1210;2176;1078;2261;990;2281;1563;2411;1434;2687;1301;2810;1291;2843;1192;935;1458
MA-0181-S29_LF2.dw.png;MA-0181;35.08522106;-4.080134779;2024;Mediterranean;colony;New material;911;1357;991;1358;1094;1647;1132;1450;1190;1183;1382;1669;1541;1786;1495;1705;1648;1592;1565;1530;1698;1406;1721;1270;1789;1171;1769;1765;1902;1638;2184;1504;2320;1496;2341;1398;476;1610
MA-0181-S29_LF3.dw.png;MA-0181;35.08522106;-4.080134779;2024;Mediterranean;colony;New material;1010;1265;1090;1257;1201;1520;1255;1347;1259;1053;1515;1518;1713;1618;1645;1546;1815;1429;1695;1366;1807;1257;1807;1117;1866;1003;1908;1582;2047;1447;2291;1312;2414;1291;2464;1194;575;1529
MA-0181-S29_LF4.dw.png;MA-0181;35.08522106;-4.080134779;2024;Mediterranean;colony;New material;1271;1141;1353;1142;1493;1420;1491;1233;1522;952;1743;1422;1929;1535;1874;1456;2035;1345;1918;1278;2033;1165;2059;1021;2113;915;2133;1501;2260;1369;2545;1223;2675;1202;2691;1101;840;1410
MA-0181-S29_LF6.dw.png;MA-0181;35.08522106;-4.080134779;2024;Mediterranean;colony;New material;1146;1246;1226;1243;1353;1513;1381;1340;1393;1058;1636;1521;1822;1620;1757;1548;1898;1429;1796;1367;1933;1253;1933;1116;1988;1004;2047;1578;2159;1457;2420;1311;2574;1288;2599;1191;695;1521
MA-0181-S29_LF7.dw.png;MA-0181;35.08522106;-4.080134779;2024;Mediterranean;colony;New material;1261;1064;1349;1056;1497;1327;1513;1151;1507;853;1762;1321;1956;1428;1892;1348;2041;1229;1930;1166;2049;1049;2068;902;2117;783;2168;1380;2291;1256;2584;1091;2711;1068;2723;955;845;1340
MA-0181-S29_LF8.dw.png;MA-0181;35.08522106;-4.080134779;2024;Mediterranean;colony;New material;1112;1252;1181;1257;1305;1563;1319;1366;1383;1084;1550;1596;1705;1723;1666;1641;1826;1536;1718;1447;1868;1353;1901;1218;1968;1099;1914;1714;2068;1591;2360;1478;2506;1475;2555;1380;642;1489
MA-0181-S29_LF9.dw.png;MA-0181;35.08522106;-4.080134779;2024;Mediterranean;colony;New material;1255;1277;1314;1271;1440;1552;1485;1372;1506;1080;1737;1572;1908;1679;1856;1609;2012;1484;1903;1413;2021;1292;2034;1149;2092;1042;2148;1643;2269;1522;2549;1376;2667;1362;2687;1255;817;1537
MA-0181-S29_RF1.dw.png;MA-0181;35.08522106;-4.080134779;2024;Mediterranean;colony;New material;1061;1096;1141;1092;1254;1362;1306;1185;1348;883;1577;1373;1762;1480;1699;1404;1839;1275;1749;1215;1883;1088;1882;936;1937;823;1987;1445;2114;1308;2426;1153;2515;1146;2539;1040;608;1371
MA-0181-S29_RF11.dw.png;MA-0181;35.08522106;-4.080134779;2024;Mediterranean;colony;New material;1171;1316;1235;1313;1359;1585;1396;1408;1429;1121;1621;1601;1796;1711;1728;1637;1905;1528;1798;1446;1934;1341;1966;1207;2028;1115;2008;1688;2158;1572;2456;1447;2578;1441;2594;1341;706;1554
MA-0181-S29_RF12.dw.png;MA-0181;35.08522106;-4.080134779;2024;Mediterranean;colony;New material;1166;1176;1243;1175;1326;1451;1375;1275;1453;996;1616;1486;1792;1618;1746;1533;1892;1429;1812;1356;1937;1248;1952;1112;2036;1006;2000;1605;2152;1489;2446;1370;2576;1372;2606;1275;698;1400
MA-0181-S29_RF13.dw.png;MA-0181;35.08522106;-4.080134779;2024;Mediterranean;colony;New material;945;1032;1018;1031;1185;1294;1169;1121;1214;846;1429;1305;1597;1408;1532;1336;1680;1221;1600;1161;1708;1057;1722;926;1772;827;1809;1372;1928;1258;2216;1130;2332;1120;2361;1029;509;1286
MA-0181-S29_RF14.dw.png;MA-0181;35.08522106;-4.080134779;2024;Mediterranean;colony;New material;1180;1194;1259;1194;1372;1473;1391;1286;1464;1014;1677;1503;1838;1616;1782;1538;1943;1436;1836;1358;1976;1254;1987;1117;2074;1014;2052;1596;2181;1479;2487;1362;2610;1355;2632;1254;703;1423
MA-0181-S29_RF15.dw.png;MA-0181;35.08522106;-4.080134779;2024;Mediterranean;colony;New material;1110;1113;1176;1108;1286;1369;1345;1203;1360;911;1600;1386;1785;1489;1721;1418;1859;1296;1764;1229;1886;1119;1906;984;1961;873;2015;1457;2138;1331;2420;1191;2551;1177;2555;1074;660;1358
MA-0181-S29_RF16.dw.png;MA-0181;35.08522106;-4.080134779;2024;Mediterranean;colony;New material;1109;1152;1165;1152;1322;1442;1334;1260;1365;980;1570;1467;1731;1579;1674;1504;1827;1402;1764;1340;1889;1228;1890;1090;1966;995;1973;1563;2083;1458;2378;1334;2496;1326;2535;1228;657;1393
MA-0181-S29_RF17.dw.png;MA-0181;35.08522106;-4.080134779;2024;Mediterranean;colony;New material;1065;1233;1118;1230;1293;1519;1280;1324;1344;1038;1583;1538;1740;1640;1683;1571;1858;1460;1734;1377;1850;1260;1861;1125;1940;1022;1968;1617;2103;1488;2388;1353;2508;1340;2550;1243;611;1481
MA-0181-S29_RF2.dw.png;MA-0181;35.08522106;-4.080134779;2024;Mediterranean;colony;New material;1184;1048;1256;1045;1402;1332;1407;1131;1451;857;1677;1344;1846;1448;1783;1370;1942;1259;1845;1193;1971;1063;1985;924;2040;831;2060;1419;2197;1285;2467;1148;2590;1136;2613;1041;771;1327
MA-0181-S29_RF3.dw.png;MA-0181;35.08522106;-4.080134779;2024;Mediterranean;colony;New material;1300;937;1378;936;1501;1210;1536;1037;1570;749;1783;1226;1975;1336;1911;1262;2079;1151;1978;1084;2091;985;2102;846;2161;736;2169;1311;2318;1187;2571;1067;2689;1055;2735;962;865;1196
MA-0181-S29_RF4.dw.png;MA-0181;35.08522106;-4.080134779;2024;Mediterranean;colony;New material;1136;1144;1214;1148;1348;1427;1346;1240;1395;961;1592;1438;1792;1562;1735;1482;1902;1376;1794;1305;1907;1197;1939;1055;1995;958;1995;1536;2132;1411;2420;1281;2544;1274;2559;1191;679;1390
MA-0181-S29_RF5.dw.png;MA-0181;35.08522106;-4.080134779;2024;Mediterranean;colony;New material;1024;1116;1099;1112;1242;1393;1258;1203;1308;915;1526;1403;1699;1512;1630;1434;1802;1314;1701;1237;1825;1130;1848;990;1903;882;1915;1480;2065;1352;2371;1209;2476;1199;2510;1102;575;1394
MA-0181-S29_RF6.dw.png;MA-0181;35.08522106;-4.080134779;2024;Mediterranean;colony;New material;888;1230;968;1233;1085;1514;1115;1341;1169;1059;1364;1543;1544;1657;1484;1581;1627;1465;1536;1399;1686;1300;1695;1159;1759;1050;1777;1629;1897;1520;2178;1389;2322;1384;2347;1288;425;1469
MA-0181-S29_RF7.dw.png;MA-0181;35.08522106;-4.080134779;2024;Mediterranean;colony;New material;1183;1287;1266;1282;1412;1555;1425;1379;1445;1084;1684;1566;1871;1677;1808;1600;1967;1488;1864;1421;1980;1306;2009;1158;2053;1046;2095;1647;2221;1526;2520;1379;2636;1365;2664;1259;753;1540
MA-0181-S29_RF8.dw.png;MA-0181;35.08522106;-4.080134779;2024;Mediterranean;colony;New material;1095;1082;1169;1085;1300;1381;1292;1174;1364;901;1556;1406;1728;1529;1677;1445;1839;1334;1725;1254;1868;1150;1887;1013;1943;898;1926;1507;2082;1378;2375;1250;2511;1242;2550;1151;634;1338
MA-0181-S29_RF9.dw.png;MA-0181;35.08522106;-4.080134779;2024;Mediterranean;colony;New material;1142;1105;1197;1101;1313;1393;1369;1217;1412;924;1605;1427;1771;1548;1727;1472;1881;1357;1795;1287;1916;1170;1928;1023;1995;930;2014;1529;2132;1415;2439;1284;2546;1279;2575;1172;690;1342
MA-0182-S2_LF1.dw.png;MA-0182;34.581548;-4.643763;2024;Mediterranean;flower;New material;1178;1089;1245;1086;1364;1364;1397;1186;1449;890;1606;1375;1801;1495;1742;1415;1901;1305;1825;1238;1949;1128;1964;974;2031;872;2041;1469;2159;1353;2456;1223;2599;1209;2638;1110;718;1326
MA-0182-S2_LF10.dw.png;MA-0182;34.581548;-4.643763;2024;Mediterranean;flower;New material;1006;1280;1100;1274;1222;1559;1254;1376;1301;1063;1517;1580;1713;1700;1644;1618;1803;1505;1694;1427;1846;1302;1875;1167;1950;1038;1940;1668;2074;1552;2389;1385;2524;1364;2545;1254;571;1549
MA-0182-S2_LF2.dw.png;MA-0182;34.581548;-4.643763;2024;Mediterranean;flower;New material;975;1313;1050;1306;1218;1591;1227;1392;1256;1106;1515;1600;1701;1706;1648;1636;1805;1521;1682;1442;1804;1327;1813;1184;1891;1071;1919;1669;2050;1544;2344;1388;2488;1372;2518;1284;528;1615
MA-0182-S2_LF3.dw.png;MA-0182;34.581548;-4.643763;2024;Mediterranean;flower;New material;920;1322;977;1310;1111;1582;1160;1396;1183;1091;1424;1579;1625;1678;1554;1602;1697;1467;1596;1406;1723;1284;1723;1124;1782;1001;1854;1633;1980;1493;2274;1323;2424;1300;2445;1190;465;1623
MA-0182-S2_LF4.dw.png;MA-0182;34.581548;-4.643763;2024;Mediterranean;flower;New material;944;1228;1013;1219;1173;1486;1190;1300;1209;998;1473;1475;1663;1573;1590;1496;1740;1353;1647;1298;1755;1168;1755;1019;1797;906;1901;1511;2011;1361;2309;1193;2424;1169;2446;1071;525;1542
MA-0182-S2_LF5.dw.png;MA-0182;34.581548;-4.643763;2024;Mediterranean;flower;New material;995;1204;1089;1196;1250;1475;1230;1278;1253;986;1496;1473;1671;1571;1625;1508;1791;1386;1671;1318;1819;1190;1824;1048;1885;944;1918;1539;2054;1411;2353;1250;2478;1233;2513;1132;563;1495
MA-0182-S2_LF6.dw.png;MA-0182;34.581548;-4.643763;2024;Mediterranean;flower;New material;955;1203;1032;1196;1141;1473;1186;1277;1242;983;1482;1482;1659;1579;1594;1506;1776;1377;1675;1315;1790;1195;1793;1052;1857;938;1908;1531;2047;1406;2337;1268;2451;1250;2490;1154;505;1488
MA-0182-S2_LF7.dw.png;MA-0182;34.581548;-4.643763;2024;Mediterranean;flower;New material;1010;1201;1073;1194;1259;1498;1261;1298;1269;987;1539;1507;1737;1625;1685;1546;1852;1422;1712;1332;1854;1220;1879;1074;1949;971;1985;1579;2124;1450;2408;1312;2534;1299;2546;1206;556;1500
MA-0182-S2_LF8.dw.png;MA-0182;34.581548;-4.643763;2024;Mediterranean;flower;New material;1080;1376;1148;1366;1341;1630;1322;1444;1329;1153;1616;1617;1812;1716;1744;1643;1888;1527;1772;1456;1899;1331;1907;1182;1957;1068;2043;1663;2146;1551;2451;1374;2547;1352;2570;1243;628;1683
MA-0182-S2_LF9.dw.png;MA-0182;34.581548;-4.643763;2024;Mediterranean;flower;New material;1028;1223;1094;1211;1237;1477;1269;1295;1288;995;1546;1478;1719;1574;1657;1507;1825;1378;1717;1311;1845;1192;1841;1049;1902;932;1955;1537;2077;1406;2390;1253;2498;1241;2532;1136;562;1520
MA-0182-S2_RF1.dw.png;MA-0182;34.581548;-4.643763;2024;Mediterranean;flower;New material;1018;1271;1080;1259;1240;1529;1249;1342;1269;1041;1517;1516;1725;1602;1649;1538;1801;1413;1709;1348;1818;1225;1816;1070;1858;960;1949;1559;2053;1436;2340;1266;2473;1238;2494;1150;592;1568
MA-0182-S2_RF10.dw.png;MA-0182;34.581548;-4.643763;2024;Mediterranean;flower;New material;888;1281;983;1262;1154;1533;1153;1346;1168;1028;1438;1520;1636;1616;1563;1543;1707;1402;1613;1343;1731;1202;1743;1057;1799;933;1873;1556;1984;1420;2276;1227;2404;1196;2413;1100;489;1596
MA-0182-S2_RF2.dw.png;MA-0182;34.581548;-4.643763;2024;Mediterranean;flower;New material;870;1141;943;1132;1108;1418;1122;1212;1152;930;1419;1425;1612;1532;1520;1477;1702;1339;1585;1268;1705;1146;1709;998;1782;883;1823;1496;1950;1368;2251;1207;2385;1190;2424;1086;432;1448
MA-0182-S2_RF3.dw.png;MA-0182;34.581548;-4.643763;2024;Mediterranean;flower;New material;934;1269;990;1258;1122;1532;1161;1345;1207;1045;1426;1538;1628;1642;1565;1568;1725;1440;1609;1376;1744;1244;1745;1090;1814;970;1868;1598;1995;1467;2308;1302;2444;1280;2460;1169;470;1553
MA-0182-S2_RF4.dw.png;MA-0182;34.581548;-4.643763;2024;Mediterranean;flower;New material;1000;1167;1074;1154;1248;1412;1271;1227;1255;926;1540;1383;1734;1466;1655;1396;1793;1249;1715;1204;1807;1062;1799;918;1830;801;1973;1398;2071;1245;2350;1064;2481;1034;2503;933;603;1506
MA-0182-S2_RF5.dw.png;MA-0182;34.581548;-4.643763;2024;Mediterranean;flower;New material;972;1179;1061;1168;1237;1440;1209;1246;1217;953;1481;1428;1657;1530;1606;1460;1775;1335;1653;1271;1778;1138;1781;991;1834;884;1897;1482;2031;1348;2325;1181;2447;1160;2473;1055;560;1488
MA-0182-S2_RF6.dw.png;MA-0182;34.581548;-4.643763;2024;Mediterranean;flower;New material;906;1164;991;1151;1119;1420;1145;1222;1181;934;1450;1409;1634;1501;1567;1427;1728;1287;1634;1236;1740;1107;1732;962;1791;839;1873;1442;1990;1307;2279;1148;2396;1120;2436;1015;484;1478
MA-0182-S2_RF7.dw.png;MA-0182;34.581548;-4.643763;2024;Mediterranean;flower;New material;912;1156;979;1145;1198;1430;1185;1236;1157;926;1466;1417;1667;1515;1611;1443;1760;1309;1622;1226;1751;1108;1765;958;1825;843;1926;1454;2040;1314;2310;1150;2436;1124;2442;1011;489;1486
MA-0182-S2_RF8.dw.png;MA-0182;34.581548;-4.643763;2024;Mediterranean;flower;New material;1290;1229;1362;1219;1518;1492;1525;1305;1543;1018;1796;1495;1985;1598;1923;1527;2074;1414;1965;1343;2097;1221;2112;1076;2169;959;2220;1561;2329;1453;2644;1290;2745;1265;2771;1169;810;1514
MA-0182-S2_RF9.dw.png;MA-0182;34.581548;-4.643763;2024;Mediterranean;flower;New material;1074;1358;1147;1349;1284;1615;1317;1434;1356;1144;1602;1628;1762;1725;1710;1654;1875;1530;1770;1462;1897;1340;1893;1201;1949;1092;1998;1689;2135;1561;2430;1410;2544;1394;2576;1289;610;1647
MA-0183-S30_LF1.dw.png;MA-0183;35.0319;-4.0739;2024;Mediterranean;colony;New material;1280;1309;1352;1303;1492;1580;1519;1396;1548;1101;1767;1594;1945;1705;1889;1629;2047;1517;1937;1448;2073;1326;2109;1172;2161;1042;2187;1666;2304;1553;2628;1397;2754;1381;2789;1277;832;1570
MA-0183-S30_LF10.dw.png;MA-0183;35.0319;-4.0739;2024;Mediterranean;colony;New material;1361;1280;1418;1276;1540;1575;1590;1385;1642;1086;1839;1598;2036;1714;1966;1633;2146;1527;2024;1438;2173;1338;2194;1192;2260;1088;2285;1685;2404;1571;2690;1428;2824;1416;2846;1331;911;1545
MA-0183-S30_LF11.dw.png;MA-0183;35.0319;-4.0739;2024;Mediterranean;colony;New material;1152;1073;1215;1068;1343;1344;1364;1161;1414;886;1610;1361;1810;1478;1747;1401;1918;1295;1804;1209;1945;1110;1971;969;2016;864;2067;1446;2203;1328;2502;1197;2610;1186;2636;1099;736;1352
MA-0183-S30_LF12.dw.png;MA-0183;35.0319;-4.0739;2024;Mediterranean;colony;New material;1187;978;1252;973;1393;1252;1406;1070;1470;790;1677;1271;1871;1380;1826;1311;1983;1200;1865;1127;1991;1017;2004;873;2067;771;2110;1346;2222;1231;2494;1092;2631;1081;2662;978;739;1230
MA-0183-S30_LF13.dw.png;MA-0183;35.0319;-4.0739;2024;Mediterranean;colony;New material;1207;1235;1282;1228;1430;1513;1444;1328;1475;1026;1710;1519;1887;1632;1841;1551;1994;1436;1892;1369;2021;1251;2035;1104;2099;982;2140;1591;2260;1467;2564;1314;2698;1300;2713;1196;746;1491
MA-0183-S30_LF14.dw.png;MA-0183;35.0319;-4.0739;2024;Mediterranean;colony;New material;1229;1244;1303;1237;1400;1508;1454;1327;1487;1053;1707;1529;1890;1645;1838;1568;1987;1455;1889;1381;2032;1275;2067;1150;2122;1040;2141;1614;2236;1502;2515;1370;2678;1354;2700;1260;800;1518
MA-0183-S30_LF15.dw.png;MA-0183;35.0319;-4.0739;2024;Mediterranean;colony;New material;1151;1190;1208;1185;1371;1457;1409;1295;1426;1004;1676;1475;1833;1585;1772;1502;1923;1390;1847;1331;1948;1215;1956;1079;2018;966;2078;1544;2205;1417;2479;1292;2622;1268;2651;1171;693;1443
MA-0183-S30_LF16.dw.png;MA-0183;35.0319;-4.0739;2024;Mediterranean;colony;New material;1242;1265;1317;1254;1420;1513;1463;1333;1479;1065;1719;1529;1898;1636;1844;1564;1982;1445;1892;1380;2025;1275;2053;1144;2107;1031;2149;1602;2251;1483;2516;1353;2667;1334;2693;1235;807;1517
MA-0183-S30_LF17.dw.png;MA-0183;35.0319;-4.0739;2024;Mediterranean;colony;New material;1181;1276;1257;1268;1349;1531;1422;1364;1450;1077;1681;1554;1861;1668;1807;1590;1969;1485;1855;1409;1999;1305;2028;1172;2084;1063;2108;1635;2228;1517;2498;1390;2654;1377;2675;1285;734;1518
MA-0183-S30_LF18.dw.png;MA-0183;35.0319;-4.0739;2024;Mediterranean;colony;New material;1182;1276;1256;1268;1351;1533;1422;1365;1450;1077;1683;1553;1867;1665;1808;1589;1969;1483;1854;1409;1998;1305;2025;1170;2083;1065;2109;1632;2228;1515;2499;1386;2653;1375;2675;1284;734;1521
MA-0183-S30_LF2.dw.png;MA-0183;35.0319;-4.0739;2024;Mediterranean;colony;New material;953;1283;1024;1281;1195;1554;1215;1383;1228;1089;1486;1570;1645;1682;1585;1600;1724;1485;1627;1422;1763;1312;1786;1171;1847;1060;1894;1644;2022;1522;2299;1394;2438;1375;2459;1273;501;1545
MA-0183-S30_LF20.dw.png;MA-0183;35.0319;-4.0739;2024;Mediterranean;colony;New material;1140;1069;1200;1068;1351;1368;1375;1176;1411;879;1630;1386;1805;1497;1760;1424;1908;1307;1801;1242;1932;1125;1948;989;2012;876;2028;1469;2171;1346;2451;1220;2598;1206;2645;1110;686;1309
MA-0183-S30_LF21.dw.png;MA-0183;35.0319;-4.0739;2024;Mediterranean;colony;New material;1027;1336;1104;1330;1252;1609;1277;1431;1309;1133;1547;1625;1732;1730;1669;1658;1840;1542;1719;1467;1852;1361;1867;1225;1933;1108;1958;1705;2095;1573;2367;1445;2511;1431;2548;1329;568;1610
MA-0183-S30_LF22.dw.png;MA-0183;35.0319;-4.0739;2024;Mediterranean;colony;New material;1236;1305;1312;1298;1433;1570;1458;1386;1492;1115;1713;1590;1883;1697;1832;1623;1980;1520;1882;1446;2028;1346;2056;1212;2119;1110;2130;1674;2252;1564;2542;1443;2680;1432;2703;1339;766;1515
MA-0183-S30_LF24.dw.png;MA-0183;35.0319;-4.0739;2024;Mediterranean;colony;New material;1170;1427;1247;1415;1414;1685;1419;1511;1414;1222;1660;1689;1838;1795;1774;1719;1936;1615;1841;1553;1961;1428;1962;1288;2022;1182;2052;1761;2171;1640;2467;1496;2582;1485;2615;1396;766;1702
MA-0183-S30_LF3.dw.png;MA-0183;35.0319;-4.0739;2024;Mediterranean;colony;New material;1213;1127;1289;1122;1426;1386;1446;1213;1461;931;1694;1401;1885;1510;1822;1435;1957;1316;1869;1255;1996;1142;2016;1010;2087;904;2105;1473;2217;1355;2506;1209;2638;1193;2663;1104;757;1362
MA-0183-S30_LF34.dw.png;MA-0183;35.0319;-4.0739;2024;Mediterranean;colony;New material;1001;905;1059;901;1223;1193;1230;1002;1261;709;1484;1220;1657;1343;1612;1266;1765;1152;1649;1064;1804;967;1833;819;1888;715;1910;1325;2036;1201;2322;1071;2450;1069;2482;971;544;1142
MA-0183-S30_LF4.dw.png;MA-0183;35.0319;-4.0739;2024;Mediterranean;colony;New material;1272;1324;1326;1322;1480;1603;1474;1409;1539;1143;1762;1619;1924;1723;1872;1650;2036;1536;1934;1463;2053;1353;2062;1215;2115;1098;2161;1679;2269;1563;2549;1418;2685;1395;2721;1294;823;1575
MA-0183-S30_LF5.dw.png;MA-0183;35.0319;-4.0739;2024;Mediterranean;colony;New material;1175;1111;1228;1106;1397;1344;1385;1182;1432;917;1670;1332;1857;1423;1795;1356;1939;1235;1844;1184;1957;1066;1957;931;1990;834;2081;1373;2182;1248;2461;1090;2578;1071;2603;991;744;1375
MA-0183-S30_LF6.dw.png;MA-0183;35.0319;-4.0739;2024;Mediterranean;colony;New material;1203;1173;1288;1162;1463;1435;1468;1256;1458;965;1732;1434;1905;1535;1845;1461;1981;1343;1887;1279;2007;1164;2024;1027;2083;909;2156;1491;2269;1373;2549;1220;2682;1198;2687;1097;753;1439
MA-0183-S30_LF7.dw.png;MA-0183;35.0319;-4.0739;2024;Mediterranean;colony;New material;1182;1329;1243;1324;1374;1610;1402;1422;1435;1143;1667;1628;1827;1743;1782;1666;1943;1552;1829;1471;1954;1361;1972;1230;2031;1116;2066;1710;2204;1578;2468;1448;2609;1434;2635;1327;735;1589
MA-0183-S30_LF8.dw.png;MA-0183;35.0319;-4.0739;2024;Mediterranean;colony;New material;1128;1242;1203;1242;1406;1528;1359;1334;1394;1046;1634;1528;1795;1635;1739;1555;1912;1445;1780;1363;1912;1249;1928;1111;1987;995;2009;1592;2143;1461;2439;1299;2560;1277;2604;1179;675;1503
MA-0183-S30_LF9.dw.png;MA-0183;35.0319;-4.0739;2024;Mediterranean;colony;New material;1240;1403;1314;1401;1521;1685;1472;1492;1503;1204;1746;1684;1912;1786;1853;1709;2026;1595;1892;1514;2022;1401;2038;1263;2093;1143;2122;1743;2255;1610;2550;1444;2671;1420;2712;1321;790;1670
MA-0183-S30_RF10.dw.png;MA-0183;35.0319;-4.0739;2024;Mediterranean;colony;New material;1064;1088;1148;1091;1312;1359;1315;1191;1357;908;1589;1373;1762;1475;1703;1402;1858;1290;1745;1222;1876;1118;1886;979;1933;871;2004;1448;2135;1320;2405;1183;2529;1174;2565;1089;629;1341
MA-0183-S30_RF11.dw.png;MA-0183;35.0319;-4.0739;2024;Mediterranean;colony;New material;1062;1334;1124;1326;1266;1594;1285;1416;1319;1129;1549;1596;1765;1701;1689;1627;1860;1516;1731;1438;1872;1328;1891;1183;1929;1079;2024;1656;2147;1533;2433;1397;2542;1388;2557;1296;661;1632
MA-0183-S30_RF12.dw.png;MA-0183;35.0319;-4.0739;2024;Mediterranean;colony;New material;1200;1234;1265;1230;1405;1510;1433;1330;1480;1049;1693;1532;1879;1644;1823;1568;1987;1462;1873;1389;2002;1282;2017;1138;2083;1032;2110;1615;2232;1497;2509;1364;2645;1351;2681;1251;749;1484
MA-0183-S30_RF13.dw.png;MA-0183;35.0319;-4.0739;2024;Mediterranean;colony;New material;1124;1112;1194;1106;1333;1394;1370;1215;1393;905;1623;1415;1801;1529;1745;1450;1907;1341;1803;1272;1930;1145;1951;1004;2021;886;2038;1495;2159;1380;2476;1239;2612;1224;2649;1122;649;1354
MA-0183-S30_RF14.dw.png;MA-0183;35.0319;-4.0739;2024;Mediterranean;colony;New material;1024;1024;1103;1019;1198;1295;1252;1118;1302;843;1496;1325;1683;1448;1633;1371;1781;1258;1703;1188;1843;1083;1875;955;1930;861;1934;1427;2047;1316;2324;1199;2473;1191;2505;1104;582;1274
MA-0183-S30_RF16.dw.png;MA-0183;35.0319;-4.0739;2024;Mediterranean;colony;New material;1284;1044;1366;1032;1461;1286;1494;1104;1521;839;1771;1295;1957;1402;1903;1329;2035;1206;1939;1143;2075;1038;2097;903;2143;791;2187;1362;2299;1239;2566;1102;2705;1088;2728;993;854;1302
MA-0183-S30_RF2.dw.png;MA-0183;35.0319;-4.0739;2024;Mediterranean;colony;New material;953;1109;1030;1105;1224;1374;1227;1202;1223;905;1515;1378;1674;1479;1610;1398;1744;1277;1649;1217;1776;1101;1783;954;1835;848;1911;1432;2073;1287;2321;1147;2443;1129;2466;1019;534;1405
MA-0183-S30_RF20.dw.png;MA-0183;35.0319;-4.0739;2024;Mediterranean;colony;New material;1063;1000;1133;998;1288;1276;1309;1091;1350;810;1579;1297;1749;1400;1691;1317;1848;1205;1752;1139;1887;1023;1909;881;1973;783;1983;1360;2113;1230;2386;1095;2516;1078;2535;970;662;1283
MA-0183-S30_RF21.dw.png;MA-0183;35.0319;-4.0739;2024;Mediterranean;colony;New material;972;945;1042;944;1195;1218;1209;1039;1250;746;1498;1232;1683;1332;1616;1261;1785;1147;1669;1076;1796;964;1810;832;1871;717;1907;1302;2036;1169;2316;1038;2450;1027;2481;926;519;1227
MA-0183-S30_RF22.dw.png;MA-0183;35.0319;-4.0739;2024;Mediterranean;colony;New material;1464;1103;1535;1096;1679;1363;1690;1179;1708;903;1965;1372;2137;1465;2081;1399;2224;1288;2115;1216;2256;1112;2277;980;2332;876;2371;1432;2501;1317;2777;1185;2898;1169;2919;1068;1009;1340
MA-0183-S30_RF24.dw.png;MA-0183;35.0319;-4.0739;2024;Mediterranean;colony;New material;1097;1103;1168;1095;1319;1371;1334;1201;1351;909;1583;1391;1752;1497;1690;1421;1857;1321;1776;1259;1890;1139;1897;1001;1956;899;1969;1472;2100;1357;2406;1229;2515;1227;2541;1144;677;1362
MA-0183-S30_RF3.dw.png;MA-0183;35.0319;-4.0739;2024;Mediterranean;colony;New material;1248;986;1317;976;1487;1244;1473;1052;1496;764;1767;1244;1950;1341;1891;1271;2015;1141;1925;1085;2046;955;2060;821;2115;707;2166;1297;2281;1167;2549;1008;2675;986;2695;889;813;1266
MA-0183-S30_RF33.dw.png;MA-0183;35.0319;-4.0739;2024;Mediterranean;colony;New material;1203;998;1265;998;1414;1291;1430;1112;1494;835;1700;1337;1838;1448;1787;1371;1957;1266;1869;1198;1986;1096;2009;962;2095;848;2076;1436;2224;1314;2502;1208;2647;1199;2676;1097;707;1215
MA-0183-S30_RF4.dw.png;MA-0183;35.0319;-4.0739;2024;Mediterranean;colony;New material;1111;1196;1185;1194;1315;1475;1334;1286;1384;1012;1591;1495;1759;1613;1719;1536;1881;1434;1755;1345;1908;1251;1926;1102;1986;996;1991;1589;2135;1475;2423;1343;2562;1334;2575;1232;647;1439
MA-0183-S30_RF5.dw.png;MA-0183;35.0319;-4.0739;2024;Mediterranean;colony;New material;1094;1273;1166;1270;1303;1548;1302;1358;1359;1094;1563;1562;1743;1682;1699;1606;1865;1501;1729;1414;1891;1317;1907;1171;1962;1077;1997;1656;2130;1536;2408;1399;2544;1388;2536;1309;625;1515
MA-0183-S30_RF6.dw.png;MA-0183;35.0319;-4.0739;2024;Mediterranean;colony;New material;1092;1270;1183;1262;1343;1534;1343;1351;1358;1063;1623;1542;1800;1650;1733;1572;1895;1464;1786;1386;1908;1284;1934;1146;1985;1033;2052;1612;2163;1498;2452;1355;2573;1344;2589;1248;633;1520
MA-0183-S30_RF8.dw.png;MA-0183;35.0319;-4.0739;2024;Mediterranean;colony;New material;1115;1138;1194;1139;1394;1427;1355;1236;1394;944;1638;1435;1796;1541;1732;1460;1913;1350;1793;1273;1919;1158;1936;1020;1984;911;1998;1507;2142;1374;2444;1224;2562;1205;2605;1124;655;1394
MA-0183-S30_RF9.dw.png;MA-0183;35.0319;-4.0739;2024;Mediterranean;colony;New material;1252;1241;1330;1243;1528;1532;1491;1342;1532;1051;1771;1542;1927;1644;1865;1570;2047;1459;1927;1381;2055;1268;2072;1130;2123;1021;2136;1614;2278;1484;2579;1336;2696;1320;2742;1239;789;1495
MA-0183-S30_rF1.dw.png;MA-0183;35.0319;-4.0739;2024;Mediterranean;colony;New material;1087;1361;1151;1350;1318;1612;1340;1438;1332;1136;1594;1605;1786;1704;1724;1626;1868;1508;1768;1448;1886;1316;1899;1172;1949;1063;2025;1645;2123;1526;2445;1341;2561;1320;2588;1223;652;1665
MA-0184-S31_LF1.dw.png;MA-0184;35.0124;-4.0711;2024;Mediterranean;colony;New material;1189;952;1262;949;1407;1229;1410;1040;1455;764;1670;1238;1843;1353;1785;1276;1925;1163;1827;1096;1967;986;1981;849;2075;739;2063;1322;2185;1207;2496;1070;2610;1057;2627;955;709;1190
MA-0184-S31_LF10.dw.png;MA-0184;35.0124;-4.0711;2024;Mediterranean;colony;New material;1231;1093;1289;1086;1451;1371;1457;1175;1485;883;1722;1369;1893;1468;1844;1400;2008;1282;1873;1208;2022;1093;2040;960;2108;851;2128;1426;2245;1300;2512;1156;2639;1138;2679;1043;842;1385
MA-0184-S31_LF11.dw.png;MA-0184;35.0124;-4.0711;2024;Mediterranean;colony;New material;1391;1304;1458;1296;1580;1563;1622;1389;1642;1102;1847;1575;2024;1685;1965;1609;2139;1491;2020;1411;2153;1303;2173;1169;2244;1070;2254;1650;2385;1527;2674;1385;2813;1366;2832;1269;940;1548
MA-0184-S31_LF12.dw.png;MA-0184;35.0124;-4.0711;2024;Mediterranean;colony;New material;1201;1202;1275;1199;1401;1482;1410;1291;1465;1024;1686;1505;1849;1617;1799;1540;1943;1431;1856;1362;1978;1247;2000;1116;2086;1015;2081;1589;2207;1481;2498;1360;2618;1347;2643;1241;728;1441
MA-0184-S31_LF13.dw.png;MA-0184;35.0124;-4.0711;2024;Mediterranean;colony;New material;1217;1208;1289;1200;1428;1479;1464;1306;1477;1009;1697;1494;1864;1609;1812;1528;1945;1411;1876;1354;1995;1225;2002;1078;2077;975;2085;1579;2208;1456;2499;1305;2639;1289;2650;1186;784;1453
MA-0184-S31_LF14.dw.png;MA-0184;35.0124;-4.0711;2024;Mediterranean;colony;New material;962;974;1028;973;1146;1264;1190;1084;1243;795;1408;1290;1578;1417;1523;1329;1690;1237;1601;1162;1732;1051;1764;909;1847;802;1806;1399;1934;1291;2268;1166;2381;1161;2428;1065;506;1214
MA-0184-S31_LF15.dw.png;MA-0184;35.0124;-4.0711;2024;Mediterranean;colony;New material;899;1313;973;1302;1138;1570;1159;1398;1156;1109;1393;1571;1581;1681;1515;1599;1674;1483;1568;1417;1692;1296;1716;1163;1789;1045;1796;1643;1913;1518;2221;1359;2357;1341;2382;1234;470;1593
MA-0184-S31_LF16.dw.png;MA-0184;35.0124;-4.0711;2024;Mediterranean;colony;New material;1246;1506;1318;1500;1431;1771;1490;1603;1506;1309;1710;1786;1877;1902;1814;1820;1999;1710;1874;1630;2001;1514;2025;1379;2093;1284;2104;1867;2232;1748;2534;1608;2655;1594;2675;1497;800;1758
MA-0184-S31_LF17.dw.png;MA-0184;35.0124;-4.0711;2024;Mediterranean;colony;New material;1250;1148;1326;1145;1448;1430;1471;1241;1511;958;1726;1456;1893;1575;1845;1503;2028;1392;1879;1301;2013;1189;2039;1059;2112;959;2133;1558;2273;1433;2557;1314;2661;1310;2691;1203;777;1373
MA-0184-S31_LF18.dw.png;MA-0184;35.0124;-4.0711;2024;Mediterranean;colony;New material;1094;1156;1180;1153;1316;1446;1331;1245;1376;943;1585;1453;1767;1566;1704;1484;1880;1364;1764;1292;1886;1170;1914;1025;1986;904;1984;1534;2127;1395;2405;1245;2546;1227;2563;1117;642;1442
MA-0184-S31_LF19.dw.png;MA-0184;35.0124;-4.0711;2024;Mediterranean;colony;New material;1088;1041;1152;1034;1308;1303;1328;1122;1355;836;1600;1309;1788;1408;1732;1337;1888;1220;1769;1155;1893;1035;1898;894;1960;782;2024;1368;2136;1239;2403;1091;2537;1074;2568;968;657;1320
MA-0184-S31_LF2.dw.png;MA-0184;35.0124;-4.0711;2024;Mediterranean;colony;New material;1129;1319;1199;1317;1363;1600;1374;1413;1390;1111;1640;1614;1815;1724;1758;1649;1924;1524;1796;1454;1922;1330;1945;1185;2017;1070;2032;1688;2188;1543;2435;1404;2575;1388;2605;1283;673;1590
MA-0184-S31_LF20.dw.png;MA-0184;35.0124;-4.0711;2024;Mediterranean;colony;New material;769;1190;866;1191;983;1463;1008;1290;1045;1016;1260;1492;1419;1607;1365;1527;1527;1429;1424;1349;1556;1248;1576;1108;1641;997;1643;1586;1776;1471;2070;1339;2209;1324;2234;1221;315;1415
MA-0184-S31_LF22.dw.png;MA-0184;35.0124;-4.0711;2024;Mediterranean;colony;New material;1036;1085;1116;1083;1208;1349;1265;1176;1305;905;1493;1373;1659;1484;1599;1409;1780;1297;1672;1216;1795;1112;1815;970;1880;880;1890;1452;2021;1334;2307;1201;2442;1193;2460;1092;595;1323
MA-0184-S31_LF23.dw.png;MA-0184;35.0124;-4.0711;2024;Mediterranean;colony;New material;1091;768;1177;762;1304;1025;1312;844;1356;561;1545;1028;1733;1140;1669;1061;1838;942;1735;873;1876;754;1888;623;1948;513;1939;1105;2072;972;2372;814;2504;795;2538;695;637;1027
MA-0184-S31_LF24.dw.png;MA-0184;35.0124;-4.0711;2024;Mediterranean;colony;New material;966;1339;1019;1335;1161;1612;1171;1426;1228;1139;1432;1620;1614;1731;1567;1658;1718;1545;1588;1463;1724;1356;1750;1220;1820;1114;1824;1701;1948;1575;2254;1439;2394;1419;2405;1316;488;1590
MA-0184-S31_LF25.dw.png;MA-0184;35.0124;-4.0711;2024;Mediterranean;colony;New material;1207;1159;1274;1154;1393;1428;1432;1246;1477;966;1700;1444;1874;1555;1823;1481;1981;1373;1861;1295;1983;1175;1990;1037;2056;933;2107;1524;2232;1399;2506;1260;2644;1240;2672;1143;751;1424
MA-0184-S31_LF26.dw.png;MA-0184;35.0124;-4.0711;2024;Mediterranean;colony;New material;1111;1175;1206;1176;1326;1448;1349;1273;1385;999;1600;1471;1759;1585;1707;1508;1868;1407;1763;1328;1891;1227;1911;1088;1974;979;1984;1564;2113;1447;2406;1308;2543;1293;2567;1192;662;1407
MA-0184-S31_LF3.dw.png;MA-0184;35.0124;-4.0711;2024;Mediterranean;colony;New material;1044;1155;1103;1149;1301;1438;1291;1252;1300;953;1555;1451;1729;1555;1679;1486;1826;1358;1717;1285;1846;1162;1869;1027;1925;905;1953;1521;2085;1393;2386;1250;2516;1237;2535;1130;578;1424
MA-0184-S31_LF4.dw.png;MA-0184;35.0124;-4.0711;2024;Mediterranean;colony;New material;1183;1296;1273;1294;1397;1569;1422;1392;1422;1110;1667;1591;1823;1702;1779;1628;1924;1502;1829;1438;1950;1317;1966;1180;2032;1065;2040;1669;2161;1551;2456;1406;2585;1386;2611;1279;714;1575
MA-0184-S31_LF5.dw.png;MA-0184;35.0124;-4.0711;2024;Mediterranean;colony;New material;1069;1169;1145;1167;1298;1446;1325;1266;1357;984;1575;1462;1751;1582;1696;1502;1851;1386;1727;1304;1878;1193;1897;1046;1967;936;1971;1551;2096;1423;2385;1263;2510;1247;2533;1145;627;1438
MA-0184-S31_LF6.dw.png;MA-0184;35.0124;-4.0711;2024;Mediterranean;colony;New material;1380;1098;1449;1098;1556;1363;1592;1191;1627;912;1845;1388;2000;1506;1955;1428;2118;1321;2010;1244;2141;1133;2165;990;2232;880;2234;1480;2382;1354;2666;1216;2788;1204;2816;1100;907;1331
MA-0184-S31_LF7.dw.png;MA-0184;35.0124;-4.0711;2024;Mediterranean;colony;New material;1209;1077;1295;1078;1439;1360;1416;1139;1474;886;1723;1372;1888;1480;1834;1404;1990;1285;1898;1224;2008;1091;2028;946;2084;845;2124;1449;2258;1318;2527;1170;2663;1155;2686;1046;800;1349
MA-0184-S31_LF8.dw.png;MA-0184;35.0124;-4.0711;2024;Mediterranean;colony;New material;1246;1108;1334;1110;1459;1391;1464;1198;1514;915;1719;1406;1897;1524;1848;1444;2009;1324;1900;1253;2017;1144;2032;1000;2103;889;2120;1487;2249;1361;2532;1227;2659;1218;2684;1114;807;1369
MA-0184-S31_LF9.dw.png;MA-0184;35.0124;-4.0711;2024;Mediterranean;colony;New material;1199;1117;1274;1114;1397;1382;1418;1201;1481;926;1707;1389;1884;1495;1807;1416;1964;1301;1858;1239;1977;1120;1980;984;2040;881;2079;1462;2198;1323;2458;1169;2586;1148;2615;1054;763;1395
MA-0184-S31_RF1.dw.png;MA-0184;35.0124;-4.0711;2024;Mediterranean;colony;New material;1140;1098;1207;1092;1375;1371;1357;1177;1407;893;1638;1370;1819;1474;1757;1400;1895;1282;1795;1217;1926;1095;1934;959;2011;849;2028;1437;2154;1307;2454;1162;2565;1147;2586;1041;679;1364
MA-0184-S31_RF10.dw.png;MA-0184;35.0124;-4.0711;2024;Mediterranean;colony;New material;974;1177;1034;1172;1182;1457;1210;1267;1240;970;1475;1465;1649;1567;1595;1498;1760;1379;1645;1315;1785;1190;1799;1057;1866;946;1876;1530;2005;1401;2269;1262;2398;1252;2444;1151;579;1462
MA-0184-S31_RF11.dw.png;MA-0184;35.0124;-4.0711;2024;Mediterranean;colony;New material;1082;1194;1153;1185;1280;1450;1313;1270;1333;985;1565;1456;1744;1559;1680;1488;1854;1363;1741;1289;1863;1171;1879;1034;1940;944;1975;1516;2100;1390;2390;1241;2522;1225;2536;1137;635;1448
MA-0184-S31_RF12.dw.png;MA-0184;35.0124;-4.0711;2024;Mediterranean;colony;New material;1140;1130;1210;1121;1349;1387;1358;1206;1386;933;1633;1389;1821;1493;1756;1422;1899;1301;1791;1231;1924;1115;1935;980;2002;883;2045;1451;2166;1324;2456;1181;2564;1164;2569;1052;674;1391
MA-0184-S31_RF13.dw.png;MA-0184;35.0124;-4.0711;2024;Mediterranean;colony;New material;1281;1258;1341;1250;1500;1535;1503;1350;1544;1064;1765;1553;1920;1667;1870;1587;2018;1477;1918;1403;2059;1286;2069;1139;2135;1036;2145;1643;2266;1524;2561;1372;2694;1354;2708;1243;846;1496
MA-0184-S31_RF14.dw.png;MA-0184;35.0124;-4.0711;2024;Mediterranean;colony;New material;1096;1388;1171;1382;1293;1655;1324;1472;1361;1182;1564;1659;1753;1772;1687;1691;1840;1584;1743;1514;1871;1396;1889;1256;1959;1151;1966;1744;2097;1618;2406;1471;2532;1456;2561;1360;658;1659
MA-0184-S31_RF15.dw.png;MA-0184;35.0124;-4.0711;2024;Mediterranean;colony;New material;1149;1277;1223;1270;1365;1543;1383;1364;1416;1080;1636;1548;1825;1662;1757;1581;1916;1466;1816;1398;1945;1284;1972;1150;2042;1035;2053;1624;2169;1500;2467;1354;2606;1337;2629;1238;711;1544
MA-0184-S31_RF16.dw.png;MA-0184;35.0124;-4.0711;2024;Mediterranean;colony;New material;1034;1279;1103;1273;1234;1551;1280;1380;1291;1085;1509;1568;1661;1672;1607;1597;1790;1486;1671;1405;1794;1290;1818;1153;1878;1064;1901;1642;2025;1523;2310;1381;2436;1366;2461;1278;586;1531
MA-0184-S31_RF17.dw.png;MA-0184;35.0124;-4.0711;2024;Mediterranean;colony;New material;1126;1192;1198;1183;1354;1450;1350;1262;1378;979;1639;1451;1820;1553;1761;1482;1931;1357;1786;1283;1896;1153;1916;1021;1977;921;2051;1511;2175;1377;2462;1220;2561;1208;2576;1096;678;1464
MA-0184-S31_RF2.dw.png;MA-0184;35.0124;-4.0711;2024;Mediterranean;colony;New material;1102;1231;1174;1226;1354;1510;1345;1320;1372;1017;1628;1517;1811;1622;1756;1548;1917;1424;1793;1353;1908;1230;1931;1085;1989;972;2035;1587;2185;1436;2441;1293;2565;1277;2593;1175;665;1518
MA-0184-S31_RF20.dw.png;MA-0184;35.0124;-4.0711;2024;Mediterranean;colony;New material;1005;886;1096;899;1174;1181;1222;1010;1307;744;1455;1246;1600;1380;1563;1295;1732;1215;1644;1126;1785;1040;1818;907;1889;811;1819;1387;1972;1290;2285;1196;2411;1201;2439;1121;531;1050
MA-0184-S31_RF21.dw.png;MA-0184;35.0124;-4.0711;2024;Mediterranean;colony;New material;1195;1205;1292;1211;1395;1509;1429;1320;1498;1021;1658;1541;1834;1677;1781;1590;1971;1487;1843;1401;1994;1293;2035;1148;2106;1038;2049;1663;2212;1531;2505;1412;2648;1407;2668;1311;713;1432
MA-0184-S31_RF23.dw.png;MA-0184;35.0124;-4.0711;2024;Mediterranean;colony;New material;855;1053;939;1052;1033;1319;1087;1144;1125;864;1330;1344;1489;1448;1429;1378;1619;1267;1495;1181;1625;1079;1644;940;1703;851;1715;1429;1849;1307;2139;1180;2272;1174;2294;1081;409;1289
MA-0184-S31_RF24.dw.png;MA-0184;35.0124;-4.0711;2024;Mediterranean;colony;New material;1231;983;1289;985;1412;1272;1428;1088;1512;805;1684;1308;1851;1431;1806;1356;1973;1254;1849;1160;2000;1064;2032;933;2100;836;2072;1418;2212;1299;2502;1188;2641;1187;2658;1092;738;1194
MA-0184-S31_RF25.dw.png;MA-0184;35.0124;-4.0711;2024;Mediterranean;colony;New material;1364;1140;1425;1135;1564;1410;1586;1225;1633;938;1873;1424;2042;1527;1987;1455;2157;1343;2025;1269;2141;1146;2145;1006;2208;900;2278;1486;2400;1358;2672;1219;2786;1206;2813;1110;910;1416
MA-0184-S31_RF26.dw.png;MA-0184;35.0124;-4.0711;2024;Mediterranean;colony;New material;1094;905;1185;908;1296;1181;1322;1004;1380;733;1580;1213;1742;1330;1692;1251;1852;1156;1753;1076;1885;978;1903;838;1967;735;1955;1315;2098;1205;2398;1077;2524;1068;2544;982;642;1116
MA-0184-S31_RF3.dw.png;MA-0184;35.0124;-4.0711;2024;Mediterranean;colony;New material;1238;1067;1298;1058;1499;1338;1477;1148;1482;849;1765;1337;1949;1431;1881;1360;2018;1226;1920;1164;2051;1036;2059;888;2080;765;2164;1385;2295;1247;2586;1083;2717;1065;2729;960;784;1366
MA-0184-S31_RF4.dw.png;MA-0184;35.0124;-4.0711;2024;Mediterranean;colony;New material;967;1083;1058;1080;1184;1346;1207;1174;1231;896;1456;1366;1621;1476;1573;1401;1711;1275;1618;1207;1740;1089;1753;952;1810;844;1854;1435;1954;1312;2241;1160;2375;1143;2399;1048;506;1362
MA-0184-S31_RF5.dw.png;MA-0184;35.0124;-4.0711;2024;Mediterranean;colony;New material;937;1115;1016;1110;1165;1395;1202;1214;1230;926;1443;1409;1629;1526;1571;1449;1734;1332;1611;1253;1758;1136;1776;991;1834;887;1862;1493;1981;1362;2275;1208;2389;1190;2410;1102;500;1384
MA-0184-S31_RF6.dw.png;MA-0184;35.0124;-4.0711;2024;Mediterranean;colony;New material;1165;976;1232;973;1383;1221;1392;1062;1416;778;1659;1229;1826;1331;1777;1261;1925;1154;1815;1090;1950;976;1970;831;2028;740;2063;1308;2210;1179;2489;1053;2595;1044;2620;959;711;1215
MA-0184-S31_RF7.dw.png;MA-0184;35.0124;-4.0711;2024;Mediterranean;colony;New material;1053;1204;1144;1200;1305;1472;1297;1279;1317;996;1586;1458;1762;1559;1705;1488;1851;1360;1745;1303;1858;1168;1872;1021;1920;915;2002;1515;2118;1377;2391;1207;2518;1186;2530;1078;664;1497
MA-0184-S31_RF8.dw.png;MA-0184;35.0124;-4.0711;2024;Mediterranean;colony;New material;1045;1247;1130;1244;1278;1488;1276;1319;1306;1059;1575;1481;1738;1574;1676;1499;1824;1384;1710;1325;1833;1209;1829;1075;1862;974;1954;1528;2076;1385;2317;1236;2429;1214;2440;1130;615;1524
MA-0184-S31_RF9.dw.png;MA-0184;35.0124;-4.0711;2024;Mediterranean;colony;New material;920;1062;1001;1066;1129;1339;1152;1165;1222;899;1419;1370;1589;1482;1522;1403;1681;1304;1587;1240;1716;1126;1735;991;1797;892;1789;1465;1921;1345;2183;1214;2335;1199;2370;1103;480;1309
MA-0185-S32_LF1.dw.png;MA-0185;35.19249279;-3.865366547;2024;Mediterranean;colony;New material;1068;979;1127;976;1267;1232;1282;1066;1286;809;1530;1244;1697;1360;1653;1282;1799;1170;1698;1102;1813;1007;1828;875;1888;769;1926;1329;2059;1200;2319;1064;2444;1050;2458;963;647;1210
MA-0185-S32_LF10.dw.png;MA-0185;35.19249279;-3.865366547;2024;Mediterranean;colony;New material;1185;1170;1242;1162;1396;1432;1407;1240;1440;976;1690;1430;1880;1527;1824;1462;1952;1332;1866;1276;1984;1166;2001;1035;2048;930;2091;1493;2210;1361;2466;1223;2579;1204;2597;1112;751;1438
MA-0185-S32_LF11.dw.png;MA-0185;35.19249279;-3.865366547;2024;Mediterranean;colony;New material;1275;1065;1346;1064;1482;1334;1504;1160;1545;886;1771;1362;1960;1477;1901;1402;2068;1302;1933;1218;2071;1119;2083;978;2133;867;2183;1450;2313;1328;2581;1207;2727;1197;2769;1102;820;1296
MA-0185-S32_LF12.dw.png;MA-0185;35.19249279;-3.865366547;2024;Mediterranean;colony;New material;1301;1177;1369;1169;1499;1445;1545;1262;1535;967;1788;1452;1973;1550;1913;1482;2066;1360;1948;1287;2093;1171;2109;1034;2177;923;2188;1513;2311;1383;2598;1229;2716;1210;2745;1107;834;1435
MA-0185-S32_LF13.dw.png;MA-0185;35.19249279;-3.865366547;2024;Mediterranean;colony;New material;1138;1105;1218;1101;1373;1392;1376;1192;1414;887;1667;1399;1838;1506;1779;1429;1941;1301;1817;1230;1956;1112;1978;959;2039;846;2072;1471;2212;1333;2499;1184;2601;1168;2631;1061;671;1375
MA-0185-S32_LF14.dw.png;MA-0185;35.19249279;-3.865366547;2024;Mediterranean;colony;New material;1141;1105;1217;1104;1312;1384;1361;1200;1418;919;1612;1409;1785;1518;1723;1439;1881;1328;1782;1256;1923;1145;1939;1004;2001;901;2007;1493;2138;1364;2437;1231;2581;1217;2591;1132;651;1342
MA-0185-S32_LF15.dw.png;MA-0185;35.19249279;-3.865366547;2024;Mediterranean;colony;New material;1129;1359;1199;1356;1360;1637;1369;1452;1400;1149;1627;1646;1808;1751;1746;1679;1921;1561;1799;1490;1920;1367;1927;1221;1986;1104;2039;1714;2162;1590;2456;1426;2564;1406;2604;1304;687;1627
MA-0185-S32_LF16.dw.png;MA-0185;35.19249279;-3.865366547;2024;Mediterranean;colony;New material;1044;1097;1124;1091;1291;1389;1306;1193;1342;891;1557;1398;1744;1509;1669;1427;1867;1314;1733;1231;1874;1108;1889;956;1965;835;1975;1470;2121;1333;2420;1177;2527;1165;2572;1056;591;1380
MA-0185-S32_LF17.dw.png;MA-0185;35.19249279;-3.865366547;2024;Mediterranean;colony;New material;1207;1227;1281;1221;1389;1507;1440;1310;1480;1032;1687;1525;1882;1636;1811;1560;1994;1442;1871;1361;2017;1248;2031;1113;2081;1002;2121;1603;2260;1470;2541;1330;2645;1316;2680;1211;761;1484
MA-0185-S32_LF18.dw.png;MA-0185;35.19249279;-3.865366547;2024;Mediterranean;colony;New material;1176;1168;1255;1169;1378;1465;1420;1273;1458;980;1672;1488;1847;1601;1801;1527;1957;1410;1857;1339;1994;1234;2007;1093;2079;988;2078;1577;2205;1454;2502;1325;2628;1320;2655;1230;727;1427
MA-0185-S32_LF19.dw.png;MA-0185;35.19249279;-3.865366547;2024;Mediterranean;colony;New material;1151;976;1222;968;1337;1244;1387;1056;1416;771;1641;1258;1805;1358;1741;1285;1920;1174;1807;1098;1941;989;1949;842;2011;734;2007;1325;2154;1202;2450;1050;2553;1033;2576;935;707;1242
MA-0185-S32_LF2.dw.png;MA-0185;35.19249279;-3.865366547;2024;Mediterranean;colony;New material;1145;1282;1230;1277;1376;1551;1399;1370;1419;1082;1666;1563;1836;1678;1791;1601;1932;1480;1837;1416;1968;1289;1981;1151;2052;1040;2083;1640;2205;1516;2509;1371;2644;1353;2665;1255;732;1553
MA-0185-S32_LF20.dw.png;MA-0185;35.19249279;-3.865366547;2024;Mediterranean;colony;New material;1464;1180;1530;1176;1653;1452;1683;1262;1731;996;1939;1466;2127;1571;2065;1500;2213;1392;2115;1315;2259;1222;2287;1088;2341;978;2352;1549;2478;1427;2755;1306;2866;1290;2885;1192;1011;1419
MA-0185-S32_LF3.dw.png;MA-0185;35.19249279;-3.865366547;2024;Mediterranean;colony;New material;1103;1100;1199;1099;1316;1374;1361;1193;1384;894;1592;1380;1786;1489;1725;1412;1888;1293;1784;1226;1922;1108;1932;955;1992;851;2014;1451;2134;1320;2414;1168;2550;1146;2594;1052;682;1379
MA-0185-S32_LF4.dw.png;MA-0185;35.19249279;-3.865366547;2024;Mediterranean;colony;New material;1191;1193;1271;1192;1358;1469;1408;1286;1459;1026;1652;1507;1804;1632;1755;1550;1935;1441;1846;1358;1980;1267;1997;1126;2062;1021;2041;1613;2176;1492;2487;1372;2609;1363;2654;1277;712;1398
MA-0185-S32_LF5.dw.png;MA-0185;35.19249279;-3.865366547;2024;Mediterranean;colony;New material;1107;1191;1169;1182;1312;1453;1328;1275;1323;997;1558;1446;1760;1554;1700;1479;1857;1371;1747;1301;1868;1198;1887;1064;1934;964;1989;1517;2102;1388;2332;1263;2470;1240;2505;1162;674;1461
MA-0185-S32_LF6.dw.png;MA-0185;35.19249279;-3.865366547;2024;Mediterranean;colony;New material;1135;1236;1218;1238;1359;1502;1369;1328;1388;1040;1609;1516;1778;1622;1729;1550;1875;1435;1774;1368;1905;1257;1917;1116;1963;999;2009;1588;2132;1472;2424;1328;2567;1312;2582;1221;702;1500
MA-0185-S32_LF7.dw.png;MA-0185;35.19249279;-3.865366547;2024;Mediterranean;colony;New material;1150;1295;1228;1293;1359;1574;1373;1387;1418;1103;1640;1587;1800;1697;1754;1621;1913;1503;1809;1434;1942;1319;1952;1184;1999;1067;2022;1665;2151;1540;2451;1394;2564;1382;2590;1289;684;1549
MA-0185-S32_LF8.dw.png;MA-0185;35.19249279;-3.865366547;2024;Mediterranean;colony;New material;1388;1360;1456;1352;1585;1610;1611;1436;1630;1160;1876;1622;2045;1723;1989;1654;2111;1540;2014;1467;2144;1364;2172;1245;2239;1139;2241;1690;2354;1575;2611;1447;2767;1426;2799;1330;937;1610
MA-0185-S32_LF9.dw.png;MA-0185;35.19249279;-3.865366547;2024;Mediterranean;colony;New material;1150;1236;1223;1231;1348;1517;1370;1323;1415;1037;1647;1534;1822;1647;1768;1568;1922;1449;1819;1379;1961;1261;1975;1111;2043;1005;2046;1618;2189;1482;2495;1341;2622;1324;2643;1220;666;1484
MA-0185-S32_RF1.dw.png;MA-0185;35.19249279;-3.865366547;2024;Mediterranean;colony;New material;1158;1278;1216;1277;1329;1540;1366;1377;1410;1106;1611;1575;1784;1699;1732;1622;1897;1527;1787;1442;1915;1349;1942;1217;2001;1119;2002;1689;2144;1570;2426;1449;2535;1448;2550;1365;726;1495
MA-0185-S32_RF10.dw.png;MA-0185;35.19249279;-3.865366547;2024;Mediterranean;colony;New material;1160;1218;1218;1211;1360;1481;1359;1282;1399;1025;1657;1486;1844;1589;1790;1520;1936;1400;1827;1332;1952;1227;1976;1096;2030;989;2068;1556;2178;1432;2447;1297;2559;1280;2574;1183;716;1483
MA-0185-S32_RF11.dw.png;MA-0185;35.19249279;-3.865366547;2024;Mediterranean;colony;New material;838;1364;916;1359;1065;1615;1065;1445;1118;1172;1347;1626;1551;1732;1479;1661;1635;1547;1512;1475;1649;1373;1655;1236;1701;1120;1772;1696;1891;1564;2158;1423;2309;1404;2335;1322;393;1617
MA-0185-S32_RF12.dw.png;MA-0185;35.19249279;-3.865366547;2024;Mediterranean;colony;New material;1172;1262;1233;1256;1383;1531;1418;1358;1424;1065;1654;1544;1849;1655;1785;1585;1940;1469;1828;1395;1974;1281;1993;1142;2056;1037;2060;1627;2195;1498;2472;1357;2596;1345;2622;1239;706;1510
MA-0185-S32_RF13.dw.png;MA-0185;35.19249279;-3.865366547;2024;Mediterranean;colony;New material;1158;1133;1236;1129;1389;1396;1398;1214;1418;912;1695;1396;1881;1498;1809;1424;1963;1297;1867;1241;1976;1116;1995;967;2047;864;2088;1465;2255;1323;2527;1173;2613;1163;2637;1068;699;1398
MA-0185-S32_RF14.dw.png;MA-0185;35.19249279;-3.865366547;2024;Mediterranean;colony;New material;1023;1202;1096;1200;1201;1478;1241;1292;1300;1012;1497;1504;1676;1606;1612;1534;1765;1420;1665;1349;1810;1236;1824;1095;1880;997;1896;1584;2026;1453;2321;1330;2461;1321;2475;1236;534;1441
MA-0185-S32_RF15.dw.png;MA-0185;35.19249279;-3.865366547;2024;Mediterranean;colony;New material;790;938;859;928;1025;1201;1030;1016;1061;716;1306;1205;1498;1303;1428;1232;1595;1104;1485;1042;1600;909;1600;762;1663;653;1721;1260;1851;1123;2134;958;2241;941;2283;829;344;1218
MA-0185-S32_RF16.dw.png;MA-0185;35.19249279;-3.865366547;2024;Mediterranean;colony;New material;1272;1049;1348;1044;1519;1337;1534;1148;1566;848;1800;1342;1978;1449;1907;1373;2101;1259;1961;1176;2100;1061;2108;914;2175;794;2200;1413;2341;1274;2633;1119;2744;1102;2786;1002;817;1334
MA-0185-S32_RF17.dw.png;MA-0185;35.19249279;-3.865366547;2024;Mediterranean;colony;New material;1112;1061;1182;1056;1314;1344;1347;1148;1386;866;1601;1361;1805;1473;1733;1395;1919;1273;1790;1195;1928;1081;1940;941;1990;830;2026;1440;2179;1305;2465;1165;2554;1153;2588;1053;676;1325
MA-0185-S32_RF18.dw.png;MA-0185;35.19249279;-3.865366547;2024;Mediterranean;colony;New material;1110;1119;1193;1113;1345;1405;1363;1204;1391;903;1652;1403;1830;1494;1776;1428;1922;1299;1826;1241;1940;1114;1941;970;2008;851;2062;1451;2176;1321;2460;1164;2581;1142;2607;1031;687;1418
MA-0185-S32_RF19.dw.png;MA-0185;35.19249279;-3.865366547;2024;Mediterranean;colony;New material;1328;1025;1395;1021;1501;1298;1552;1118;1595;838;1796;1323;1962;1426;1899;1345;2083;1247;1973;1163;2113;1064;2126;920;2186;814;2189;1399;2325;1281;2617;1136;2715;1122;2734;1021;874;1271
MA-0185-S32_RF2.dw.png;MA-0185;35.19249279;-3.865366547;2024;Mediterranean;colony;New material;946;1223;1029;1215;1182;1491;1206;1310;1234;1020;1472;1496;1652;1609;1598;1534;1748;1417;1642;1343;1781;1218;1793;1080;1864;966;1895;1573;2015;1450;2317;1296;2454;1275;2479;1170;534;1494
MA-0185-S32_RF20.dw.png;MA-0185;35.19249279;-3.865366547;2024;Mediterranean;colony;New material;1223;904;1290;899;1411;1176;1454;984;1492;708;1726;1186;1909;1286;1847;1217;2004;1100;1907;1032;2032;923;2057;791;2105;685;2139;1255;2255;1130;2530;997;2642;983;2656;896;770;1166
MA-0185-S32_RF3.dw.png;MA-0185;35.19249279;-3.865366547;2024;Mediterranean;colony;New material;906;1008;1000;1006;1138;1279;1169;1103;1186;807;1387;1282;1595;1392;1532;1320;1689;1198;1586;1127;1722;1010;1731;863;1789;757;1826;1353;1940;1227;2217;1074;2351;1048;2391;949;493;1286
MA-0185-S32_RF4.dw.png;MA-0185;35.19249279;-3.865366547;2024;Mediterranean;colony;New material;1092;1313;1180;1307;1301;1549;1336;1397;1364;1134;1586;1566;1745;1671;1692;1597;1857;1489;1762;1421;1902;1326;1908;1192;1957;1100;1986;1643;2112;1518;2394;1397;2535;1386;2558;1321;645;1544
MA-0185-S32_RF5.dw.png;MA-0185;35.19249279;-3.865366547;2024;Mediterranean;colony;New material;1129;1026;1189;1023;1331;1296;1351;1133;1367;858;1568;1309;1760;1428;1706;1352;1862;1262;1756;1183;1898;1094;1924;966;1977;880;1979;1416;2115;1298;2362;1194;2487;1191;2531;1125;681;1251
MA-0185-S32_RF6.dw.png;MA-0185;35.19249279;-3.865366547;2024;Mediterranean;colony;New material;1107;1162;1184;1162;1298;1431;1332;1255;1372;965;1591;1451;1758;1555;1704;1486;1861;1372;1761;1302;1889;1191;1903;1047;1946;938;1977;1527;2110;1413;2408;1272;2542;1256;2560;1167;669;1424
MA-0185-S32_RF7.dw.png;MA-0185;35.19249279;-3.865366547;2024;Mediterranean;colony;New material;955;1180;1034;1177;1195;1465;1192;1272;1234;979;1476;1467;1645;1562;1588;1492;1744;1374;1638;1301;1772;1188;1777;1051;1821;933;1866;1532;1984;1403;2277;1245;2399;1233;2413;1158;509;1461
MA-0185-S32_RF8.dw.png;MA-0185;35.19249279;-3.865366547;2024;Mediterranean;colony;New material;1040;1424;1108;1422;1240;1680;1260;1517;1294;1244;1507;1702;1679;1815;1625;1740;1748;1632;1666;1560;1798;1463;1828;1345;1898;1239;1884;1791;2009;1674;2273;1558;2421;1546;2446;1450;574;1641
MA-0185-S32_RF9.dw.png;MA-0185;35.19249279;-3.865366547;2024;Mediterranean;colony;New material;1106;1145;1177;1142;1307;1417;1335;1235;1373;946;1616;1433;1791;1531;1733;1460;1891;1352;1787;1285;1926;1169;1942;1019;1996;913;2008;1511;2151;1375;2469;1242;2582;1236;2603;1143;621;1392
MA-0186-S33_LF1.dw.png;MA-0186;34.98927847;-3.866837393;2024;Mediterranean;colony;New material;1436;1028;1499;1025;1621;1289;1646;1112;1670;837;1895;1309;2051;1420;2006;1349;2133;1238;2031;1160;2164;1061;2189;935;2259;839;2246;1394;2375;1274;2634;1156;2780;1143;2800;1049;962;1256
MA-0186-S33_LF10.dw.png;MA-0186;34.98927847;-3.866837393;2024;Mediterranean;colony;New material;1242;1228;1320;1225;1460;1511;1458;1313;1511;1030;1745;1534;1925;1647;1877;1575;2008;1453;1910;1380;2048;1269;2080;1133;2155;1037;2170;1619;2294;1503;2582;1362;2716;1348;2734;1239;783;1476
MA-0186-S33_LF11.dw.png;MA-0186;34.98927847;-3.866837393;2024;Mediterranean;colony;New material;1178;1149;1246;1144;1375;1429;1410;1235;1429;948;1657;1431;1837;1538;1775;1460;1939;1342;1837;1276;1955;1156;1976;1019;2044;905;2093;1496;2204;1363;2450;1212;2584;1189;2604;1088;756;1428
MA-0186-S33_LF12.dw.png;MA-0186;34.98927847;-3.866837393;2024;Mediterranean;colony;New material;1041;1057;1121;1047;1285;1345;1299;1145;1326;835;1572;1350;1765;1457;1704;1380;1874;1256;1733;1176;1876;1057;1894;908;1965;786;1988;1414;2145;1271;2408;1126;2547;1110;2565;997;612;1340
MA-0186-S33_LF14.dw.png;MA-0186;34.98927847;-3.866837393;2024;Mediterranean;colony;New material;1146;1095;1208;1092;1360;1383;1389;1204;1403;898;1630;1394;1824;1520;1770;1434;1902;1318;1825;1254;1954;1132;1978;988;2030;875;2072;1491;2195;1363;2491;1217;2616;1202;2647;1100;696;1348
MA-0186-S33_LF15.dw.png;MA-0186;34.98927847;-3.866837393;2024;Mediterranean;colony;New material;1114;1097;1190;1093;1317;1376;1331;1177;1385;906;1605;1390;1779;1499;1723;1421;1863;1303;1767;1241;1886;1117;1905;984;1973;878;1976;1470;2108;1337;2395;1203;2504;1189;2528;1082;682;1348
MA-0186-S33_LF16.dw.png;MA-0186;34.98927847;-3.866837393;2024;Mediterranean;colony;New material;1073;1006;1158;1004;1270;1271;1311;1102;1356;815;1569;1296;1753;1411;1692;1329;1835;1221;1739;1155;1873;1052;1900;912;1962;797;1953;1393;2087;1270;2367;1145;2537;1131;2564;1041;619;1254
MA-0186-S33_LF17.dw.png;MA-0186;34.98927847;-3.866837393;2024;Mediterranean;colony;New material;1232;1081;1301;1072;1460;1352;1466;1161;1501;869;1748;1361;1935;1455;1878;1391;2022;1266;1920;1198;2038;1083;2055;945;2117;834;2148;1422;2271;1302;2547;1157;2679;1138;2704;1032;780;1340
MA-0186-S33_LF18.dw.png;MA-0186;34.98927847;-3.866837393;2024;Mediterranean;colony;New material;1233;1199;1328;1193;1434;1469;1475;1289;1489;1036;1730;1482;1909;1589;1849;1514;2016;1399;1911;1329;2025;1211;2032;1078;2075;979;2140;1553;2264;1421;2535;1278;2664;1257;2694;1156;789;1453
MA-0186-S33_LF19.dw.png;MA-0186;34.98927847;-3.866837393;2024;Mediterranean;colony;New material;1188;1214;1250;1213;1409;1508;1421;1315;1454;1010;1696;1537;1861;1647;1800;1569;1970;1459;1837;1371;1981;1258;1995;1105;2062;994;2072;1622;2221;1492;2515;1355;2649;1344;2692;1241;727;1478
MA-0186-S33_LF2.dw.png;MA-0186;34.98927847;-3.866837393;2024;Mediterranean;colony;New material;1136;1366;1208;1361;1359;1631;1345;1444;1387;1188;1623;1631;1794;1733;1740;1661;1906;1556;1773;1481;1918;1380;1931;1252;1976;1147;2020;1699;2137;1573;2401;1436;2523;1421;2560;1337;709;1636
MA-0186-S33_LF20.dw.png;MA-0186;34.98927847;-3.866837393;2024;Mediterranean;colony;New material;1301;1281;1369;1278;1471;1559;1521;1374;1548;1088;1750;1580;1937;1707;1885;1621;2044;1510;1937;1428;2073;1318;2095;1165;2147;1054;2179;1671;2309;1555;2611;1412;2728;1399;2759;1294;856;1548
MA-0186-S33_LF3.dw.png;MA-0186;34.98927847;-3.866837393;2024;Mediterranean;colony;New material;1044;1102;1136;1100;1274;1387;1287;1196;1329;911;1565;1405;1736;1512;1682;1437;1839;1333;1704;1252;1858;1138;1880;986;1951;885;1971;1480;2101;1362;2388;1221;2517;1205;2544;1097;628;1372
MA-0186-S33_LF4.dw.png;MA-0186;34.98927847;-3.866837393;2024;Mediterranean;colony;New material;1121;1299;1190;1298;1314;1575;1343;1394;1395;1110;1570;1592;1776;1713;1720;1631;1856;1518;1780;1457;1926;1345;1959;1210;2013;1100;2014;1688;2132;1573;2435;1437;2594;1427;2616;1336;656;1554
MA-0186-S33_LF5.dw.png;MA-0186;34.98927847;-3.866837393;2024;Mediterranean;colony;New material;1142;1106;1222;1101;1374;1389;1374;1189;1401;905;1654;1391;1816;1495;1770;1426;1932;1302;1824;1237;1947;1115;1958;970;2025;860;2053;1454;2167;1332;2476;1176;2616;1157;2639;1054;717;1386
MA-0186-S33_LF6.dw.png;MA-0186;34.98927847;-3.866837393;2024;Mediterranean;colony;New material;1224;1210;1297;1198;1482;1471;1452;1273;1477;986;1750;1461;1926;1559;1874;1488;2009;1357;1892;1292;2021;1173;2036;1032;2102;919;2138;1520;2265;1383;2542;1226;2671;1201;2702;1097;808;1512
MA-0186-S33_LF7.dw.png;MA-0186;34.98927847;-3.866837393;2024;Mediterranean;colony;New material;1365;1025;1446;1020;1564;1297;1603;1110;1632;820;1857;1310;2025;1408;1972;1343;2112;1224;2010;1149;2147;1042;2172;896;2254;789;2241;1382;2361;1260;2655;1118;2804;1101;2847;1001;944;1293
MA-0186-S33_LF8.dw.png;MA-0186;34.98927847;-3.866837393;2024;Mediterranean;colony;New material;1057;980;1125;966;1260;1227;1273;1038;1297;773;1561;1225;1761;1324;1691;1250;1828;1125;1729;1066;1842;952;1851;820;1906;711;1971;1279;2081;1147;2330;1001;2456;977;2477;885;631;1258
MA-0186-S33_LF9.dw.png;MA-0186;34.98927847;-3.866837393;2024;Mediterranean;colony;New material;1166;1297;1235;1290;1385;1583;1396;1389;1435;1088;1651;1591;1843;1700;1794;1630;1939;1503;1832;1434;1962;1304;1975;1166;2040;1047;2092;1659;2206;1536;2514;1375;2626;1360;2658;1268;691;1554
MA-0186-S33_RF1.dw.png;MA-0186;34.98927847;-3.866837393;2024;Mediterranean;colony;New material;1007;1182;1069;1172;1212;1429;1230;1254;1243;983;1497;1430;1665;1530;1614;1460;1737;1342;1631;1275;1754;1171;1773;1049;1825;938;1869;1489;1978;1364;2234;1224;2376;1198;2374;1107;549;1438
MA-0186-S33_RF10.dw.png;MA-0186;34.98927847;-3.866837393;2024;Mediterranean;colony;New material;1104;1193;1175;1192;1290;1484;1328;1293;1392;994;1582;1504;1776;1618;1726;1543;1855;1417;1762;1348;1916;1231;1927;1091;1991;971;2006;1583;2144;1457;2456;1311;2564;1302;2598;1203;621;1434
MA-0186-S33_RF11.dw.png;MA-0186;34.98927847;-3.866837393;2024;Mediterranean;colony;New material;1206;1200;1273;1194;1404;1481;1437;1292;1466;1008;1693;1498;1865;1601;1806;1526;1969;1409;1860;1341;1985;1219;2014;1083;2073;976;2110;1566;2224;1439;2491;1293;2609;1275;2630;1168;784;1472
MA-0186-S33_RF12.dw.png;MA-0186;34.98927847;-3.866837393;2024;Mediterranean;colony;New material;1062;1046;1139;1039;1301;1343;1320;1141;1359;834;1598;1349;1779;1455;1726;1381;1899;1257;1766;1177;1903;1060;1920;911;1983;789;2000;1419;2168;1270;2429;1132;2562;1119;2580;1011;632;1333
MA-0186-S33_RF14.dw.png;MA-0186;34.98927847;-3.866837393;2024;Mediterranean;colony;New material;1115;1031;1177;1027;1316;1310;1358;1138;1370;831;1598;1324;1800;1454;1735;1364;1870;1250;1775;1178;1921;1056;1941;914;1990;801;2044;1416;2161;1290;2454;1143;2584;1124;2611;1016;658;1280
MA-0186-S33_RF15.dw.png;MA-0186;34.98927847;-3.866837393;2024;Mediterranean;colony;New material;1080;1063;1158;1059;1279;1336;1303;1142;1345;864;1584;1350;1747;1453;1693;1379;1817;1257;1733;1198;1860;1080;1875;945;1932;840;1941;1425;2073;1292;2361;1156;2472;1143;2493;1043;651;1321
MA-0186-S33_RF16.dw.png;MA-0186;34.98927847;-3.866837393;2024;Mediterranean;colony;New material;1169;1044;1247;1044;1367;1310;1410;1150;1450;859;1669;1347;1848;1464;1792;1386;1938;1278;1835;1206;1978;1112;2006;971;2064;857;2066;1448;2193;1331;2470;1209;2631;1199;2651;1117;713;1282
MA-0186-S33_RF17.dw.png;MA-0186;34.98927847;-3.866837393;2024;Mediterranean;colony;New material;988;1085;1055;1076;1229;1356;1218;1160;1259;870;1524;1360;1711;1455;1649;1386;1791;1260;1684;1193;1808;1075;1816;935;1868;831;1919;1416;2039;1289;2312;1142;2431;1129;2466;1047;540;1359
MA-0186-S33_RF18.dw.png;MA-0186;34.98927847;-3.866837393;2024;Mediterranean;colony;New material;1234;1119;1325;1115;1440;1367;1478;1208;1497;946;1738;1369;1921;1474;1858;1398;2030;1300;1914;1232;2034;1133;2047;998;2088;893;2158;1440;2270;1315;2536;1192;2665;1183;2693;1096;799;1372
MA-0186-S33_RF19.dw.png;MA-0186;34.98927847;-3.866837393;2024;Mediterranean;colony;New material;1126;1070;1194;1068;1352;1364;1361;1172;1402;870;1637;1392;1804;1502;1741;1424;1916;1316;1787;1236;1924;1120;1939;970;1996;861;2023;1483;2174;1351;2461;1219;2593;1209;2629;1119;660;1323
MA-0186-S33_RF2.dw.png;MA-0186;34.98927847;-3.866837393;2024;Mediterranean;colony;New material;1255;1075;1327;1065;1514;1328;1472;1142;1498;888;1770;1322;1936;1413;1877;1344;2031;1231;1918;1166;2050;1059;2054;932;2096;824;2151;1375;2281;1242;2540;1099;2656;1078;2678;996;840;1358
MA-0186-S33_RF20.dw.png;MA-0186;34.98927847;-3.866837393;2024;Mediterranean;colony;New material;1198;1140;1264;1134;1411;1413;1416;1222;1450;930;1676;1414;1876;1531;1815;1451;1965;1328;1866;1261;1993;1143;2007;990;2043;879;2110;1495;2245;1363;2547;1212;2647;1200;2677;1101;764;1431
MA-0186-S33_RF3.dw.png;MA-0186;34.98927847;-3.866837393;2024;Mediterranean;colony;New material;1160;1211;1259;1207;1406;1490;1400;1294;1448;1010;1692;1501;1879;1604;1816;1530;1965;1422;1835;1347;1990;1226;2011;1073;2075;970;2101;1568;2237;1446;2520;1300;2650;1278;2677;1167;752;1484
MA-0186-S33_RF4.dw.png;MA-0186;34.98927847;-3.866837393;2024;Mediterranean;colony;New material;1098;1159;1176;1158;1302;1421;1323;1244;1375;968;1566;1427;1778;1537;1715;1465;1851;1344;1764;1281;1912;1178;1942;1042;1983;926;2016;1506;2131;1379;2430;1226;2586;1199;2589;1117;646;1430
MA-0186-S33_RF5.dw.png;MA-0186;34.98927847;-3.866837393;2024;Mediterranean;colony;New material;1153;1133;1239;1128;1386;1408;1382;1212;1416;934;1664;1410;1842;1509;1792;1444;1957;1322;1850;1256;1965;1140;1980;993;2039;883;2078;1477;2193;1353;2500;1203;2635;1188;2652;1085;737;1419
MA-0186-S33_RF6.dw.png;MA-0186;34.98927847;-3.866837393;2024;Mediterranean;colony;New material;1194;1047;1269;1038;1443;1318;1420;1123;1459;839;1731;1323;1901;1422;1849;1355;1982;1228;1861;1153;1995;1044;2008;907;2076;792;2101;1385;2241;1259;2512;1111;2635;1085;2672;983;760;1327
MA-0186-S33_RF7.dw.png;MA-0186;34.98927847;-3.866837393;2024;Mediterranean;colony;New material;1066;1128;1142;1120;1305;1399;1305;1205;1329;923;1568;1400;1758;1499;1699;1434;1833;1310;1716;1239;1858;1124;1875;981;1948;865;1974;1460;2077;1344;2373;1188;2527;1160;2566;1058;648;1406
MA-0186-S33_RF8.dw.png;MA-0186;34.98927847;-3.866837393;2024;Mediterranean;colony;New material;1117;1253;1191;1245;1320;1517;1343;1336;1380;1064;1623;1536;1796;1644;1744;1571;1898;1459;1798;1388;1908;1287;1919;1149;1981;1053;2010;1620;2137;1494;2390;1366;2516;1355;2538;1269;670;1492
MA-0186-S33_RF9.dw.png;MA-0186;34.98927847;-3.866837393;2024;Mediterranean;colony;New material;977;1148;1051;1138;1239;1417;1200;1217;1229;924;1506;1415;1703;1509;1639;1442;1768;1309;1665;1247;1788;1121;1811;983;1870;882;1930;1464;2051;1334;2341;1171;2453;1156;2471;1048;538;1445
MA-0187-S34_LF1.dw.png;MA-0187;34.99683216;-3.858788727;2024;Mediterranean;colony;New material;1202;1144;1265;1133;1428;1397;1439;1219;1434;937;1692;1402;1865;1508;1812;1435;1977;1311;1866;1239;1980;1121;1998;983;2052;890;2096;1468;2236;1327;2492;1188;2629;1164;2646;1072;737;1416
MA-0187-S34_LF10.dw.png;MA-0187;34.99683216;-3.858788727;2024;Mediterranean;colony;New material;1038;1325;1113;1318;1245;1584;1268;1406;1297;1119;1516;1597;1707;1710;1649;1631;1795;1511;1681;1439;1831;1328;1848;1187;1912;1070;1934;1674;2058;1547;2361;1407;2480;1397;2515;1308;591;1593
MA-0187-S34_LF11.dw.png;MA-0187;34.99683216;-3.858788727;2024;Mediterranean;colony;New material;1261;996;1325;994;1458;1279;1465;1085;1524;814;1723;1300;1877;1413;1833;1335;1991;1223;1893;1153;2026;1041;2033;911;2093;794;2110;1389;2224;1271;2512;1133;2640;1124;2659;1030;786;1228
MA-0187-S34_LF12.dw.png;MA-0187;34.99683216;-3.858788727;2024;Mediterranean;colony;New material;1143;1020;1218;1013;1359;1303;1382;1111;1414;820;1633;1312;1847;1429;1786;1353;1955;1243;1812;1158;1959;1053;1992;916;2054;813;2091;1399;2206;1270;2471;1148;2596;1129;2621;1023;692;1272
MA-0187-S34_LF13.dw.png;MA-0187;34.99683216;-3.858788727;2024;Mediterranean;colony;New material;1153;1102;1213;1095;1347;1370;1359;1178;1397;896;1637;1379;1794;1492;1739;1408;1895;1302;1797;1232;1932;1120;1951;976;2005;872;2037;1458;2160;1326;2430;1193;2573;1175;2603;1079;685;1350
MA-0187-S34_LF14.dw.png;MA-0187;34.99683216;-3.858788727;2024;Mediterranean;colony;New material;1165;1074;1236;1066;1350;1324;1384;1152;1415;898;1634;1338;1797;1452;1747;1373;1910;1261;1808;1184;1934;1088;1940;954;1987;836;2031;1416;2155;1283;2425;1139;2553;1114;2594;1023;729;1302
MA-0187-S34_LF2.dw.png;MA-0187;34.99683216;-3.858788727;2024;Mediterranean;colony;New material;1215;1110;1275;1103;1433;1382;1449;1201;1484;912;1696;1382;1879;1490;1825;1415;1984;1289;1895;1231;2002;1108;2006;963;2067;855;2119;1443;2236;1319;2517;1161;2659;1137;2680;1038;816;1408
MA-0187-S34_LF3.dw.png;MA-0187;34.99683216;-3.858788727;2024;Mediterranean;colony;New material;1368;1178;1433;1171;1556;1439;1591;1257;1596;1000;1841;1443;2022;1547;1966;1473;2100;1361;2027;1300;2133;1191;2153;1077;2211;958;2242;1515;2355;1397;2625;1266;2740;1249;2769;1149;916;1452
MA-0187-S34_LF4.dw.png;MA-0187;34.99683216;-3.858788727;2024;Mediterranean;colony;New material;1187;1297;1273;1292;1423;1578;1430;1384;1469;1092;1699;1580;1861;1684;1811;1605;1964;1486;1862;1425;1983;1303;1981;1154;2056;1053;2096;1639;2204;1509;2470;1359;2604;1340;2626;1237;777;1580
MA-0187-S34_LF5.dw.png;MA-0187;34.99683216;-3.858788727;2024;Mediterranean;colony;New material;1239;1258;1305;1252;1476;1534;1472;1345;1476;1069;1713;1537;1900;1643;1836;1573;1968;1464;1865;1390;2001;1286;2026;1156;2094;1041;2125;1609;2218;1497;2485;1360;2618;1340;2666;1253;807;1543
MA-0187-S34_LF6.dw.png;MA-0187;34.99683216;-3.858788727;2024;Mediterranean;colony;New material;1143;1053;1217;1049;1342;1317;1371;1139;1418;864;1630;1331;1798;1444;1745;1364;1894;1245;1806;1170;1947;1065;1962;927;2025;805;2024;1413;2155;1285;2457;1139;2590;1120;2626;1020;701;1307
MA-0187-S34_LF7.dw.png;MA-0187;34.99683216;-3.858788727;2024;Mediterranean;colony;New material;1154;1126;1216;1118;1363;1401;1365;1204;1404;935;1619;1400;1818;1494;1766;1427;1916;1310;1833;1251;1936;1122;1940;986;2007;877;2058;1458;2167;1334;2434;1196;2550;1174;2573;1078;692;1411
MA-0187-S34_LF8.dw.png;MA-0187;34.99683216;-3.858788727;2024;Mediterranean;colony;New material;1263;1371;1332;1366;1445;1631;1475;1450;1526;1166;1720;1641;1893;1750;1840;1672;2011;1565;1888;1485;2023;1380;2034;1247;2102;1138;2136;1715;2257;1591;2537;1465;2668;1451;2696;1356;823;1638
MA-0187-S34_LF9.dw.png;MA-0187;34.99683216;-3.858788727;2024;Mediterranean;colony;New material;1276;1225;1351;1228;1501;1508;1495;1318;1550;1056;1783;1534;1929;1642;1883;1566;2028;1450;1914;1376;2046;1283;2065;1147;2130;1036;2143;1609;2280;1487;2540;1348;2660;1329;2675;1236;808;1445
MA-0187-S34_RF1.dw.png;MA-0187;34.99683216;-3.858788727;2024;Mediterranean;colony;New material;1160;1318;1224;1313;1371;1587;1396;1410;1413;1128;1650;1612;1813;1729;1761;1650;1941;1540;1835;1460;1958;1353;1988;1220;2038;1130;2039;1703;2190;1574;2461;1457;2593;1451;2611;1362;680;1552
MA-0187-S34_RF10.dw.png;MA-0187;34.99683216;-3.858788727;2024;Mediterranean;colony;New material;1128;1368;1202;1366;1330;1645;1359;1469;1400;1173;1595;1664;1789;1785;1732;1710;1881;1592;1770;1516;1927;1414;1952;1273;2011;1169;2012;1767;2142;1642;2453;1517;2569;1513;2598;1429;675;1622
MA-0187-S34_RF11.dw.png;MA-0187;34.99683216;-3.858788727;2024;Mediterranean;colony;New material;1328;1248;1391;1245;1520;1531;1537;1344;1595;1065;1798;1552;1950;1666;1907;1587;2067;1480;1963;1407;2103;1298;2111;1162;2165;1048;2188;1640;2304;1521;2593;1391;2710;1386;2726;1286;854;1487
MA-0187-S34_RF12.dw.png;MA-0187;34.99683216;-3.858788727;2024;Mediterranean;colony;New material;946;1180;1013;1176;1164;1469;1172;1275;1224;994;1448;1486;1649;1600;1590;1525;1749;1414;1624;1333;1765;1225;1801;1088;1857;1001;1883;1575;2017;1445;2287;1326;2407;1312;2435;1223;477;1423
MA-0187-S34_RF13.dw.png;MA-0187;34.99683216;-3.858788727;2024;Mediterranean;colony;New material;1269;1304;1334;1302;1450;1581;1478;1397;1536;1107;1739;1610;1897;1727;1838;1640;2009;1544;1906;1464;2051;1366;2080;1222;2140;1120;2132;1705;2260;1578;2541;1461;2691;1452;2724;1361;788;1535
MA-0187-S34_RF14.dw.png;MA-0187;34.99683216;-3.858788727;2024;Mediterranean;colony;New material;1241;1130;1310;1127;1422;1380;1461;1223;1499;968;1694;1408;1852;1530;1806;1449;1964;1342;1884;1271;2011;1177;2029;1044;2077;938;2087;1509;2208;1388;2504;1264;2623;1255;2668;1174;798;1335
MA-0187-S34_RF2.dw.png;MA-0187;34.99683216;-3.858788727;2024;Mediterranean;colony;New material;1132;1131;1199;1131;1332;1404;1356;1231;1408;943;1603;1416;1783;1528;1724;1454;1890;1340;1804;1276;1927;1162;1933;1016;1996;923;2021;1497;2146;1377;2442;1242;2567;1234;2591;1144;707;1391
MA-0187-S34_RF3.dw.png;MA-0187;34.99683216;-3.858788727;2024;Mediterranean;colony;New material;1014;1164;1082;1154;1220;1415;1238;1230;1246;987;1502;1411;1704;1511;1624;1439;1761;1325;1686;1269;1787;1156;1807;1041;1851;926;1899;1477;2019;1355;2287;1218;2388;1201;2413;1107;577;1433
MA-0187-S34_RF4.dw.png;MA-0187;34.99683216;-3.858788727;2024;Mediterranean;colony;New material;1053;1066;1134;1065;1257;1360;1282;1170;1344;879;1546;1383;1718;1497;1659;1415;1803;1301;1713;1235;1852;1121;1859;972;1931;882;1933;1469;2060;1346;2338;1214;2473;1202;2488;1111;610;1315
MA-0187-S34_RF5.dw.png;MA-0187;34.99683216;-3.858788727;2024;Mediterranean;colony;New material;906;1055;969;1048;1142;1332;1138;1142;1146;860;1393;1334;1573;1432;1512;1363;1642;1250;1543;1179;1681;1071;1704;945;1761;821;1796;1401;1900;1278;2177;1140;2300;1125;2338;1033;474;1345
MA-0187-S34_RF6.dw.png;MA-0187;34.99683216;-3.858788727;2024;Mediterranean;colony;New material;1248;1343;1318;1339;1452;1607;1474;1430;1521;1158;1739;1619;1907;1731;1854;1656;2009;1532;1911;1460;2050;1356;2070;1219;2121;1104;2137;1693;2265;1569;2556;1427;2682;1415;2720;1328;800;1589
MA-0187-S34_RF7.dw.png;MA-0187;34.99683216;-3.858788727;2024;Mediterranean;colony;New material;1100;1193;1172;1190;1289;1478;1311;1285;1366;1015;1563;1490;1761;1593;1697;1523;1834;1405;1771;1352;1893;1236;1906;1102;1971;996;1987;1570;2108;1453;2376;1330;2497;1320;2520;1220;623;1450
MA-0187-S34_RF8.dw.png;MA-0187;34.99683216;-3.858788727;2024;Mediterranean;colony;New material;1298;1117;1363;1111;1476;1368;1520;1200;1554;908;1759;1369;1934;1474;1880;1401;2042;1290;1921;1215;2055;1107;2065;974;2122;876;2167;1438;2294;1307;2567;1181;2697;1175;2713;1081;857;1387
MA-0187-S34_RF9.dw.png;MA-0187;34.99683216;-3.858788727;2024;Mediterranean;colony;New material;1089;1207;1173;1208;1334;1467;1323;1294;1369;1024;1616;1481;1769;1583;1718;1509;1858;1393;1741;1320;1868;1225;1884;1093;1942;978;1992;1543;2111;1422;2367;1272;2480;1250;2500;1151;643;1429
MA-0188-S35_LF1.dw.png;MA-0188;35.00427584;-3.857707723;2024;Mediterranean;colony;New material;986;1210;1064;1203;1177;1474;1202;1286;1252;1021;1460;1489;1627;1601;1567;1524;1737;1404;1640;1322;1769;1225;1784;1082;1846;973;1865;1568;1977;1440;2284;1284;2406;1265;2431;1170;514;1441
MA-0188-S35_LF10.dw.png;MA-0188;35.00427584;-3.857707723;2024;Mediterranean;colony;New material;1053;1266;1138;1260;1311;1524;1294;1340;1328;1060;1541;1537;1721;1627;1654;1557;1822;1433;1723;1373;1842;1250;1861;1120;1927;1008;1949;1591;2075;1465;2333;1324;2439;1304;2466;1196;646;1534
MA-0188-S35_LF11.dw.png;MA-0188;35.00427584;-3.857707723;2024;Mediterranean;colony;New material;1099;852;1179;844;1280;1100;1319;927;1363;667;1561;1110;1728;1217;1670;1142;1827;1021;1732;948;1873;850;1881;712;1939;616;1964;1176;2072;1055;2358;907;2496;888;2536;792;652;1093
MA-0188-S35_LF12.dw.png;MA-0188;35.00427584;-3.857707723;2024;Mediterranean;colony;New material;1393;1263;1463;1260;1597;1527;1621;1352;1650;1076;1864;1550;2022;1663;1972;1589;2147;1485;2022;1405;2171;1305;2188;1165;2244;1062;2258;1632;2388;1517;2645;1385;2751;1372;2775;1264;957;1485
MA-0188-S35_LF13.dw.png;MA-0188;35.00427584;-3.857707723;2024;Mediterranean;colony;New material;1024;1262;1110;1256;1232;1528;1261;1339;1312;1042;1606;1546;1788;1648;1723;1571;1870;1450;1776;1391;1896;1262;1892;1118;1946;992;2027;1614;2159;1481;2458;1322;2569;1308;2593;1212;581;1545
MA-0188-S35_LF14.dw.png;MA-0188;35.00427584;-3.857707723;2024;Mediterranean;colony;New material;1149;1164;1212;1159;1367;1450;1364;1246;1391;948;1640;1466;1806;1570;1747;1496;1923;1377;1791;1297;1927;1176;1939;1026;1991;906;2026;1538;2181;1403;2481;1258;2602;1246;2622;1148;695;1437
MA-0188-S35_LF15.dw.png;MA-0188;35.00427584;-3.857707723;2024;Mediterranean;colony;New material;1098;1227;1175;1223;1297;1500;1357;1322;1389;1033;1603;1509;1784;1619;1716;1543;1847;1432;1729;1359;1872;1249;1897;1117;1969;1009;1979;1596;2101;1473;2397;1334;2523;1322;2555;1221;644;1497
MA-0188-S35_LF16.dw.png;MA-0188;35.00427584;-3.857707723;2024;Mediterranean;colony;New material;1341;1040;1412;1035;1537;1302;1573;1129;1579;836;1795;1316;1985;1431;1933;1356;2103;1252;1975;1170;2103;1060;2121;913;2201;809;2224;1400;2339;1275;2620;1144;2742;1129;2759;1021;867;1288
MA-0188-S35_LF17.dw.png;MA-0188;35.00427584;-3.857707723;2024;Mediterranean;colony;New material;1101;1187;1178;1183;1266;1439;1324;1268;1372;1007;1566;1458;1716;1577;1669;1495;1848;1386;1749;1305;1877;1209;1890;1074;1954;968;1957;1545;2080;1421;2368;1285;2498;1273;2532;1185;667;1419
MA-0188-S35_LF18.dw.png;MA-0188;35.00427584;-3.857707723;2024;Mediterranean;colony;New material;900;1382;970;1371;1098;1654;1126;1461;1162;1182;1381;1665;1585;1778;1523;1701;1696;1591;1569;1514;1710;1405;1741;1272;1800;1169;1826;1745;1951;1617;2209;1492;2344;1473;2379;1376;450;1644
MA-0188-S35_LF19.dw.png;MA-0188;35.00427584;-3.857707723;2024;Mediterranean;colony;New material;1186;1122;1249;1114;1414;1391;1420;1200;1431;900;1710;1397;1873;1497;1822;1426;1979;1294;1865;1230;1982;1121;2002;973;2037;857;2115;1454;2231;1329;2512;1189;2656;1174;2680;1077;746;1412
MA-0188-S35_LF2.dw.png;MA-0188;35.00427584;-3.857707723;2024;Mediterranean;colony;New material;1188;1391;1265;1391;1415;1663;1417;1477;1466;1206;1684;1679;1828;1783;1784;1709;1954;1595;1840;1522;1961;1423;1979;1291;2042;1181;2053;1746;2183;1625;2435;1491;2558;1474;2580;1377;734;1622
MA-0188-S35_LF20.dw.png;MA-0188;35.00427584;-3.857707723;2024;Mediterranean;colony;New material;1196;1023;1281;1013;1453;1290;1461;1109;1479;819;1710;1292;1895;1398;1840;1324;2007;1206;1872;1127;2008;1020;2019;881;2088;771;2130;1354;2240;1225;2530;1083;2674;1061;2710;966;798;1323
MA-0188-S35_LF21.dw.png;MA-0188;35.00427584;-3.857707723;2024;Mediterranean;colony;New material;1103;936;1182;934;1295;1214;1343;1035;1390;755;1620;1224;1800;1332;1747;1256;1890;1145;1797;1079;1913;965;1930;823;1991;716;2043;1291;2134;1178;2428;1019;2566;999;2595;916;671;1201
MA-0188-S35_LF3.dw.png;MA-0188;35.00427584;-3.857707723;2024;Mediterranean;colony;New material;1129;1092;1212;1087;1370;1384;1357;1176;1386;877;1634;1397;1821;1508;1756;1434;1940;1307;1825;1230;1952;1103;1975;950;2048;832;2052;1473;2182;1340;2501;1179;2618;1166;2654;1062;669;1395
MA-0188-S35_LF4.dw.png;MA-0188;35.00427584;-3.857707723;2024;Mediterranean;colony;New material;1010;1167;1091;1160;1253;1457;1252;1261;1277;968;1520;1479;1700;1595;1650;1524;1824;1400;1701;1315;1838;1190;1855;1046;1926;933;1932;1563;2066;1435;2384;1276;2510;1259;2548;1145;573;1458
MA-0188-S35_LF5.dw.png;MA-0188;35.00427584;-3.857707723;2024;Mediterranean;colony;New material;1207;1253;1274;1248;1417;1538;1426;1347;1464;1062;1693;1546;1896;1657;1842;1583;2001;1464;1904;1393;2020;1282;2031;1138;2097;1025;2137;1628;2276;1493;2550;1344;2668;1327;2699;1225;763;1522
MA-0188-S35_LF6.dw.png;MA-0188;35.00427584;-3.857707723;2024;Mediterranean;colony;New material;1209;1082;1296;1080;1431;1362;1448;1173;1513;892;1714;1376;1897;1486;1831;1411;1981;1300;1871;1230;2006;1111;2032;980;2102;876;2104;1463;2230;1344;2545;1208;2655;1197;2688;1091;743;1339
MA-0188-S35_LF7.dw.png;MA-0188;35.00427584;-3.857707723;2024;Mediterranean;colony;New material;1166;1314;1247;1313;1353;1590;1414;1416;1464;1119;1651;1603;1831;1723;1777;1639;1915;1518;1846;1459;1987;1341;2015;1202;2064;1088;2063;1692;2197;1559;2481;1424;2644;1406;2671;1297;683;1575
MA-0188-S35_LF8.dw.png;MA-0188;35.00427584;-3.857707723;2024;Mediterranean;colony;New material;1207;1272;1286;1263;1423;1541;1424;1347;1470;1070;1704;1551;1899;1656;1844;1585;2000;1465;1875;1389;2011;1283;2009;1143;2080;1034;2133;1623;2260;1499;2512;1370;2657;1355;2698;1262;772;1540
MA-0188-S35_LF9.dw.png;MA-0188;35.00427584;-3.857707723;2024;Mediterranean;colony;New material;1198;1271;1290;1268;1420;1551;1430;1362;1492;1075;1705;1567;1872;1680;1813;1602;1978;1488;1866;1415;2014;1308;2030;1165;2106;1055;2094;1651;2226;1522;2511;1383;2651;1370;2658;1262;743;1522
MA-0188-S35_RF1.dw.png;MA-0188;35.00427584;-3.857707723;2024;Mediterranean;colony;New material;1082;994;1151;982;1280;1209;1315;1064;1332;798;1570;1209;1741;1307;1682;1234;1830;1127;1739;1064;1865;969;1869;832;1914;726;1982;1267;2090;1141;2378;999;2495;985;2510;907;623;1221
MA-0188-S35_RF10.dw.png;MA-0188;35.00427584;-3.857707723;2024;Mediterranean;colony;New material;1331;1201;1412;1202;1578;1474;1556;1288;1612;1020;1821;1491;1976;1595;1925;1525;2088;1413;1983;1341;2113;1231;2134;1097;2200;994;2206;1565;2334;1452;2598;1316;2693;1306;2735;1199;915;1450
MA-0188-S35_RF11.dw.png;MA-0188;35.00427584;-3.857707723;2024;Mediterranean;colony;New material;1159;902;1240;900;1343;1161;1378;988;1423;727;1621;1184;1778;1293;1727;1220;1893;1106;1789;1027;1932;933;1950;798;2002;703;2007;1265;2131;1146;2423;1012;2553;1001;2581;925;703;1121
MA-0188-S35_RF12.dw.png;MA-0188;35.00427584;-3.857707723;2024;Mediterranean;colony;New material;1154;977;1229;976;1343;1230;1404;1073;1416;793;1633;1247;1804;1354;1746;1285;1921;1183;1794;1111;1933;1008;1952;867;1995;777;2042;1320;2161;1203;2414;1071;2515;1059;2521;974;723;1201
MA-0188-S35_RF13.dw.png;MA-0188;35.00427584;-3.857707723;2024;Mediterranean;colony;New material;1185;1234;1271;1231;1395;1508;1419;1318;1492;1020;1754;1541;1932;1651;1871;1575;2034;1456;1942;1399;2072;1273;2072;1124;2121;1007;2185;1628;2308;1505;2618;1360;2725;1353;2752;1254;735;1496
MA-0188-S35_RF14.dw.png;MA-0188;35.00427584;-3.857707723;2024;Mediterranean;colony;New material;1079;1174;1144;1170;1295;1457;1304;1270;1326;963;1567;1482;1737;1590;1677;1515;1839;1395;1712;1316;1860;1209;1877;1060;1923;943;1960;1563;2102;1433;2400;1292;2529;1281;2549;1194;617;1435
MA-0188-S35_RF16.dw.png;MA-0188;35.00427584;-3.857707723;2024;Mediterranean;colony;New material;977;1121;1041;1117;1165;1375;1195;1204;1222;919;1438;1389;1635;1500;1575;1426;1749;1323;1624;1245;1748;1138;1767;993;1837;894;1866;1470;1980;1342;2266;1216;2379;1208;2392;1111;505;1372
MA-0188-S35_RF17.dw.png;MA-0188;35.00427584;-3.857707723;2024;Mediterranean;colony;New material;1105;1123;1177;1118;1279;1368;1326;1199;1365;939;1565;1378;1731;1488;1675;1412;1842;1294;1754;1228;1875;1124;1885;986;1939;880;1968;1450;2088;1320;2355;1182;2489;1168;2515;1079;674;1371
MA-0188-S35_RF18.dw.png;MA-0188;35.00427584;-3.857707723;2024;Mediterranean;colony;New material;989;1219;1065;1211;1185;1494;1210;1309;1262;1027;1455;1508;1671;1625;1603;1551;1780;1440;1650;1356;1795;1258;1833;1127;1888;1033;1898;1599;2040;1464;2302;1342;2424;1327;2450;1256;533;1478
MA-0188-S35_RF19.dw.png;MA-0188;35.00427584;-3.857707723;2024;Mediterranean;colony;New material;1059;1032;1117;1024;1268;1300;1290;1113;1312;812;1577;1305;1751;1403;1701;1333;1855;1205;1733;1140;1862;1027;1875;880;1912;770;1990;1362;2110;1229;2391;1093;2530;1080;2547;988;626;1324
MA-0188-S35_RF2.dw.png;MA-0188;35.00427584;-3.857707723;2024;Mediterranean;colony;New material;1017;1166;1092;1161;1265;1430;1255;1242;1289;972;1521;1433;1693;1527;1630;1458;1792;1335;1669;1267;1796;1162;1811;1031;1858;924;1911;1481;2039;1347;2280;1206;2398;1181;2409;1092;574;1419
MA-0188-S35_RF20.dw.png;MA-0188;35.00427584;-3.857707723;2024;Mediterranean;colony;New material;1164;1282;1248;1271;1409;1548;1408;1365;1447;1084;1658;1560;1843;1678;1790;1596;1964;1483;1832;1398;1967;1296;1975;1157;2049;1043;2091;1635;2191;1512;2472;1367;2627;1344;2663;1242;753;1564
MA-0188-S35_RF21.dw.png;MA-0188;35.00427584;-3.857707723;2024;Mediterranean;colony;New material;1154;1007;1224;1008;1341;1282;1387;1108;1440;826;1657;1298;1847;1415;1796;1336;1932;1229;1841;1161;1970;1052;1986;907;2045;811;2080;1387;2194;1269;2482;1131;2614;1125;2644;1042;718;1255
MA-0188-S35_RF3.dw.png;MA-0188;35.00427584;-3.857707723;2024;Mediterranean;colony;New material;1102;904;1180;899;1340;1190;1322;986;1356;686;1606;1201;1796;1307;1734;1237;1917;1110;1789;1032;1922;906;1941;753;2011;637;2024;1272;2159;1139;2470;967;2589;951;2629;840;637;1199
MA-0188-S35_RF4.dw.png;MA-0188;35.00427584;-3.857707723;2024;Mediterranean;colony;New material;957;1256;1034;1250;1181;1544;1201;1352;1231;1049;1472;1572;1643;1688;1597;1616;1771;1495;1649;1421;1794;1290;1814;1143;1879;1032;1871;1663;2029;1531;2335;1395;2461;1390;2503;1288;503;1530
MA-0188-S35_RF5.dw.png;MA-0188;35.00427584;-3.857707723;2024;Mediterranean;colony;New material;1114;1184;1186;1178;1333;1445;1339;1264;1380;980;1630;1446;1834;1555;1770;1480;1934;1366;1790;1299;1943;1184;1946;1042;2000;937;2066;1522;2205;1385;2480;1241;2583;1231;2611;1145;676;1437
MA-0188-S35_RF7.dw.png;MA-0188;35.00427584;-3.857707723;2024;Mediterranean;colony;New material;1021;1103;1097;1102;1229;1381;1267;1205;1320;908;1513;1385;1700;1504;1642;1421;1790;1301;1704;1239;1843;1118;1866;979;1910;870;1937;1467;2061;1332;2346;1187;2489;1169;2506;1078;547;1380
MA-0188-S35_RF8.dw.png;MA-0188;35.00427584;-3.857707723;2024;Mediterranean;colony;New material;1208;1010;1287;1008;1418;1297;1422;1100;1486;829;1696;1313;1898;1431;1841;1357;1998;1237;1882;1162;2022;1062;2025;921;2091;815;2141;1401;2257;1286;2527;1161;2663;1155;2697;1055;765;1267
MA-0188-S35_RF9.dw.png;MA-0188;35.00427584;-3.857707723;2024;Mediterranean;colony;New material;1266;1124;1347;1120;1492;1394;1497;1214;1555;925;1770;1408;1951;1520;1886;1441;2051;1325;1943;1254;2085;1143;2095;997;2165;892;2172;1485;2304;1349;2581;1208;2719;1194;2711;1078;813;1369
MA-0189-S36_LF1.dw.png;MA-0189;35.02650632;-3.92268729;2024;Mediterranean;colony;New material;1156;1015;1230;1009;1372;1290;1392;1106;1412;820;1624;1303;1810;1420;1754;1339;1911;1224;1814;1148;1945;1039;1963;906;2034;806;2042;1385;2164;1256;2421;1128;2557;1110;2594;1012;730;1310
MA-0189-S36_LF10.dw.png;MA-0189;35.02650632;-3.92268729;2024;Mediterranean;colony;New material;894;982;979;978;1114;1283;1139;1082;1180;767;1433;1306;1615;1426;1540;1335;1725;1220;1607;1141;1749;1014;1776;862;1842;756;1846;1391;1989;1254;2287;1107;2407;1095;2438;989;426;1247
MA-0189-S36_LF11.dw.png;MA-0189;35.02650632;-3.92268729;2024;Mediterranean;colony;New material;915;1103;974;1097;1142;1386;1148;1198;1177;898;1412;1396;1610;1521;1554;1435;1707;1319;1598;1243;1737;1124;1763;979;1814;864;1864;1482;1987;1353;2309;1206;2420;1194;2457;1102;478;1385
MA-0189-S36_LF12.dw.png;MA-0189;35.02650632;-3.92268729;2024;Mediterranean;colony;New material;1051;1158;1125;1156;1267;1439;1273;1247;1325;972;1543;1462;1728;1584;1673;1502;1829;1392;1716;1317;1868;1202;1892;1059;1967;954;1955;1561;2103;1432;2401;1304;2498;1292;2541;1185;601;1411
MA-0189-S36_LF13.dw.png;MA-0189;35.02650632;-3.92268729;2024;Mediterranean;colony;New material;1173;1304;1248;1305;1339;1596;1385;1409;1456;1130;1609;1627;1797;1753;1744;1667;1895;1562;1805;1487;1939;1380;1965;1244;2031;1147;1997;1730;2149;1606;2435;1485;2545;1478;2583;1384;740;1543
MA-0189-S36_LF14.dw.png;MA-0189;35.02650632;-3.92268729;2024;Mediterranean;colony;New material;1049;1111;1138;1112;1289;1383;1296;1207;1345;932;1559;1401;1715;1509;1663;1433;1829;1326;1696;1249;1836;1155;1862;1023;1923;919;1934;1479;2056;1358;2301;1235;2434;1214;2458;1123;605;1340
MA-0189-S36_LF15.dw.png;MA-0189;35.02650632;-3.92268729;2024;Mediterranean;colony;New material;1072;995;1162;989;1304;1288;1304;1079;1356;795;1582;1291;1760;1406;1715;1328;1888;1213;1750;1133;1901;1017;1919;881;1991;762;1988;1369;2117;1241;2423;1096;2559;1075;2588;958;628;1272
MA-0189-S36_LF16.dw.png;MA-0189;35.02650632;-3.92268729;2024;Mediterranean;colony;New material;1225;1249;1310;1244;1436;1532;1480;1345;1533;1057;1739;1548;1914;1659;1857;1579;1997;1460;1929;1399;2046;1266;2071;1129;2129;1023;2149;1631;2287;1495;2569;1350;2696;1333;2728;1227;787;1516
MA-0189-S36_LF17.dw.png;MA-0189;35.02650632;-3.92268729;2024;Mediterranean;colony;New material;997;1277;1073;1276;1214;1550;1234;1368;1274;1078;1495;1560;1663;1662;1599;1587;1770;1473;1660;1401;1784;1291;1810;1148;1860;1048;1874;1634;2012;1501;2291;1357;2402;1343;2433;1253;583;1538
MA-0189-S36_LF18.dw.png;MA-0189;35.02650632;-3.92268729;2024;Mediterranean;colony;New material;1223;1081;1314;1084;1453;1351;1452;1165;1503;891;1735;1366;1894;1473;1841;1400;1989;1280;1881;1212;2019;1115;2035;982;2085;883;2107;1442;2241;1313;2483;1188;2607;1173;2629;1082;783;1320
MA-0189-S36_LF2.dw.png;MA-0189;35.02650632;-3.92268729;2024;Mediterranean;colony;New material;1040;1240;1106;1234;1246;1501;1273;1317;1279;1049;1546;1504;1709;1592;1644;1524;1790;1410;1686;1345;1793;1241;1813;1116;1881;1003;1933;1558;2046;1433;2271;1307;2416;1276;2427;1176;628;1523
MA-0189-S36_LF3.dw.png;MA-0189;35.02650632;-3.92268729;2024;Mediterranean;colony;New material;1014;1251;1090;1249;1219;1514;1253;1336;1292;1048;1508;1524;1700;1626;1632;1551;1799;1439;1701;1371;1826;1256;1832;1108;1902;1001;1915;1591;2062;1451;2340;1312;2461;1294;2504;1188;596;1525
MA-0189-S36_LF4.dw.png;MA-0189;35.02650632;-3.92268729;2024;Mediterranean;colony;New material;1131;1151;1213;1147;1361;1404;1379;1240;1412;965;1604;1409;1796;1530;1734;1442;1850;1333;1794;1287;1915;1166;1934;1032;1989;932;2023;1495;2127;1377;2410;1240;2539;1218;2568;1135;670;1378
MA-0189-S36_LF5.dw.png;MA-0189;35.02650632;-3.92268729;2024;Mediterranean;colony;New material;1143;1260;1220;1262;1314;1532;1380;1367;1435;1090;1629;1564;1781;1677;1734;1602;1883;1487;1786;1419;1913;1314;1940;1186;2006;1082;2000;1650;2130;1524;2405;1392;2518;1377;2546;1288;700;1495
MA-0189-S36_LF6.dw.png;MA-0189;35.02650632;-3.92268729;2024;Mediterranean;colony;New material;1379;916;1467;914;1579;1193;1620;1008;1651;709;1879;1211;2065;1326;2008;1245;2155;1125;2054;1056;2190;932;2220;790;2289;673;2289;1292;2430;1165;2727;1018;2861;1000;2885;893;899;1174
MA-0189-S36_LF7.dw.png;MA-0189;35.02650632;-3.92268729;2024;Mediterranean;colony;New material;1269;901;1330;895;1473;1182;1479;986;1522;694;1746;1194;1940;1309;1881;1231;2023;1115;1910;1037;2075;923;2095;775;2162;653;2175;1280;2296;1147;2598;994;2729;977;2758;873;801;1160
MA-0189-S36_LF8.dw.png;MA-0189;35.02650632;-3.92268729;2024;Mediterranean;colony;New material;1317;1215;1386;1211;1512;1491;1540;1309;1577;1025;1778;1507;1956;1616;1908;1543;2050;1429;1965;1365;2099;1246;2114;1109;2168;1012;2185;1584;2300;1463;2581;1322;2697;1305;2722;1214;905;1490
MA-0189-S36_LF9.dw.png;MA-0189;35.02650632;-3.92268729;2024;Mediterranean;colony;New material;1146;1118;1218;1113;1345;1373;1336;1184;1387;927;1592;1372;1793;1472;1733;1405;1886;1293;1777;1227;1914;1115;1923;980;1988;869;2019;1442;2126;1317;2403;1179;2520;1161;2527;1062;695;1387
MA-0189-S36_RF1.dw.png;MA-0189;35.02650632;-3.92268729;2024;Mediterranean;colony;New material;1298;962;1376;955;1499;1233;1533;1043;1551;768;1766;1237;1952;1355;1896;1273;2048;1155;1957;1086;2081;976;2093;839;2161;739;2171;1322;2297;1188;2551;1052;2696;1028;2721;939;881;1265
MA-0189-S36_RF10.dw.png;MA-0189;35.02650632;-3.92268729;2024;Mediterranean;colony;New material;1096;1040;1181;1040;1321;1346;1352;1151;1387;834;1634;1367;1828;1484;1759;1400;1920;1278;1819;1206;1957;1075;1985;924;2039;826;2055;1450;2202;1311;2484;1157;2611;1142;2638;1050;625;1298
MA-0189-S36_RF11.dw.png;MA-0189;35.02650632;-3.92268729;2024;Mediterranean;colony;New material;1168;1114;1228;1109;1387;1393;1406;1213;1431;904;1660;1404;1860;1527;1798;1440;1954;1326;1843;1253;1987;1137;2012;985;2056;869;2093;1493;2244;1355;2544;1207;2660;1198;2696;1102;736;1401
MA-0189-S36_RF12.dw.png;MA-0189;35.02650632;-3.92268729;2024;Mediterranean;colony;New material;1069;922;1136;916;1295;1192;1288;1003;1328;722;1569;1197;1764;1310;1700;1236;1858;1119;1734;1044;1886;926;1904;785;1966;688;1978;1278;2129;1143;2414;1002;2510;988;2543;893;623;1189
MA-0189-S36_RF13.dw.png;MA-0189;35.02650632;-3.92268729;2024;Mediterranean;colony;New material;1055;1192;1126;1193;1232;1484;1274;1299;1336;1017;1506;1508;1689;1628;1634;1549;1791;1442;1700;1371;1825;1266;1847;1127;1922;1026;1916;1601;2034;1489;2322;1361;2440;1351;2477;1258;624;1442
MA-0189-S36_RF14.dw.png;MA-0189;35.02650632;-3.92268729;2024;Mediterranean;colony;New material;1149;1273;1215;1269;1333;1544;1373;1366;1422;1088;1615;1562;1782;1679;1732;1600;1886;1491;1786;1421;1923;1314;1947;1185;2009;1078;2013;1646;2146;1527;2421;1393;2528;1381;2564;1286;705;1514
MA-0189-S36_RF15.dw.png;MA-0189;35.02650632;-3.92268729;2024;Mediterranean;colony;New material;922;1036;1013;1033;1154;1334;1171;1135;1221;847;1444;1347;1614;1459;1554;1386;1736;1278;1605;1190;1765;1083;1787;945;1860;833;1832;1438;1985;1312;2296;1176;2421;1161;2464;1050;473;1289
MA-0189-S36_RF16.dw.png;MA-0189;35.02650632;-3.92268729;2024;Mediterranean;colony;New material;1051;1352;1139;1348;1280;1636;1309;1453;1356;1157;1572;1651;1758;1764;1697;1686;1829;1558;1766;1503;1882;1370;1905;1229;1963;1121;1992;1728;2129;1590;2418;1443;2538;1428;2573;1328;609;1619
MA-0189-S36_RF17.dw.png;MA-0189;35.02650632;-3.92268729;2024;Mediterranean;colony;New material;790;1063;873;1062;1000;1345;1024;1158;1072;871;1279;1363;1447;1474;1391;1396;1552;1289;1449;1212;1583;1104;1609;964;1671;862;1673;1447;1802;1324;2097;1188;2211;1179;2246;1086;370;1310
MA-0189-S36_RF18.dw.png;MA-0189;35.02650632;-3.92268729;2024;Mediterranean;colony;New material;969;1370;1042;1368;1169;1634;1187;1459;1242;1186;1444;1649;1612;1761;1560;1682;1707;1568;1621;1503;1754;1395;1773;1268;1835;1169;1838;1723;1965;1607;2250;1468;2357;1454;2387;1366;518;1628
MA-0189-S36_RF2.dw.png;MA-0189;35.02650632;-3.92268729;2024;Mediterranean;colony;New material;1103;1056;1174;1051;1313;1330;1327;1138;1356;873;1609;1340;1771;1433;1710;1365;1858;1256;1746;1185;1868;1086;1890;963;1957;850;2000;1408;2111;1288;2349;1167;2478;1147;2494;1043;692;1327
MA-0189-S36_RF3.dw.png;MA-0189;35.02650632;-3.92268729;2024;Mediterranean;colony;New material;1162;1089;1247;1084;1379;1344;1409;1168;1430;875;1651;1339;1852;1434;1778;1363;1938;1239;1831;1175;1959;1061;1957;919;2017;805;2060;1391;2197;1243;2461;1093;2591;1066;2628;969;747;1373
MA-0189-S36_RF4.dw.png;MA-0189;35.02650632;-3.92268729;2024;Mediterranean;colony;New material;1037;1034;1116;1029;1274;1277;1286;1120;1311;851;1529;1281;1722;1392;1654;1312;1770;1201;1709;1153;1819;1045;1828;910;1878;797;1941;1354;2042;1236;2318;1084;2429;1058;2457;970;585;1270
MA-0189-S36_RF5.dw.png;MA-0189;35.02650632;-3.92268729;2024;Mediterranean;colony;New material;981;952;1061;955;1161;1225;1211;1055;1277;776;1466;1252;1635;1368;1577;1287;1737;1177;1630;1109;1758;1000;1778;871;1844;769;1842;1333;1969;1210;2245;1076;2361;1063;2386;975;533;1191
MA-0189-S36_RF6.dw.png;MA-0189;35.02650632;-3.92268729;2024;Mediterranean;colony;New material;1121;1140;1207;1142;1335;1426;1355;1239;1401;944;1612;1446;1798;1561;1750;1484;1896;1371;1787;1296;1937;1173;1969;1036;2036;929;2025;1534;2162;1416;2463;1270;2590;1252;2621;1160;641;1383
MA-0189-S36_RF7.dw.png;MA-0189;35.02650632;-3.92268729;2024;Mediterranean;colony;New material;1166;1161;1231;1157;1360;1451;1378;1258;1432;966;1653;1479;1828;1600;1777;1520;1945;1409;1822;1328;1977;1213;2004;1065;2065;960;2062;1579;2191;1448;2500;1307;2624;1297;2650;1208;693;1409
MA-0189-S36_RF8.dw.png;MA-0189;35.02650632;-3.92268729;2024;Mediterranean;colony;New material;1181;1090;1253;1089;1370;1370;1398;1190;1444;910;1630;1389;1817;1505;1770;1432;1906;1317;1826;1255;1958;1144;1985;1008;2041;909;2043;1475;2167;1356;2443;1220;2557;1212;2585;1121;756;1350
MA-0189-S36_RF9.dw.png;MA-0189;35.02650632;-3.92268729;2024;Mediterranean;colony;New material;914;1171;988;1171;1078;1443;1108;1256;1162;999;1336;1463;1530;1577;1480;1505;1635;1406;1545;1329;1669;1223;1694;1094;1770;990;1765;1560;1873;1447;2151;1330;2281;1318;2300;1210;443;1405
MA-0190-S3_LF1.dw.png;MA-0190;34.788271;-4.938271;2024;Mediterranean;colony;New material;1074;1021;1141;1018;1253;1322;1303;1123;1348;828;1583;1345;1744;1461;1686;1383;1864;1275;1765;1199;1887;1085;1922;940;1991;831;1989;1436;2134;1307;2399;1184;2551;1170;2580;1063;606;1298
MA-0190-S3_LF10.dw.png;MA-0190;34.788271;-4.938271;2024;Mediterranean;colony;New material;1058;987;1145;985;1266;1262;1283;1070;1331;789;1535;1268;1712;1379;1647;1297;1827;1181;1725;1118;1846;1000;1869;855;1924;752;1958;1337;2072;1204;2329;1072;2449;1054;2491;961;613;1250
MA-0190-S3_LF11.dw.png;MA-0190;34.788271;-4.938271;2024;Mediterranean;colony;New material;1213;1221;1296;1220;1428;1506;1445;1315;1496;1028;1718;1527;1876;1639;1820;1562;1973;1447;1885;1375;2025;1262;2045;1116;2105;1008;2118;1612;2247;1488;2542;1356;2670;1341;2697;1239;739;1490
MA-0190-S3_LF2.dw.png;MA-0190;34.788271;-4.938271;2024;Mediterranean;colony;New material;1103;1125;1167;1117;1357;1418;1350;1229;1387;925;1604;1424;1771;1532;1718;1460;1896;1347;1784;1274;1918;1161;1938;1018;1993;914;1992;1497;2139;1369;2403;1243;2547;1225;2579;1134;661;1414
MA-0190-S3_LF3.dw.png;MA-0190;34.788271;-4.938271;2024;Mediterranean;colony;New material;1146;1088;1227;1087;1351;1373;1383;1187;1426;902;1639;1390;1828;1500;1761;1423;1952;1314;1832;1242;1968;1132;1994;984;2047;878;2053;1477;2200;1346;2492;1209;2627;1195;2650;1093;676;1336
MA-0190-S3_LF4.dw.png;MA-0190;34.788271;-4.938271;2024;Mediterranean;colony;New material;1122;1079;1200;1076;1371;1366;1369;1181;1412;882;1678;1377;1845;1491;1784;1409;1961;1297;1834;1224;1956;1110;1986;969;2037;862;2047;1459;2200;1327;2480;1198;2599;1182;2644;1086;660;1359
MA-0190-S3_LF5.dw.png;MA-0190;34.788271;-4.938271;2024;Mediterranean;colony;New material;1092;1113;1162;1105;1341;1384;1335;1196;1353;893;1637;1390;1810;1495;1744;1417;1887;1289;1795;1235;1923;1112;1940;972;1990;860;2034;1460;2166;1316;2435;1176;2552;1155;2554;1046;659;1400
MA-0190-S3_LF6.dw.png;MA-0190;34.788271;-4.938271;2024;Mediterranean;colony;New material;1308;1059;1374;1057;1572;1350;1531;1154;1576;870;1805;1368;1959;1480;1913;1400;2076;1291;1963;1218;2097;1108;2110;968;2162;861;2214;1442;2311;1316;2575;1194;2704;1175;2732;1078;856;1319
MA-0190-S3_LF7.dw.png;MA-0190;34.788271;-4.938271;2024;Mediterranean;colony;New material;1185;1176;1270;1171;1399;1446;1425;1260;1453;957;1672;1451;1869;1563;1802;1482;1968;1361;1864;1298;2002;1176;2020;1034;2074;914;2098;1521;2230;1390;2514;1251;2653;1228;2669;1123;732;1467
MA-0190-S3_LF8.dw.png;MA-0190;34.788271;-4.938271;2024;Mediterranean;colony;New material;1066;1141;1146;1133;1278;1418;1304;1226;1355;941;1584;1431;1757;1533;1698;1463;1854;1346;1736;1266;1882;1157;1914;1017;1979;914;1974;1505;2100;1378;2391;1238;2520;1215;2545;1108;604;1405
MA-0190-S3_LF9.dw.png;MA-0190;34.788271;-4.938271;2024;Mediterranean;colony;New material;1130;1206;1219;1196;1377;1481;1395;1293;1410;970;1674;1476;1865;1569;1804;1499;1984;1369;1856;1305;1978;1176;1982;1025;2025;914;2100;1520;2230;1376;2501;1235;2626;1211;2645;1119;669;1519
MA-0190-S3_RF1.dw.png;MA-0190;34.788271;-4.938271;2024;Mediterranean;colony;New material;1349;1072;1415;1070;1558;1369;1583;1171;1625;870;1869;1381;2033;1494;1985;1415;2144;1304;2036;1228;2172;1110;2195;962;2252;848;2292;1457;2423;1327;2688;1195;2826;1175;2845;1061;888;1359
MA-0190-S3_RF10.dw.png;MA-0190;34.788271;-4.938271;2024;Mediterranean;colony;New material;1217;1159;1294;1158;1416;1437;1432;1243;1490;966;1687;1448;1862;1563;1804;1478;1971;1361;1878;1300;1991;1185;2011;1040;2073;936;2092;1520;2221;1383;2465;1257;2585;1245;2635;1145;761;1430
MA-0190-S3_RF11.dw.png;MA-0190;34.788271;-4.938271;2024;Mediterranean;colony;New material;1219;1205;1298;1201;1431;1487;1459;1297;1493;1002;1731;1505;1893;1615;1841;1541;1982;1417;1905;1354;2032;1240;2055;1091;2114;977;2139;1586;2256;1459;2534;1317;2680;1298;2720;1197;756;1483
MA-0190-S3_RF2.dw.png;MA-0190;34.788271;-4.938271;2024;Mediterranean;colony;New material;1160;1115;1228;1109;1411;1410;1402;1216;1440;915;1650;1417;1817;1526;1777;1459;1952;1348;1838;1272;1970;1164;1993;1024;2053;915;2054;1500;2188;1372;2453;1253;2603;1238;2643;1138;721;1394
MA-0190-S3_RF3.dw.png;MA-0190;34.788271;-4.938271;2024;Mediterranean;colony;New material;1012;1019;1091;1017;1221;1305;1241;1115;1287;829;1507;1321;1697;1431;1634;1357;1825;1251;1718;1183;1835;1057;1862;913;1907;810;1933;1405;2076;1282;2363;1150;2494;1137;2524;1037;542;1276
MA-0190-S3_RF4.dw.png;MA-0190;34.788271;-4.938271;2024;Mediterranean;colony;New material;1059;1199;1136;1194;1305;1480;1293;1284;1331;992;1597;1479;1775;1584;1712;1507;1871;1390;1755;1324;1875;1202;1898;1061;1954;951;1983;1547;2121;1410;2404;1267;2524;1246;2568;1141;600;1489
MA-0190-S3_RF5.dw.png;MA-0190;34.788271;-4.938271;2024;Mediterranean;colony;New material;1024;1145;1094;1138;1230;1411;1265;1235;1279;931;1534;1429;1704;1536;1651;1459;1787;1337;1688;1276;1829;1154;1849;1012;1908;905;1930;1500;2059;1363;2337;1219;2466;1202;2483;1096;579;1423
MA-0190-S3_RF6.dw.png;MA-0190;34.788271;-4.938271;2024;Mediterranean;colony;New material;1123;1135;1191;1129;1372;1415;1359;1230;1380;936;1623;1428;1786;1530;1733;1456;1880;1335;1778;1273;1911;1163;1923;1024;1973;910;2011;1491;2140;1358;2387;1229;2533;1206;2552;1118;686;1413
MA-0190-S3_RF7.dw.png;MA-0190;34.788271;-4.938271;2024;Mediterranean;colony;New material;1155;1208;1225;1204;1360;1481;1382;1302;1424;1001;1623;1494;1813;1614;1758;1534;1924;1420;1828;1352;1964;1237;1988;1092;2048;977;2060;1580;2195;1458;2465;1325;2616;1307;2644;1203;681;1467
MA-0190-S3_RF8.dw.png;MA-0190;34.788271;-4.938271;2024;Mediterranean;colony;New material;1317;1102;1390;1095;1529;1383;1560;1191;1600;899;1840;1398;1997;1509;1938;1427;2092;1305;1982;1229;2121;1122;2150;983;2220;880;2200;1478;2343;1345;2633;1213;2761;1200;2797;1099;861;1381
MA-0190-S3_RF9.dw.png;MA-0190;34.788271;-4.938271;2024;Mediterranean;colony;New material;1246;1114;1320;1107;1466;1402;1491;1209;1520;888;1763;1415;1941;1519;1887;1443;2075;1320;1947;1248;2077;1121;2085;971;2133;856;2180;1476;2312;1339;2593;1203;2728;1184;2753;1084;761;1411
MA-0191-S4_LF1.dw.png;MA-0191;35.139774;-4.131024;2024;Mediterranean;colony;New material;986;1160;1075;1154;1219;1437;1216;1240;1254;939;1505;1440;1695;1543;1630;1470;1827;1345;1690;1264;1823;1140;1835;990;1887;877;1959;1501;2096;1368;2383;1214;2515;1194;2564;1089;529;1446
MA-0191-S4_LF10.dw.png;MA-0191;35.139774;-4.131024;2024;Mediterranean;colony;New material;1019;1091;1097;1083;1227;1354;1251;1165;1263;867;1507;1355;1684;1448;1630;1386;1811;1262;1685;1183;1822;1052;1842;909;1889;797;1972;1401;2079;1286;2375;1116;2497;1089;2523;981;535;1365
MA-0191-S4_LF11.dw.png;MA-0191;35.139774;-4.131024;2024;Mediterranean;colony;New material;1022;1026;1098;1020;1259;1298;1273;1115;1288;808;1569;1294;1748;1396;1696;1323;1836;1197;1726;1127;1858;997;1868;845;1913;736;2003;1348;2122;1221;2413;1053;2535;1039;2555;939;568;1312
MA-0191-S4_LF12.dw.png;MA-0191;35.139774;-4.131024;2024;Mediterranean;colony;New material;1007;1101;1079;1090;1215;1372;1244;1189;1260;882;1500;1382;1690;1485;1629;1415;1798;1299;1675;1214;1824;1103;1847;956;1906;846;1950;1446;2070;1333;2354;1189;2535;1151;2567;1052;538;1367
MA-0191-S4_LF13.dw.png;MA-0191;35.139774;-4.131024;2024;Mediterranean;colony;New material;862;1022;949;1023;1078;1324;1088;1116;1123;815;1372;1342;1555;1451;1486;1374;1649;1257;1532;1164;1686;1056;1713;903;1773;783;1817;1409;1918;1304;2238;1142;2374;1121;2420;1019;405;1299
MA-0191-S4_LF14.dw.png;MA-0191;35.139774;-4.131024;2024;Mediterranean;colony;New material;913;1141;1021;1136;1159;1407;1172;1229;1192;921;1451;1415;1621;1520;1563;1445;1727;1333;1622;1250;1760;1140;1777;992;1848;877;1876;1482;1992;1365;2311;1220;2431;1208;2466;1107;467;1411
MA-0191-S4_LF15.dw.png;MA-0191;35.139774;-4.131024;2024;Mediterranean;colony;New material;975;1177;1044;1173;1167;1475;1205;1272;1247;973;1467;1493;1656;1612;1592;1529;1783;1409;1655;1316;1799;1203;1827;1054;1889;944;1919;1578;2047;1450;2332;1306;2462;1289;2501;1181;488;1446
MA-0191-S4_LF16.dw.png;MA-0191;35.139774;-4.131024;2024;Mediterranean;colony;New material;954;1129;1035;1118;1214;1371;1191;1196;1217;895;1502;1361;1691;1450;1620;1382;1772;1260;1651;1192;1784;1078;1791;931;1854;813;1934;1402;2049;1275;2332;1126;2467;1112;2495;1015;548;1415
MA-0191-S4_LF17.dw.png;MA-0191;35.139774;-4.131024;2024;Mediterranean;colony;New material;845;1152;921;1144;1074;1431;1083;1239;1132;934;1358;1433;1546;1537;1492;1461;1639;1336;1526;1259;1663;1145;1677;989;1738;883;1805;1494;1913;1373;2217;1211;2345;1196;2368;1101;396;1436
MA-0191-S4_LF18.dw.png;MA-0191;35.139774;-4.131024;2024;Mediterranean;colony;New material;927;1143;1011;1139;1149;1447;1168;1240;1192;944;1454;1467;1620;1574;1557;1497;1719;1388;1605;1291;1748;1184;1767;1025;1827;917;1886;1543;2000;1432;2306;1287;2441;1270;2474;1164;479;1418
MA-0191-S4_LF19.dw.png;MA-0191;35.139774;-4.131024;2024;Mediterranean;colony;New material;987;1357;1067;1351;1155;1624;1202;1429;1277;1167;1480;1647;1644;1745;1597;1676;1790;1569;1656;1489;1796;1365;1807;1219;1865;1101;1903;1713;2047;1596;2333;1450;2462;1437;2501;1343;529;1614
MA-0191-S4_LF2.dw.png;MA-0191;35.139774;-4.131024;2024;Mediterranean;colony;New material;1032;1267;1109;1260;1263;1538;1259;1345;1276;1051;1552;1551;1717;1653;1656;1575;1814;1454;1716;1377;1836;1253;1847;1105;1902;996;1979;1610;2095;1485;2390;1327;2500;1299;2519;1187;572;1545
MA-0191-S4_LF20.dw.png;MA-0191;35.139774;-4.131024;2024;Mediterranean;colony;New material;1002;1148;1093;1145;1214;1439;1223;1240;1285;936;1492;1461;1674;1571;1610;1495;1803;1383;1678;1295;1822;1179;1834;1026;1901;909;1943;1539;2061;1429;2365;1282;2503;1262;2563;1152;537;1408
MA-0191-S4_LF3.dw.png;MA-0191;35.139774;-4.131024;2024;Mediterranean;colony;New material;1130;1211;1193;1197;1351;1477;1369;1287;1373;979;1644;1473;1826;1574;1757;1493;1914;1366;1809;1292;1940;1166;1952;1016;2004;892;2080;1518;2174;1390;2484;1216;2624;1183;2662;1079;681;1506
MA-0191-S4_LF4.dw.png;MA-0191;35.139774;-4.131024;2024;Mediterranean;colony;New material;1070;1076;1141;1061;1298;1345;1311;1144;1318;855;1584;1340;1763;1426;1695;1357;1856;1229;1730;1146;1863;1033;1877;880;1927;771;2017;1372;2120;1253;2414;1079;2518;1054;2535;941;631;1383
MA-0191-S4_LF5.dw.png;MA-0191;35.139774;-4.131024;2024;Mediterranean;colony;New material;1234;1170;1314;1164;1432;1432;1453;1246;1480;957;1738;1426;1919;1528;1855;1451;2010;1326;1897;1255;2029;1136;2039;989;2095;890;2176;1476;2280;1347;2578;1185;2701;1165;2731;1068;762;1448
MA-0191-S4_LF6.dw.png;MA-0191;35.139774;-4.131024;2024;Mediterranean;colony;New material;1063;1091;1134;1077;1300;1358;1296;1164;1307;865;1599;1355;1784;1449;1712;1375;1877;1244;1751;1170;1892;1041;1901;897;1950;775;2045;1388;2151;1260;2440;1086;2578;1054;2583;949;629;1385
MA-0191-S4_LF7.dw.png;MA-0191;35.139774;-4.131024;2024;Mediterranean;colony;New material;1018;1188;1091;1178;1260;1454;1254;1260;1249;957;1552;1449;1736;1545;1674;1470;1815;1331;1710;1259;1830;1136;1839;989;1886;873;1992;1483;2094;1359;2392;1172;2503;1147;2536;1046;554;1473
MA-0191-S4_LF8.dw.png;MA-0191;35.139774;-4.131024;2024;Mediterranean;colony;New material;1138;1007;1231;1006;1349;1293;1373;1104;1417;812;1620;1313;1795;1427;1733;1345;1896;1233;1804;1148;1946;1046;1977;904;2055;793;2053;1395;2166;1285;2457;1149;2595;1135;2632;1035;652;1254
MA-0191-S4_LF9.dw.png;MA-0191;35.139774;-4.131024;2024;Mediterranean;colony;New material;946;955;1032;945;1197;1252;1183;1030;1213;724;1506;1258;1681;1352;1615;1281;1784;1150;1646;1063;1793;941;1812;776;1864;658;1948;1300;2046;1182;2383;993;2503;973;2537;862;516;1269
MA-0191-S4_RF1.dw.png;MA-0191;35.139774;-4.131024;2024;Mediterranean;colony;New material;1010;1232;1091;1227;1226;1521;1233;1323;1281;1028;1492;1539;1681;1654;1619;1575;1806;1461;1691;1374;1834;1261;1851;1115;1914;1000;1944;1626;2091;1502;2395;1359;2519;1344;2569;1239;536;1488
MA-0191-S4_RF10.dw.png;MA-0191;35.139774;-4.131024;2024;Mediterranean;colony;New material;1046;1124;1119;1112;1261;1386;1274;1188;1279;893;1534;1383;1715;1481;1659;1410;1830;1279;1703;1201;1846;1075;1857;930;1907;821;1986;1431;2110;1304;2403;1135;2522;1116;2547;1009;561;1405
MA-0191-S4_RF11.dw.png;MA-0191;35.139774;-4.131024;2024;Mediterranean;colony;New material;1138;1157;1226;1151;1364;1447;1387;1249;1412;943;1673;1457;1846;1562;1796;1491;1954;1370;1843;1291;1977;1164;1995;1015;2055;908;2099;1528;2223;1404;2537;1247;2655;1231;2681;1119;679;1426
MA-0191-S4_RF12.dw.png;MA-0191;35.139774;-4.131024;2024;Mediterranean;colony;New material;965;1133;1039;1126;1181;1417;1201;1225;1220;916;1462;1433;1644;1545;1589;1465;1764;1354;1638;1264;1779;1154;1805;1000;1870;890;1913;1507;2035;1391;2325;1248;2490;1223;2530;1122;501;1405
MA-0191-S4_RF13.dw.png;MA-0191;35.139774;-4.131024;2024;Mediterranean;colony;New material;1031;1109;1116;1102;1262;1393;1259;1190;1282;880;1550;1399;1714;1498;1650;1417;1812;1297;1699;1216;1831;1099;1851;943;1913;822;1971;1450;2070;1326;2384;1159;2517;1138;2553;1043;594;1383
MA-0191-S4_RF14.dw.png;MA-0191;35.139774;-4.131024;2024;Mediterranean;colony;New material;1045;1229;1142;1219;1290;1492;1304;1308;1316;995;1581;1494;1756;1597;1690;1520;1843;1403;1761;1333;1886;1208;1899;1056;1969;939;1999;1555;2117;1430;2436;1274;2561;1255;2592;1143;600;1498
MA-0191-S4_RF15.dw.png;MA-0191;35.139774;-4.131024;2024;Mediterranean;colony;New material;1054;1266;1122;1259;1274;1565;1285;1354;1316;1054;1565;1572;1753;1685;1691;1602;1873;1484;1746;1396;1877;1275;1897;1125;1964;1011;2016;1648;2134;1519;2415;1366;2549;1343;2590;1234;568;1542
MA-0191-S4_RF16.dw.png;MA-0191;35.139774;-4.131024;2024;Mediterranean;colony;New material;1007;1268;1096;1259;1246;1551;1243;1348;1287;1049;1536;1558;1713;1661;1640;1584;1813;1464;1697;1383;1837;1262;1849;1113;1930;990;1959;1623;2088;1500;2384;1343;2523;1320;2572;1209;575;1550
MA-0191-S4_RF17.dw.png;MA-0191;35.139774;-4.131024;2024;Mediterranean;colony;New material;946;1177;1024;1169;1173;1468;1187;1263;1233;962;1457;1475;1631;1585;1578;1510;1750;1391;1616;1298;1764;1192;1782;1034;1845;926;1894;1552;2009;1431;2324;1277;2447;1262;2477;1165;483;1452
MA-0191-S4_RF18.dw.png;MA-0191;35.139774;-4.131024;2024;Mediterranean;colony;New material;895;1235;978;1230;1112;1532;1126;1324;1145;1024;1411;1543;1568;1645;1513;1568;1669;1446;1557;1358;1691;1250;1704;1089;1763;970;1829;1607;1936;1487;2246;1330;2381;1313;2413;1209;458;1521
MA-0191-S4_RF19.dw.png;MA-0191;35.139774;-4.131024;2024;Mediterranean;colony;New material;957;1136;1043;1142;1093;1427;1175;1247;1245;967;1402;1482;1559;1608;1518;1531;1722;1441;1593;1343;1731;1239;1757;1090;1835;986;1815;1604;1968;1496;2252;1386;2394;1375;2445;1282;496;1351
MA-0191-S4_RF2.dw.png;MA-0191;35.139774;-4.131024;2024;Mediterranean;colony;New material;1018;1158;1106;1152;1247;1433;1256;1244;1264;944;1526;1442;1713;1538;1648;1469;1804;1357;1678;1272;1820;1161;1832;1018;1886;904;1974;1500;2085;1389;2369;1239;2492;1206;2512;1100;567;1431
MA-0191-S4_RF20.dw.png;MA-0191;35.139774;-4.131024;2024;Mediterranean;colony;New material;988;1310;1079;1310;1185;1592;1209;1398;1262;1095;1487;1606;1659;1718;1603;1636;1797;1520;1660;1432;1799;1320;1807;1172;1875;1048;1929;1676;2041;1555;2334;1404;2482;1379;2533;1278;527;1574
MA-0191-S4_RF3.dw.png;MA-0191;35.139774;-4.131024;2024;Mediterranean;colony;New material;1049;1194;1113;1185;1275;1476;1275;1278;1304;970;1548;1479;1721;1589;1667;1508;1837;1390;1730;1306;1864;1188;1885;1040;1938;920;1992;1547;2093;1423;2398;1264;2541;1241;2578;1142;589;1482
MA-0191-S4_RF4.dw.png;MA-0191;35.139774;-4.131024;2024;Mediterranean;colony;New material;1185;1239;1253;1232;1370;1510;1409;1324;1446;1044;1651;1521;1814;1623;1763;1555;1920;1428;1810;1341;1947;1228;1978;1083;2047;988;2079;1589;2180;1466;2477;1310;2604;1292;2633;1175;704;1505
MA-0191-S4_RF5.dw.png;MA-0191;35.139774;-4.131024;2024;Mediterranean;colony;New material;1165;986;1238;977;1380;1265;1384;1066;1415;772;1671;1272;1847;1371;1785;1301;1940;1177;1828;1093;1962;983;1974;835;2042;721;2089;1338;2206;1213;2506;1054;2632;1033;2659;921;682;1253
MA-0191-S4_RF6.dw.png;MA-0191;35.139774;-4.131024;2024;Mediterranean;colony;New material;1035;1207;1104;1200;1219;1458;1254;1283;1296;993;1513;1468;1687;1567;1626;1496;1812;1379;1699;1302;1835;1179;1861;1044;1934;939;1951;1528;2071;1407;2380;1257;2516;1246;2542;1133;568;1458
MA-0191-S4_RF7.dw.png;MA-0191;35.139774;-4.131024;2024;Mediterranean;colony;New material;1024;1107;1094;1093;1255;1364;1251;1176;1250;891;1537;1354;1726;1452;1670;1378;1802;1243;1704;1177;1822;1053;1825;905;1877;791;1983;1388;2087;1262;2378;1074;2498;1043;2529;941;563;1384
MA-0191-S4_RF8.dw.png;MA-0191;35.139774;-4.131024;2024;Mediterranean;colony;New material;1143;1113;1230;1111;1348;1396;1361;1199;1408;922;1620;1408;1795;1518;1741;1447;1908;1331;1810;1247;1939;1143;1967;1001;2040;889;2064;1490;2160;1383;2461;1231;2596;1208;2636;1111;657;1366
MA-0191-S4_RF9.dw.png;MA-0191;35.139774;-4.131024;2024;Mediterranean;colony;New material;982;969;1061;956;1221;1263;1210;1042;1240;742;1528;1270;1702;1369;1639;1297;1808;1175;1673;1082;1813;963;1832;794;1899;678;1965;1320;2075;1198;2391;1028;2524;1008;2561;901;554;1270
MA-0192-S5_LF1.dw.png;MA-0192;35.570721;-5.372615;2024;Mediterranean;flower;New material;1074;1173;1149;1172;1290;1455;1304;1265;1344;989;1567;1467;1746;1576;1699;1500;1836;1387;1727;1308;1861;1197;1887;1055;1956;951;1977;1545;2109;1415;2419;1272;2532;1258;2551;1158;629;1454
MA-0192-S5_LF10.dw.png;MA-0192;35.570721;-5.372615;2024;Mediterranean;flower;New material;1332;1162;1402;1160;1534;1455;1538;1253;1605;976;1804;1476;1984;1599;1929;1520;2101;1408;1978;1327;2138;1211;2168;1078;2232;971;2236;1574;2369;1448;2668;1324;2810;1308;2837;1205;857;1408
MA-0192-S5_LF11.dw.png;MA-0192;35.570721;-5.372615;2024;Mediterranean;flower;New material;1242;1182;1303;1178;1437;1491;1486;1297;1535;1004;1750;1521;1924;1631;1881;1564;2042;1451;1927;1368;2079;1257;2107;1118;2172;1010;2145;1618;2296;1497;2602;1373;2712;1366;2766;1267;781;1441
MA-0192-S5_LF12.dw.png;MA-0192;35.570721;-5.372615;2024;Mediterranean;flower;New material;1028;1154;1098;1149;1233;1436;1267;1255;1285;971;1535;1457;1709;1575;1664;1504;1814;1391;1683;1303;1823;1195;1851;1074;1912;958;1943;1547;2062;1428;2342;1294;2466;1283;2481;1183;574;1428
MA-0192-S5_LF13.dw.png;MA-0192;35.570721;-5.372615;2024;Mediterranean;flower;New material;1078;1041;1135;1033;1304;1321;1307;1131;1335;850;1570;1325;1763;1436;1703;1361;1856;1242;1733;1167;1870;1045;1887;914;1954;787;1990;1399;2109;1270;2389;1120;2512;1102;2544;996;640;1329
MA-0192-S5_LF14.dw.png;MA-0192;35.570721;-5.372615;2024;Mediterranean;flower;New material;1041;1001;1102;1000;1241;1289;1261;1101;1329;818;1517;1318;1712;1441;1661;1363;1818;1255;1709;1181;1855;1068;1880;928;1946;824;1953;1415;2079;1300;2372;1169;2513;1157;2555;1060;569;1244
MA-0192-S5_LF15.dw.png;MA-0192;35.570721;-5.372615;2024;Mediterranean;flower;New material;1168;1154;1229;1151;1385;1404;1404;1244;1433;947;1671;1405;1874;1506;1812;1439;1958;1323;1836;1259;1969;1148;1982;1011;2043;902;2097;1467;2209;1344;2473;1203;2617;1186;2638;1111;734;1418
MA-0192-S5_LF16.dw.png;MA-0192;35.570721;-5.372615;2024;Mediterranean;flower;New material;1140;1093;1215;1090;1360;1364;1387;1194;1393;892;1629;1381;1803;1500;1754;1423;1890;1299;1789;1230;1925;1117;1944;974;2015;856;2017;1473;2164;1340;2436;1194;2573;1182;2607;1084;712;1362
MA-0192-S5_LF17.dw.png;MA-0192;35.570721;-5.372615;2024;Mediterranean;flower;New material;1049;1075;1115;1069;1272;1338;1286;1160;1290;868;1565;1343;1753;1448;1693;1372;1840;1251;1715;1183;1854;1068;1855;921;1903;819;1995;1408;2124;1269;2374;1125;2507;1110;2532;1027;594;1332
MA-0192-S5_LF18.dw.png;MA-0192;35.570721;-5.372615;2024;Mediterranean;flower;New material;971;1277;1040;1271;1188;1549;1198;1363;1246;1083;1481;1563;1659;1670;1605;1600;1760;1485;1641;1408;1794;1296;1810;1155;1870;1043;1901;1635;2023;1515;2310;1380;2443;1361;2485;1260;513;1547
MA-0192-S5_LF19.dw.png;MA-0192;35.570721;-5.372615;2024;Mediterranean;flower;New material;1095;1047;1154;1042;1318;1318;1337;1144;1356;847;1578;1334;1751;1445;1696;1369;1826;1246;1734;1176;1870;1076;1892;939;1965;826;1971;1420;2115;1297;2396;1169;2553;1155;2583;1053;649;1299
MA-0192-S5_LF2.dw.png;MA-0192;35.570721;-5.372615;2024;Mediterranean;flower;New material;1025;1020;1091;1019;1232;1295;1275;1125;1268;821;1527;1322;1699;1436;1645;1357;1798;1236;1684;1162;1837;1051;1853;907;1914;789;1930;1408;2090;1277;2361;1137;2474;1125;2518;1034;569;1264
MA-0192-S5_LF3.dw.png;MA-0192;35.570721;-5.372615;2024;Mediterranean;flower;New material;1020;980;1073;976;1224;1255;1246;1076;1279;796;1496;1269;1692;1386;1643;1311;1790;1187;1682;1121;1821;1009;1835;873;1897;743;1915;1355;2045;1225;2330;1082;2459;1062;2498;958;570;1248
MA-0192-S5_LF4.dw.png;MA-0192;35.570721;-5.372615;2024;Mediterranean;flower;New material;1050;1287;1118;1284;1254;1581;1294;1397;1325;1102;1542;1601;1719;1718;1674;1643;1825;1518;1725;1448;1877;1332;1892;1201;1947;1088;1972;1689;2107;1562;2400;1428;2538;1420;2573;1319;581;1544
MA-0192-S5_LF5.dw.png;MA-0192;35.570721;-5.372615;2024;Mediterranean;flower;New material;1261;916;1330;917;1449;1192;1493;1014;1544;726;1752;1214;1939;1326;1883;1253;2048;1143;1933;1065;2087;961;2100;817;2162;709;2175;1303;2305;1184;2611;1047;2758;1040;2785;952;785;1159
MA-0192-S5_LF6.dw.png;MA-0192;35.570721;-5.372615;2024;Mediterranean;flower;New material;937;1002;1000;999;1174;1266;1150;1088;1206;816;1447;1280;1621;1390;1566;1316;1718;1211;1588;1136;1737;1021;1751;891;1810;774;1844;1363;1969;1238;2247;1100;2390;1077;2418;985;489;1265
MA-0192-S5_LF8.dw.png;MA-0192;35.570721;-5.372615;2024;Mediterranean;flower;New material;1038;1081;1101;1076;1262;1360;1271;1172;1328;877;1545;1370;1748;1480;1688;1408;1841;1287;1729;1216;1874;1101;1892;962;1949;840;1998;1445;2107;1322;2409;1178;2539;1163;2567;1065;567;1339
MA-0192-S5_LF9.dw.png;MA-0192;35.570721;-5.372615;2024;Mediterranean;flower;New material;1162;1116;1227;1112;1370;1402;1395;1212;1422;938;1666;1418;1821;1525;1769;1446;1914;1334;1804;1259;1944;1157;1959;1021;2011;901;2039;1495;2173;1371;2446;1223;2560;1200;2589;1099;713;1387
MA-0192-S5_RF1.dw.png;MA-0192;35.570721;-5.372615;2024;Mediterranean;flower;New material;1300;1284;1368;1281;1511;1568;1528;1381;1564;1101;1792;1587;1961;1698;1908;1624;2061;1514;1931;1429;2073;1322;2097;1182;2171;1075;2178;1671;2319;1547;2617;1416;2739;1401;2766;1301;845;1561
MA-0192-S5_RF10.dw.png;MA-0192;35.570721;-5.372615;2024;Mediterranean;flower;New material;1126;909;1195;907;1343;1208;1344;1007;1401;726;1596;1227;1771;1357;1725;1273;1878;1158;1772;1071;1926;966;1956;832;2030;719;2017;1326;2156;1203;2451;1082;2601;1067;2647;964;662;1167
MA-0192-S5_RF11.dw.png;MA-0192;35.570721;-5.372615;2024;Mediterranean;flower;New material;1249;1090;1309;1088;1431;1394;1492;1208;1527;905;1748;1424;1925;1543;1885;1467;2036;1348;1925;1271;2072;1153;2099;1018;2165;906;2153;1517;2297;1394;2596;1261;2718;1251;2767;1146;782;1347
MA-0192-S5_RF12.dw.png;MA-0192;35.570721;-5.372615;2024;Mediterranean;flower;New material;1122;1136;1195;1132;1346;1408;1367;1225;1369;944;1634;1414;1812;1523;1769;1455;1914;1334;1785;1261;1912;1140;1930;1019;1984;894;2037;1482;2153;1366;2428;1217;2558;1196;2569;1086;682;1436
MA-0192-S5_RF13.dw.png;MA-0192;35.570721;-5.372615;2024;Mediterranean;flower;New material;1264;1052;1317;1044;1465;1337;1487;1144;1520;864;1746;1351;1923;1461;1870;1387;2023;1271;1917;1198;2048;1079;2066;948;2140;817;2138;1433;2266;1312;2558;1179;2689;1161;2725;1048;803;1323
MA-0192-S5_RF14.dw.png;MA-0192;35.570721;-5.372615;2024;Mediterranean;flower;New material;1084;943;1137;941;1297;1232;1310;1047;1380;755;1566;1253;1768;1375;1708;1303;1873;1193;1751;1116;1899;1003;1921;863;1989;761;2007;1351;2129;1235;2421;1107;2556;1096;2603;997;620;1190
MA-0192-S5_RF15.dw.png;MA-0192;35.570721;-5.372615;2024;Mediterranean;flower;New material;1186;1142;1242;1140;1368;1406;1416;1239;1437;948;1661;1416;1856;1527;1799;1453;1955;1339;1844;1277;1973;1159;1989;1023;2051;911;2095;1491;2210;1371;2480;1227;2629;1207;2666;1119;730;1398
MA-0192-S5_RF16.dw.png;MA-0192;35.570721;-5.372615;2024;Mediterranean;flower;New material;1131;1252;1201;1249;1341;1526;1366;1352;1377;1048;1613;1550;1787;1662;1741;1585;1868;1468;1770;1402;1907;1287;1926;1147;1991;1033;1998;1638;2140;1515;2424;1384;2538;1378;2578;1285;693;1502
MA-0192-S5_RF17.dw.png;MA-0192;35.570721;-5.372615;2024;Mediterranean;flower;New material;1197;1138;1262;1135;1398;1418;1427;1236;1433;946;1682;1438;1858;1554;1810;1477;1985;1370;1837;1276;1975;1176;1995;1032;2058;923;2112;1521;2241;1390;2505;1254;2649;1241;2679;1156;719;1383
MA-0192-S5_RF18.dw.png;MA-0192;35.570721;-5.372615;2024;Mediterranean;flower;New material;950;1110;1016;1108;1148;1390;1169;1201;1228;919;1441;1407;1622;1517;1571;1445;1728;1331;1604;1253;1753;1142;1773;1005;1839;895;1867;1486;1987;1370;2268;1240;2407;1224;2450;1136;488;1378
MA-0192-S5_RF19.dw.png;MA-0192;35.570721;-5.372615;2024;Mediterranean;flower;New material;1056;1220;1119;1212;1280;1486;1298;1310;1317;1019;1549;1495;1718;1607;1668;1533;1806;1407;1702;1335;1846;1235;1860;1094;1925;990;1947;1579;2086;1450;2366;1313;2516;1294;2543;1217;619;1480
MA-0192-S5_RF2.dw.png;MA-0192;35.570721;-5.372615;2024;Mediterranean;flower;New material;949;1295;1020;1291;1151;1562;1210;1402;1185;1097;1438;1584;1619;1707;1565;1624;1723;1504;1611;1428;1752;1318;1771;1180;1830;1062;1862;1672;1996;1544;2275;1398;2397;1388;2435;1299;487;1541
MA-0192-S5_RF3.dw.png;MA-0192;35.570721;-5.372615;2024;Mediterranean;flower;New material;1065;1181;1120;1176;1252;1456;1279;1276;1321;995;1528;1472;1727;1592;1671;1519;1806;1398;1703;1330;1854;1217;1874;1081;1941;955;1946;1565;2072;1440;2358;1299;2500;1284;2546;1179;618;1451
MA-0192-S5_RF5.dw.png;MA-0192;35.570721;-5.372615;2024;Mediterranean;flower;New material;1113;1220;1181;1216;1334;1475;1347;1308;1396;1016;1621;1484;1813;1590;1755;1518;1910;1408;1788;1339;1941;1234;1949;1093;2006;983;2046;1562;2168;1436;2457;1302;2601;1301;2630;1220;645;1460
MA-0192-S5_RF7.dw.png;MA-0192;35.570721;-5.372615;2024;Mediterranean;flower;New material;1025;1064;1092;1065;1222;1333;1257;1172;1297;898;1488;1360;1667;1482;1616;1404;1769;1296;1660;1223;1799;1115;1827;988;1905;900;1883;1459;2037;1340;2339;1223;2468;1220;2504;1125;562;1300
MA-0192-S5_RF8.dw.png;MA-0192;35.570721;-5.372615;2024;Mediterranean;flower;New material;1021;1043;1098;1044;1233;1334;1255;1149;1314;858;1529;1363;1697;1481;1645;1402;1815;1296;1694;1214;1844;1114;1869;975;1932;856;1943;1459;2062;1344;2370;1210;2515;1200;2544;1118;539;1285
MA-0192-S5_RF9.dw.png;MA-0192;35.570721;-5.372615;2024;Mediterranean;flower;New material;1083;1033;1148;1032;1280;1319;1314;1140;1334;853;1558;1332;1719;1445;1668;1364;1801;1249;1707;1183;1845;1072;1857;930;1921;817;1932;1414;2056;1297;2347;1145;2472;1135;2503;1026;644;1304
MA-0193-S6_LF1.dw.png;MA-0193;35.11807444;-5.272407537;2024;Mediterranean;colony;New material;814;1122;884;1121;1045;1404;1072;1229;1092;924;1346;1420;1530;1532;1459;1453;1615;1337;1508;1263;1645;1149;1658;1002;1717;899;1744;1499;1871;1368;2172;1232;2296;1223;2328;1134;366;1367
MA-0193-S6_LF10.dw.png;MA-0193;35.11807444;-5.272407537;2024;Mediterranean;colony;New material;759;1138;824;1134;1007;1415;995;1227;1046;935;1299;1419;1492;1527;1433;1451;1581;1328;1472;1259;1602;1150;1616;999;1657;885;1722;1489;1876;1354;2150;1212;2275;1191;2295;1099;298;1421
MA-0193-S6_LF11.dw.png;MA-0193;35.11807444;-5.272407537;2024;Mediterranean;colony;New material;948;1082;1027;1071;1197;1354;1206;1155;1223;849;1494;1340;1705;1446;1631;1374;1795;1240;1649;1163;1789;1047;1803;896;1860;792;1941;1392;2052;1254;2316;1108;2458;1089;2486;995;528;1423
MA-0193-S6_LF12.dw.png;MA-0193;35.11807444;-5.272407537;2024;Mediterranean;colony;New material;1228;1163;1299;1158;1465;1425;1452;1244;1483;959;1716;1439;1904;1554;1842;1476;2007;1357;1882;1285;2005;1168;2024;1024;2075;917;2110;1517;2248;1378;2539;1239;2681;1222;2689;1114;775;1426
MA-0193-S6_LF13.dw.png;MA-0193;35.11807444;-5.272407537;2024;Mediterranean;colony;New material;984;1242;1058;1239;1211;1529;1219;1334;1279;1034;1511;1539;1685;1645;1630;1569;1789;1452;1698;1382;1836;1263;1848;1113;1909;995;1951;1604;2053;1487;2350;1336;2495;1317;2524;1218;537;1512
MA-0193-S6_LF14.dw.png;MA-0193;35.11807444;-5.272407537;2024;Mediterranean;colony;New material;1070;1156;1156;1150;1339;1476;1327;1264;1366;960;1612;1492;1783;1614;1728;1532;1890;1412;1767;1323;1906;1194;1946;1053;2024;950;2029;1584;2173;1440;2480;1296;2594;1281;2625;1170;602;1433
MA-0193-S6_LF15.dw.png;MA-0193;35.11807444;-5.272407537;2024;Mediterranean;colony;New material;1059;1178;1129;1173;1317;1435;1325;1266;1329;967;1590;1440;1792;1544;1728;1479;1893;1354;1779;1282;1904;1175;1927;1024;1966;915;2028;1506;2154;1373;2459;1233;2581;1221;2623;1139;564;1431
MA-0193-S6_LF16.dw.png;MA-0193;35.11807444;-5.272407537;2024;Mediterranean;colony;New material;1107;1061;1178;1060;1324;1350;1326;1154;1380;859;1606;1362;1792;1468;1720;1393;1878;1277;1774;1200;1912;1088;1930;953;1993;849;2005;1437;2148;1317;2450;1175;2575;1158;2612;1058;625;1312
MA-0193-S6_LF17.dw.png;MA-0193;35.11807444;-5.272407537;2024;Mediterranean;colony;New material;1053;1070;1111;1062;1291;1362;1284;1163;1327;863;1556;1380;1745;1496;1684;1418;1866;1297;1725;1208;1877;1099;1908;953;1971;832;1993;1469;2135;1339;2430;1209;2551;1196;2570;1089;578;1354
MA-0193-S6_LF18.dw.png;MA-0193;35.11807444;-5.272407537;2024;Mediterranean;colony;New material;889;985;977;984;1152;1293;1166;1101;1197;797;1466;1314;1631;1420;1578;1349;1752;1227;1629;1156;1766;1034;1793;885;1862;767;1868;1386;1995;1264;2284;1110;2414;1087;2453;976;473;1287
MA-0193-S6_LF19.dw.png;MA-0193;35.11807444;-5.272407537;2024;Mediterranean;colony;New material;1245;1134;1300;1127;1449;1409;1471;1230;1475;938;1717;1429;1892;1541;1847;1469;2006;1365;1878;1280;2023;1171;2037;1025;2091;920;2126;1514;2268;1402;2561;1258;2674;1242;2702;1152;778;1392
MA-0193-S6_LF2.dw.png;MA-0193;35.11807444;-5.272407537;2024;Mediterranean;colony;New material;1025;990;1093;985;1234;1262;1266;1085;1289;819;1531;1275;1681;1373;1633;1306;1804;1198;1689;1125;1810;1030;1838;916;1898;801;1926;1337;2045;1233;2338;1092;2453;1066;2476;975;573;1257
MA-0193-S6_LF21.dw.png;MA-0193;35.11807444;-5.272407537;2024;Mediterranean;colony;New material;981;1272;1051;1269;1201;1535;1200;1352;1240;1059;1496;1538;1683;1645;1620;1573;1788;1457;1659;1386;1775;1264;1799;1127;1864;1031;1913;1607;2040;1474;2308;1340;2432;1326;2454;1239;559;1550
MA-0193-S6_LF23.dw.png;MA-0193;35.11807444;-5.272407537;2024;Mediterranean;colony;New material;1034;1045;1118;1043;1244;1322;1284;1140;1320;851;1546;1332;1750;1454;1683;1369;1831;1246;1736;1167;1872;1056;1882;897;1930;788;1979;1415;2115;1281;2431;1124;2539;1108;2572;999;578;1322
MA-0193-S6_LF24.dw.png;MA-0193;35.11807444;-5.272407537;2024;Mediterranean;colony;New material;1031;1048;1101;1040;1257;1312;1271;1137;1303;838;1538;1319;1750;1430;1691;1355;1842;1236;1737;1166;1861;1056;1871;913;1920;814;1986;1396;2136;1265;2420;1138;2536;1130;2539;1033;568;1334
MA-0193-S6_LF3.dw.png;MA-0193;35.11807444;-5.272407537;2024;Mediterranean;colony;New material;1277;981;1346;980;1497;1264;1518;1085;1574;815;1752;1285;1942;1406;1892;1325;2045;1217;1945;1137;2096;1022;2111;880;2173;793;2214;1370;2330;1256;2644;1123;2759;1111;2785;1009;829;1237
MA-0193-S6_LF4.dw.png;MA-0193;35.11807444;-5.272407537;2024;Mediterranean;colony;New material;854;1017;946;1011;1124;1296;1108;1126;1142;836;1394;1310;1578;1427;1512;1344;1676;1227;1559;1150;1692;1045;1721;898;1791;785;1821;1386;1949;1257;2255;1121;2379;1112;2411;1022;380;1270
MA-0193-S6_LF5.dw.png;MA-0193;35.11807444;-5.272407537;2024;Mediterranean;colony;New material;1036;1115;1105;1109;1258;1397;1265;1201;1334;913;1570;1414;1752;1523;1682;1442;1843;1333;1724;1252;1868;1143;1900;1002;1960;895;1977;1489;2123;1369;2420;1230;2562;1218;2596;1121;580;1406
MA-0193-S6_LF6.dw.png;MA-0193;35.11807444;-5.272407537;2024;Mediterranean;colony;New material;1048;1068;1116;1061;1283;1336;1278;1167;1298;895;1549;1348;1733;1455;1674;1384;1822;1271;1716;1206;1850;1108;1874;980;1930;862;1979;1411;2099;1298;2377;1157;2507;1126;2526;1031;611;1318
MA-0193-S6_LF7.dw.png;MA-0193;35.11807444;-5.272407537;2024;Mediterranean;colony;New material;1009;1023;1089;1020;1276;1319;1270;1130;1302;835;1533;1335;1723;1459;1664;1382;1828;1257;1719;1180;1863;1064;1885;919;1947;814;1957;1430;2108;1297;2401;1157;2526;1145;2551;1041;571;1300
MA-0193-S6_LF9.dw.png;MA-0193;35.11807444;-5.272407537;2024;Mediterranean;colony;New material;1172;1214;1254;1207;1396;1501;1405;1301;1462;1003;1693;1508;1897;1625;1837;1543;1987;1419;1865;1338;2010;1222;2034;1071;2105;965;2134;1593;2282;1444;2553;1299;2685;1274;2700;1167;755;1500
MA-0193-S6_RF1.dw.png;MA-0193;35.11807444;-5.272407537;2024;Mediterranean;colony;New material;991;1093;1060;1088;1219;1380;1249;1201;1268;898;1500;1399;1674;1513;1613;1434;1774;1314;1671;1237;1801;1122;1814;978;1881;863;1899;1481;2029;1341;2331;1206;2462;1190;2505;1095;527;1347
MA-0193-S6_RF10.dw.png;MA-0193;35.11807444;-5.272407537;2024;Mediterranean;colony;New material;866;988;935;983;1122;1275;1112;1082;1155;781;1407;1281;1593;1391;1528;1312;1680;1197;1570;1126;1711;1012;1725;858;1772;751;1828;1355;1983;1226;2255;1096;2383;1084;2413;995;412;1275
MA-0193-S6_RF11.dw.png;MA-0193;35.11807444;-5.272407537;2024;Mediterranean;colony;New material;1034;1199;1109;1194;1247;1461;1271;1277;1311;985;1531;1458;1734;1568;1666;1490;1839;1367;1704;1294;1856;1188;1870;1038;1945;944;1968;1526;2092;1387;2389;1260;2526;1251;2562;1164;578;1494
MA-0193-S6_RF12.dw.png;MA-0193;35.11807444;-5.272407537;2024;Mediterranean;colony;New material;1209;1147;1279;1144;1449;1413;1424;1231;1463;951;1695;1430;1862;1545;1799;1464;1972;1345;1846;1271;1971;1166;1989;1021;2049;916;2080;1507;2218;1371;2499;1239;2620;1222;2649;1126;752;1407
MA-0193-S6_RF13.dw.png;MA-0193;35.11807444;-5.272407537;2024;Mediterranean;colony;New material;934;1333;1012;1330;1165;1617;1169;1412;1233;1118;1467;1621;1641;1726;1585;1648;1733;1525;1640;1456;1782;1338;1780;1192;1851;1068;1892;1678;2009;1557;2299;1407;2437;1386;2472;1284;490;1614
MA-0193-S6_RF14.dw.png;MA-0193;35.11807444;-5.272407537;2024;Mediterranean;colony;New material;1190;1115;1270;1108;1455;1433;1446;1222;1474;920;1718;1452;1898;1567;1837;1492;1989;1375;1877;1295;2005;1170;2042;1029;2126;918;2141;1541;2266;1415;2571;1275;2696;1256;2728;1147;732;1383
MA-0193-S6_RF15.dw.png;MA-0193;35.11807444;-5.272407537;2024;Mediterranean;colony;New material;1114;1105;1192;1100;1356;1391;1390;1208;1398;908;1632;1411;1826;1527;1768;1453;1946;1337;1828;1254;1952;1150;1980;998;2035;872;2073;1487;2198;1366;2504;1226;2632;1201;2677;1105;599;1346
MA-0193-S6_RF16.dw.png;MA-0193;35.11807444;-5.272407537;2024;Mediterranean;colony;New material;1188;1133;1264;1129;1416;1413;1400;1212;1464;922;1698;1417;1883;1518;1807;1444;1981;1323;1848;1242;1986;1133;1994;1022;2066;887;2102;1473;2237;1345;2526;1197;2655;1175;2684;1080;717;1402
MA-0193-S6_RF17.dw.png;MA-0193;35.11807444;-5.272407537;2024;Mediterranean;colony;New material;1005;1132;1071;1124;1247;1418;1236;1220;1273;923;1516;1429;1706;1542;1646;1466;1825;1342;1690;1256;1839;1150;1863;1000;1914;875;1961;1508;2106;1380;2379;1235;2509;1215;2528;1108;530;1410
MA-0193-S6_RF18.dw.png;MA-0193;35.11807444;-5.272407537;2024;Mediterranean;colony;New material;993;1147;1088;1149;1259;1462;1268;1266;1304;954;1563;1484;1723;1601;1674;1518;1857;1408;1729;1332;1865;1211;1893;1058;1970;945;1957;1570;2093;1447;2380;1301;2514;1285;2561;1175;576;1440
MA-0193-S6_RF19.dw.png;MA-0193;35.11807444;-5.272407537;2024;Mediterranean;colony;New material;1129;1236;1187;1231;1350;1513;1347;1325;1376;1034;1613;1534;1783;1643;1740;1575;1916;1472;1780;1387;1918;1275;1932;1131;1990;1021;2021;1618;2170;1505;2457;1372;2570;1350;2601;1254;665;1498
MA-0193-S6_RF20.dw.png;MA-0193;35.11807444;-5.272407537;2024;Mediterranean;colony;New material;1063;1048;1160;1050;1307;1342;1324;1152;1386;856;1609;1357;1791;1470;1743;1392;1892;1283;1776;1202;1912;1102;1927;958;1996;847;2033;1437;2136;1331;2427;1187;2592;1174;2617;1081;592;1301
MA-0193-S6_RF21.dw.png;MA-0193;35.11807444;-5.272407537;2024;Mediterranean;colony;New material;1150;1166;1215;1159;1339;1436;1359;1244;1404;951;1658;1455;1837;1567;1776;1491;1938;1379;1815;1301;1936;1185;1959;1040;2033;937;2061;1540;2193;1405;2462;1275;2586;1263;2621;1159;717;1443
MA-0193-S6_RF22.dw.png;MA-0193;35.11807444;-5.272407537;2024;Mediterranean;colony;New material;1029;1166;1117;1155;1297;1427;1287;1242;1295;952;1577;1420;1766;1514;1706;1446;1844;1327;1749;1262;1866;1134;1881;1000;1938;895;1977;1474;2107;1341;2377;1198;2519;1172;2543;1074;594;1463
MA-0193-S6_RF3.dw.png;MA-0193;35.11807444;-5.272407537;2024;Mediterranean;colony;New material;1037;1045;1114;1040;1287;1304;1290;1132;1324;842;1556;1307;1759;1407;1696;1337;1846;1220;1742;1148;1876;1035;1887;890;1935;794;2018;1363;2137;1243;2424;1108;2539;1095;2560;1001;616;1320
MA-0193-S6_RF5.dw.png;MA-0193;35.11807444;-5.272407537;2024;Mediterranean;colony;New material;987;1277;1060;1275;1210;1563;1210;1364;1275;1081;1509;1581;1700;1700;1629;1613;1795;1509;1671;1428;1811;1322;1842;1177;1904;1067;1932;1668;2062;1548;2354;1415;2503;1407;2523;1321;533;1562
MA-0193-S6_RF6.dw.png;MA-0193;35.11807444;-5.272407537;2024;Mediterranean;colony;New material;1024;1264;1086;1249;1270;1532;1269;1340;1283;1044;1556;1524;1735;1629;1677;1552;1829;1436;1696;1358;1827;1233;1843;1085;1906;975;1980;1578;2093;1448;2374;1289;2492;1273;2512;1160;602;1548
MA-0193-S6_RF7.dw.png;MA-0193;35.11807444;-5.272407537;2024;Mediterranean;colony;New material;1105;1203;1187;1201;1366;1494;1355;1306;1392;1016;1614;1508;1806;1624;1745;1548;1891;1423;1796;1353;1931;1236;1960;1091;2031;988;2039;1595;2186;1461;2478;1319;2607;1305;2628;1203;666;1482
MA-0193-S6_RF8.dw.png;MA-0193;35.11807444;-5.272407537;2024;Mediterranean;colony;New material;914;1374;980;1368;1123;1629;1154;1464;1185;1176;1420;1641;1634;1750;1561;1676;1728;1559;1600;1490;1743;1373;1764;1224;1822;1125;1864;1712;1984;1586;2297;1439;2419;1427;2449;1326;452;1654
MA-0193-S6_RF9.dw.png;MA-0193;35.11807444;-5.272407537;2024;Mediterranean;colony;New material;1231;1002;1312;998;1447;1295;1467;1092;1534;800;1751;1315;1945;1440;1889;1355;2044;1247;1912;1155;2065;1042;2091;895;2171;790;2183;1416;2314;1281;2592;1147;2737;1126;2762;1022;786;1251
MA-0194-S7_LF1.dw.png;MA-0194;35.11793403;-5.282363896;2024;Mediterranean;colony;New material;1082;1180;1161;1169;1347;1444;1318;1246;1342;971;1627;1441;1785;1540;1727;1464;1904;1335;1778;1266;1909;1153;1916;1013;1957;915;2037;1490;2142;1370;2434;1218;2554;1204;2583;1108;655;1482
MA-0194-S7_LF10.dw.png;MA-0194;35.11793403;-5.282363896;2024;Mediterranean;colony;New material;957;1092;1016;1087;1185;1361;1167;1172;1198;912;1426;1365;1600;1471;1547;1400;1711;1284;1602;1219;1724;1109;1742;976;1799;874;1856;1432;1964;1320;2237;1185;2353;1168;2367;1061;505;1347
MA-0194-S7_LF11.dw.png;MA-0194;35.11793403;-5.282363896;2024;Mediterranean;colony;New material;1191;1109;1261;1101;1420;1388;1412;1186;1442;922;1687;1393;1865;1500;1818;1430;2010;1302;1878;1233;2010;1113;2032;979;2093;867;2112;1464;2247;1328;2518;1188;2658;1168;2701;1059;744;1393
MA-0194-S7_LF12.dw.png;MA-0194;35.11793403;-5.282363896;2024;Mediterranean;colony;New material;921;966;998;957;1159;1246;1151;1036;1159;760;1443;1241;1621;1344;1566;1277;1774;1145;1619;1060;1748;933;1766;789;1804;681;1884;1297;2014;1171;2314;1008;2419;991;2469;888;486;1261
MA-0194-S7_LF13.dw.png;MA-0194;35.11793403;-5.282363896;2024;Mediterranean;colony;New material;1053;1066;1122;1062;1308;1316;1286;1147;1302;871;1568;1322;1724;1420;1673;1349;1856;1222;1733;1155;1854;1047;1873;916;1904;806;1976;1381;2104;1246;2370;1099;2500;1084;2521;986;610;1314
MA-0194-S7_LF14.dw.png;MA-0194;35.11793403;-5.282363896;2024;Mediterranean;colony;New material;1130;1151;1201;1150;1373;1421;1354;1235;1372;968;1650;1434;1801;1535;1746;1460;1930;1344;1802;1275;1922;1159;1943;1018;1987;930;2043;1496;2171;1366;2424;1230;2560;1217;2583;1119;666;1408
MA-0194-S7_LF15.dw.png;MA-0194;35.11793403;-5.282363896;2024;Mediterranean;colony;New material;1081;1082;1156;1072;1336;1344;1317;1149;1340;876;1588;1331;1779;1425;1705;1356;1873;1216;1766;1155;1895;1038;1895;890;1939;789;2015;1369;2129;1244;2413;1082;2541;1061;2559;949;662;1388
MA-0194-S7_LF16.dw.png;MA-0194;35.11793403;-5.282363896;2024;Mediterranean;colony;New material;994;1174;1068;1168;1219;1451;1221;1254;1262;970;1519;1451;1685;1546;1625;1476;1800;1341;1679;1277;1808;1149;1824;1018;1864;914;1914;1505;2050;1367;2346;1211;2480;1196;2505;1092;537;1462
MA-0194-S7_LF17.dw.png;MA-0194;35.11793403;-5.282363896;2024;Mediterranean;colony;New material;1015;1182;1074;1174;1265;1455;1238;1264;1260;982;1542;1463;1690;1560;1626;1486;1794;1363;1702;1301;1821;1179;1835;1036;1885;924;1922;1524;2049;1392;2347;1233;2455;1216;2478;1108;553;1459
MA-0194-S7_LF18.dw.png;MA-0194;35.11793403;-5.282363896;2024;Mediterranean;colony;New material;1065;1144;1141;1136;1339;1408;1292;1214;1322;945;1610;1403;1780;1504;1729;1433;1899;1315;1760;1248;1890;1130;1906;994;1954;885;2028;1462;2138;1333;2420;1192;2536;1173;2581;1068;641;1439
MA-0194-S7_LF19.dw.png;MA-0194;35.11793403;-5.282363896;2024;Mediterranean;colony;New material;1151;1078;1213;1074;1371;1365;1360;1157;1396;889;1660;1374;1801;1477;1761;1404;1962;1282;1816;1198;1945;1081;1964;938;2019;827;2072;1437;2193;1314;2503;1157;2615;1140;2652;1040;698;1351
MA-0194-S7_LF2.dw.png;MA-0194;35.11793403;-5.282363896;2024;Mediterranean;colony;New material;1060;1145;1128;1138;1303;1417;1293;1227;1323;945;1573;1426;1742;1527;1684;1455;1833;1334;1740;1269;1874;1150;1885;1015;1936;908;1975;1490;2097;1383;2400;1230;2519;1213;2532;1109;612;1419
MA-0194-S7_LF20.dw.png;MA-0194;35.11793403;-5.282363896;2024;Mediterranean;colony;New material;1048;1257;1124;1252;1292;1531;1282;1336;1313;1064;1542;1528;1723;1628;1663;1557;1832;1424;1728;1358;1861;1248;1865;1102;1915;996;1973;1580;2087;1461;2374;1305;2508;1287;2527;1175;616;1554
MA-0194-S7_LF3.dw.png;MA-0194;35.11793403;-5.282363896;2024;Mediterranean;colony;New material;1001;1033;1070;1027;1251;1299;1221;1108;1246;845;1530;1303;1698;1405;1653;1335;1807;1212;1683;1138;1800;1015;1819;882;1869;785;1934;1370;2064;1233;2331;1098;2466;1085;2502;982;535;1300
MA-0194-S7_LF4.dw.png;MA-0194;35.11793403;-5.282363896;2024;Mediterranean;colony;New material;1052;1171;1124;1162;1303;1416;1273;1243;1306;979;1560;1421;1731;1524;1675;1451;1824;1342;1711;1273;1862;1177;1885;1041;1926;964;1959;1500;2085;1377;2373;1256;2487;1252;2517;1187;620;1418
MA-0194-S7_LF5.dw.png;MA-0194;35.11793403;-5.282363896;2024;Mediterranean;colony;New material;1014;1149;1070;1144;1226;1419;1245;1233;1294;980;1509;1442;1666;1546;1614;1479;1799;1368;1678;1290;1823;1199;1840;1067;1897;957;1923;1521;2056;1406;2325;1283;2455;1261;2480;1157;548;1374
MA-0194-S7_LF6.dw.png;MA-0194;35.11793403;-5.282363896;2024;Mediterranean;colony;New material;1144;1001;1219;994;1375;1276;1365;1079;1404;821;1628;1279;1802;1384;1747;1316;1925;1200;1802;1126;1934;1020;1953;886;2014;781;2048;1349;2164;1238;2454;1101;2577;1087;2603;985;711;1268
MA-0194-S7_LF7.dw.png;MA-0194;35.11793403;-5.282363896;2024;Mediterranean;colony;New material;1061;1143;1120;1139;1251;1427;1279;1233;1320;965;1539;1441;1706;1553;1655;1483;1837;1362;1724;1285;1861;1180;1873;1044;1923;919;1949;1518;2085;1396;2359;1250;2472;1232;2510;1123;607;1414
MA-0194-S7_LF8.dw.png;MA-0194;35.11793403;-5.282363896;2024;Mediterranean;colony;New material;1035;1041;1114;1033;1275;1304;1252;1111;1280;842;1547;1309;1701;1414;1654;1342;1811;1232;1691;1153;1835;1047;1861;903;1902;807;1949;1383;2063;1264;2356;1121;2480;1108;2519;1004;605;1310
MA-0194-S7_LF9.dw.png;MA-0194;35.11793403;-5.282363896;2024;Mediterranean;colony;New material;992;1026;1053;1018;1227;1304;1232;1108;1239;816;1505;1304;1678;1414;1620;1333;1780;1212;1666;1136;1796;1017;1815;877;1864;768;1912;1370;2040;1246;2316;1098;2455;1080;2481;967;537;1300
MA-0194-S7_RF1.dw.png;MA-0194;35.11793403;-5.282363896;2024;Mediterranean;colony;New material;1007;1139;1083;1131;1274;1391;1232;1200;1237;914;1537;1375;1696;1471;1644;1400;1817;1262;1676;1199;1799;1078;1805;937;1852;827;1952;1402;2048;1278;2329;1113;2455;1091;2479;990;585;1449
MA-0194-S7_RF10.dw.png;MA-0194;35.11793403;-5.282363896;2024;Mediterranean;colony;New material;1109;1219;1182;1212;1333;1464;1317;1277;1343;1018;1589;1454;1751;1548;1700;1482;1858;1353;1738;1297;1860;1175;1867;1040;1928;941;1994;1499;2098;1376;2375;1225;2490;1210;2514;1109;682;1499
MA-0194-S7_RF11.dw.png;MA-0194;35.11793403;-5.282363896;2024;Mediterranean;colony;New material;1066;978;1136;970;1308;1243;1292;1046;1298;776;1560;1231;1752;1329;1690;1265;1871;1127;1741;1065;1866;937;1879;800;1934;691;1999;1277;2115;1135;2370;989;2516;961;2553;858;620;1279
MA-0194-S7_RF12.dw.png;MA-0194;35.11793403;-5.282363896;2024;Mediterranean;colony;New material;989;1159;1058;1151;1190;1446;1205;1235;1240;962;1496;1459;1664;1562;1615;1493;1818;1370;1672;1283;1809;1156;1836;1009;1887;898;1934;1525;2062;1398;2365;1241;2485;1225;2540;1122;531;1428
MA-0194-S7_RF13.dw.png;MA-0194;35.11793403;-5.282363896;2024;Mediterranean;colony;New material;1097;1176;1160;1171;1330;1451;1316;1259;1349;983;1597;1457;1753;1557;1693;1486;1885;1361;1758;1286;1879;1180;1898;1053;1934;937;1992;1519;2126;1389;2397;1251;2529;1231;2552;1140;639;1432
MA-0194-S7_RF14.dw.png;MA-0194;35.11793403;-5.282363896;2024;Mediterranean;colony;New material;1130;1123;1205;1119;1360;1410;1352;1212;1379;939;1632;1427;1782;1532;1725;1457;1915;1339;1790;1264;1912;1150;1938;1012;1992;919;2032;1498;2150;1373;2414;1237;2557;1224;2581;1122;670;1385
MA-0194-S7_RF15.dw.png;MA-0194;35.11793403;-5.282363896;2024;Mediterranean;colony;New material;1084;1059;1161;1052;1325;1324;1297;1127;1327;852;1585;1315;1752;1412;1699;1344;1879;1214;1747;1144;1878;1026;1891;882;1940;777;1982;1366;2108;1228;2392;1073;2516;1051;2550;955;657;1355
MA-0194-S7_RF16.dw.png;MA-0194;35.11793403;-5.282363896;2024;Mediterranean;colony;New material;1108;1100;1181;1097;1336;1379;1336;1184;1375;899;1614;1383;1790;1480;1739;1409;1925;1275;1791;1211;1910;1081;1929;946;1969;832;2026;1435;2158;1298;2451;1133;2589;1116;2611;1011;654;1385
MA-0194-S7_RF17.dw.png;MA-0194;35.11793403;-5.282363896;2024;Mediterranean;colony;New material;1046;1253;1113;1249;1290;1544;1263;1343;1309;1066;1551;1557;1706;1667;1645;1587;1826;1471;1718;1399;1848;1289;1866;1144;1925;1030;1945;1635;2070;1513;2371;1368;2482;1354;2513;1250;571;1519
MA-0194-S7_RF18.dw.png;MA-0194;35.11793403;-5.282363896;2024;Mediterranean;colony;New material;1343;1142;1415;1137;1596;1430;1569;1227;1594;961;1850;1435;2024;1542;1976;1472;2141;1363;2021;1294;2148;1178;2172;1043;2239;933;2266;1509;2389;1397;2658;1269;2800;1249;2848;1139;903;1429
MA-0194-S7_RF19.dw.png;MA-0194;35.11793403;-5.282363896;2024;Mediterranean;colony;New material;1125;1145;1183;1140;1349;1425;1335;1228;1393;927;1634;1437;1786;1534;1738;1466;1937;1349;1796;1277;1929;1163;1950;1018;1997;915;2058;1499;2184;1378;2484;1238;2589;1231;2616;1142;670;1405
MA-0194-S7_RF2.dw.png;MA-0194;35.11793403;-5.282363896;2024;Mediterranean;colony;New material;1095;989;1162;976;1333;1247;1319;1056;1349;779;1608;1244;1784;1340;1728;1270;1870;1145;1778;1087;1906;960;1906;826;1960;719;2026;1294;2134;1178;2429;1016;2552;993;2566;887;660;1277
MA-0194-S7_RF20.dw.png;MA-0194;35.11793403;-5.282363896;2024;Mediterranean;colony;New material;1066;1230;1143;1221;1307;1484;1278;1291;1308;1017;1566;1470;1737;1560;1680;1496;1859;1365;1726;1299;1856;1177;1867;1033;1912;928;1960;1513;2089;1370;2371;1212;2491;1191;2529;1096;640;1526
MA-0194-S7_RF21.dw.png;MA-0194;35.11793403;-5.282363896;2024;Mediterranean;colony;New material;1132;1231;1202;1228;1351;1518;1354;1318;1399;1046;1605;1532;1778;1642;1716;1565;1913;1451;1795;1375;1922;1262;1928;1119;1993;1017;2036;1609;2151;1497;2438;1361;2559;1348;2586;1238;684;1502
MA-0194-S7_RF3.dw.png;MA-0194;35.11793403;-5.282363896;2024;Mediterranean;colony;New material;1125;1147;1192;1144;1354;1435;1334;1227;1372;973;1622;1445;1798;1552;1752;1483;1904;1360;1798;1291;1926;1179;1953;1048;2003;945;2037;1524;2184;1399;2458;1270;2596;1250;2643;1146;641;1403
MA-0194-S7_RF4.dw.png;MA-0194;35.11793403;-5.282363896;2024;Mediterranean;colony;New material;1007;1145;1079;1138;1238;1399;1215;1207;1255;951;1498;1395;1666;1498;1612;1424;1779;1302;1651;1233;1785;1123;1804;981;1859;883;1892;1456;2019;1321;2288;1174;2419;1154;2456;1056;584;1417
MA-0194-S7_RF5.dw.png;MA-0194;35.11793403;-5.282363896;2024;Mediterranean;colony;New material;889;1037;951;1034;1090;1323;1112;1130;1166;870;1373;1357;1520;1475;1475;1395;1641;1286;1527;1203;1676;1111;1701;960;1770;864;1778;1453;1899;1335;2177;1208;2304;1197;2327;1084;425;1271
MA-0194-S7_RF6.dw.png;MA-0194;35.11793403;-5.282363896;2024;Mediterranean;colony;New material;1114;1112;1187;1105;1367;1381;1344;1185;1361;918;1617;1375;1791;1471;1737;1406;1911;1280;1783;1213;1895;1100;1909;964;1969;856;2024;1432;2143;1309;2417;1164;2549;1137;2569;1036;694;1406
MA-0194-S7_RF7.dw.png;MA-0194;35.11793403;-5.282363896;2024;Mediterranean;colony;New material;1048;1095;1113;1091;1243;1363;1275;1178;1311;913;1522;1376;1690;1487;1639;1410;1819;1284;1694;1212;1839;1096;1855;959;1917;863;1931;1449;2065;1312;2333;1168;2454;1157;2490;1046;588;1368
MA-0194-S7_RF8.dw.png;MA-0194;35.11793403;-5.282363896;2024;Mediterranean;colony;New material;928;1097;1005;1088;1167;1345;1154;1164;1168;907;1441;1348;1606;1443;1561;1381;1709;1269;1582;1196;1728;1099;1743;966;1779;853;1859;1409;1965;1298;2245;1162;2372;1138;2402;1036;527;1361
MA-0194-S7_RF9.dw.png;MA-0194;35.11793403;-5.282363896;2024;Mediterranean;colony;New material;948;1194;1012;1186;1180;1468;1184;1275;1219;968;1476;1470;1650;1574;1589;1500;1770;1390;1634;1305;1768;1189;1781;1050;1827;939;1877;1547;2009;1415;2298;1264;2420;1248;2465;1141;492;1470
MA-0195-S8_LF1.dw.png;MA-0195;35.0573932;-5.343475347;2024;Mediterranean;colony;New material;1039;1071;1109;1064;1241;1336;1286;1160;1304;850;1545;1345;1731;1462;1676;1382;1829;1254;1745;1189;1866;1062;1883;918;1950;806;1984;1411;2096;1288;2395;1133;2518;1116;2557;999;538;1319
MA-0195-S8_LF10.dw.png;MA-0195;35.0573932;-5.343475347;2024;Mediterranean;colony;New material;988;993;1064;990;1242;1278;1251;1086;1290;783;1545;1281;1732;1379;1671;1308;1826;1181;1704;1108;1860;983;1860;840;1912;722;1995;1327;2108;1205;2409;1044;2526;1017;2554;908;515;1258
MA-0195-S8_LF11.dw.png;MA-0195;35.0573932;-5.343475347;2024;Mediterranean;colony;New material;882;1025;951;1021;1120;1306;1144;1130;1180;809;1388;1325;1604;1451;1542;1368;1719;1253;1612;1178;1758;1047;1780;905;1840;774;1849;1419;1996;1296;2350;1142;2468;1122;2494;1005;427;1280
MA-0195-S8_LF12.dw.png;MA-0195;35.0573932;-5.343475347;2024;Mediterranean;colony;New material;921;1130;987;1126;1142;1401;1133;1206;1173;927;1423;1408;1609;1506;1543;1439;1674;1323;1587;1266;1704;1145;1725;1007;1793;894;1813;1478;1941;1353;2221;1218;2334;1195;2349;1088;484;1398
MA-0195-S8_LF13.dw.png;MA-0195;35.0573932;-5.343475347;2024;Mediterranean;colony;New material;981;1173;1069;1174;1177;1463;1206;1264;1276;973;1469;1471;1660;1576;1596;1499;1742;1374;1650;1310;1792;1184;1804;1048;1861;937;1916;1529;2034;1402;2307;1260;2449;1234;2494;1133;519;1458
MA-0195-S8_LF15.dw.png;MA-0195;35.0573932;-5.343475347;2024;Mediterranean;colony;New material;997;1156;1046;1147;1232;1435;1238;1241;1274;931;1523;1441;1715;1546;1637;1466;1803;1337;1689;1267;1819;1137;1836;982;1887;869;1952;1494;2086;1359;2387;1192;2504;1171;2534;1064;552;1434
MA-0195-S8_LF16.dw.png;MA-0195;35.0573932;-5.343475347;2024;Mediterranean;colony;New material;1039;1031;1127;1026;1307;1308;1285;1110;1332;813;1574;1307;1762;1410;1689;1332;1844;1209;1736;1132;1867;1003;1877;855;1936;736;1974;1366;2109;1230;2422;1065;2559;1035;2591;926;597;1320
MA-0195-S8_LF17.dw.png;MA-0195;35.0573932;-5.343475347;2024;Mediterranean;colony;New material;1017;974;1103;969;1259;1252;1284;1067;1309;773;1574;1259;1755;1356;1683;1286;1833;1169;1743;1104;1860;981;1878;848;1934;746;1974;1322;2078;1209;2392;1062;2513;1045;2537;933;599;1259
MA-0195-S8_LF18.dw.png;MA-0195;35.0573932;-5.343475347;2024;Mediterranean;colony;New material;934;1043;1004;1046;1147;1344;1168;1155;1221;857;1433;1375;1607;1495;1549;1414;1718;1316;1589;1225;1741;1114;1774;969;1846;849;1860;1471;2002;1355;2304;1228;2444;1217;2471;1111;456;1284
MA-0195-S8_LF19.dw.png;MA-0195;35.0573932;-5.343475347;2024;Mediterranean;colony;New material;997;1131;1057;1128;1200;1410;1221;1224;1288;929;1481;1423;1684;1537;1626;1461;1794;1339;1696;1266;1831;1152;1837;1008;1887;909;1933;1496;2053;1371;2362;1226;2500;1204;2524;1125;478;1374
MA-0195-S8_LF2.dw.png;MA-0195;35.0573932;-5.343475347;2024;Mediterranean;colony;New material;1193;1229;1273;1228;1392;1494;1417;1319;1476;1035;1674;1504;1864;1615;1799;1538;1989;1420;1867;1356;1997;1251;2007;1116;2054;1010;2126;1574;2246;1447;2499;1333;2631;1321;2659;1231;749;1493
MA-0195-S8_LF3.dw.png;MA-0195;35.0573932;-5.343475347;2024;Mediterranean;colony;New material;912;1097;971;1093;1152;1394;1156;1197;1209;880;1431;1412;1622;1524;1565;1448;1735;1319;1624;1241;1764;1118;1775;965;1839;861;1881;1483;1997;1356;2308;1209;2441;1195;2470;1101;449;1384
MA-0195-S8_LF4.dw.png;MA-0195;35.0573932;-5.343475347;2024;Mediterranean;colony;New material;965;1074;1037;1070;1169;1354;1190;1163;1256;878;1464;1373;1636;1484;1584;1408;1746;1293;1627;1215;1772;1108;1793;966;1856;865;1888;1447;2010;1329;2278;1202;2395;1189;2434;1085;499;1346
MA-0195-S8_LF5.dw.png;MA-0195;35.0573932;-5.343475347;2024;Mediterranean;colony;New material;1074;1127;1166;1129;1280;1386;1308;1209;1356;933;1600;1394;1776;1493;1720;1426;1884;1298;1763;1232;1884;1122;1891;984;1951;874;2018;1452;2140;1311;2404;1175;2555;1152;2592;1060;633;1352
MA-0195-S8_LF6.dw.png;MA-0195;35.0573932;-5.343475347;2024;Mediterranean;colony;New material;1001;1202;1065;1198;1203;1496;1252;1307;1299;997;1531;1511;1711;1629;1665;1550;1823;1432;1718;1362;1845;1233;1854;1080;1918;958;1968;1589;2096;1465;2425;1304;2543;1289;2570;1184;511;1452
MA-0195-S8_LF7.dw.png;MA-0195;35.0573932;-5.343475347;2024;Mediterranean;colony;New material;1192;1090;1259;1088;1393;1360;1422;1180;1438;909;1651;1371;1818;1472;1755;1400;1917;1287;1828;1224;1948;1118;1966;982;2023;883;2056;1439;2157;1322;2411;1192;2540;1170;2557;1066;753;1349
MA-0195-S8_LF9.dw.png;MA-0195;35.0573932;-5.343475347;2024;Mediterranean;colony;New material;1003;1020;1086;1016;1226;1302;1247;1111;1291;820;1498;1310;1693;1430;1638;1353;1782;1233;1683;1164;1829;1046;1855;902;1922;805;1921;1398;2045;1278;2349;1137;2493;1125;2531;1011;546;1293
MA-0195-S8_RF1.dw.png;MA-0195;35.0573932;-5.343475347;2024;Mediterranean;colony;New material;914;1305;987;1299;1079;1569;1150;1393;1185;1092;1401;1586;1566;1699;1518;1622;1671;1496;1592;1427;1718;1302;1731;1153;1814;1049;1808;1661;1936;1531;2254;1378;2366;1364;2413;1251;399;1543
MA-0195-S8_RF10.dw.png;MA-0195;35.0573932;-5.343475347;2024;Mediterranean;colony;New material;1146;1180;1221;1180;1385;1464;1402;1278;1443;971;1679;1466;1861;1570;1801;1496;1967;1372;1860;1302;1997;1181;2001;1035;2062;923;2122;1527;2238;1399;2539;1246;2662;1228;2692;1136;673;1442
MA-0195-S8_RF11.dw.png;MA-0195;35.0573932;-5.343475347;2024;Mediterranean;colony;New material;965;1074;1032;1070;1176;1342;1230;1175;1245;858;1457;1347;1670;1467;1594;1380;1779;1264;1671;1191;1800;1060;1817;916;1886;787;1903;1423;2049;1286;2383;1120;2518;1098;2541;989;515;1341
MA-0195-S8_RF12.dw.png;MA-0195;35.0573932;-5.343475347;2024;Mediterranean;colony;New material;1040;1005;1093;1002;1250;1272;1240;1082;1294;804;1523;1282;1701;1388;1632;1310;1770;1192;1689;1137;1802;1009;1827;871;1902;771;1916;1356;2033;1217;2309;1086;2424;1071;2455;967;594;1263
MA-0195-S8_RF13.dw.png;MA-0195;35.0573932;-5.343475347;2024;Mediterranean;colony;New material;1129;1143;1207;1139;1312;1416;1350;1224;1432;949;1614;1420;1801;1526;1739;1448;1900;1322;1790;1255;1924;1130;1946;993;2015;896;2057;1481;2177;1345;2458;1199;2590;1186;2638;1089;676;1427
MA-0195-S8_RF14.dw.png;MA-0195;35.0573932;-5.343475347;2024;Mediterranean;colony;New material;1045;1089;1130;1083;1260;1339;1279;1173;1316;881;1538;1335;1727;1436;1672;1364;1806;1246;1701;1176;1818;1054;1841;919;1902;810;1957;1391;2062;1269;2355;1114;2504;1091;2518;978;608;1361
MA-0195-S8_RF15.dw.png;MA-0195;35.0573932;-5.343475347;2024;Mediterranean;colony;New material;1047;1092;1100;1082;1292;1368;1283;1175;1317;870;1571;1371;1755;1473;1682;1397;1834;1265;1713;1189;1857;1072;1872;918;1933;801;2000;1421;2121;1287;2423;1116;2550;1087;2585;982;607;1375
MA-0195-S8_RF16.dw.png;MA-0195;35.0573932;-5.343475347;2024;Mediterranean;colony;New material;992;1078;1079;1078;1240;1373;1235;1175;1298;878;1509;1384;1691;1496;1629;1418;1783;1296;1692;1228;1819;1101;1844;959;1899;846;1906;1466;2047;1331;2365;1190;2502;1176;2540;1075;531;1343
MA-0195-S8_RF17.dw.png;MA-0195;35.0573932;-5.343475347;2024;Mediterranean;colony;New material;929;1164;1013;1163;1163;1458;1194;1270;1235;982;1465;1483;1637;1593;1574;1520;1727;1413;1633;1338;1771;1236;1787;1096;1853;993;1855;1574;1975;1466;2287;1344;2411;1336;2440;1232;493;1424
MA-0195-S8_RF18.dw.png;MA-0195;35.0573932;-5.343475347;2024;Mediterranean;colony;New material;952;1006;1028;1006;1181;1282;1173;1093;1230;809;1458;1302;1629;1414;1570;1337;1734;1228;1607;1144;1753;1024;1779;885;1854;780;1877;1380;2009;1257;2314;1119;2450;1113;2494;1008;490;1259
MA-0195-S8_RF19.dw.png;MA-0195;35.0573932;-5.343475347;2024;Mediterranean;colony;New material;1027;1093;1087;1093;1212;1384;1254;1202;1319;912;1476;1408;1675;1538;1615;1452;1810;1351;1696;1266;1847;1165;1865;1024;1925;916;1929;1512;2041;1395;2361;1268;2506;1253;2531;1159;497;1305
MA-0195-S8_RF2.dw.png;MA-0195;35.0573932;-5.343475347;2024;Mediterranean;colony;New material;1182;1083;1263;1082;1371;1360;1412;1177;1474;896;1656;1371;1843;1484;1779;1403;1969;1281;1863;1218;1992;1110;1999;976;2056;860;2098;1442;2225;1310;2486;1185;2634;1166;2659;1066;738;1348
MA-0195-S8_RF3.dw.png;MA-0195;35.0573932;-5.343475347;2024;Mediterranean;colony;New material;975;1112;1038;1107;1225;1408;1221;1208;1261;892;1492;1418;1685;1522;1624;1453;1802;1323;1676;1244;1823;1122;1826;969;1895;860;1923;1483;2056;1347;2361;1201;2497;1182;2532;1080;510;1410
MA-0195-S8_RF4.dw.png;MA-0195;35.0573932;-5.343475347;2024;Mediterranean;colony;New material;1150;1111;1233;1109;1350;1374;1376;1192;1436;912;1631;1377;1812;1482;1755;1407;1915;1286;1791;1217;1939;1103;1959;965;2031;866;2064;1436;2175;1309;2433;1174;2563;1158;2597;1053;692;1390
MA-0195-S8_RF5.dw.png;MA-0195;35.0573932;-5.343475347;2024;Mediterranean;colony;New material;1113;1026;1199;1030;1311;1301;1346;1123;1408;855;1614;1328;1782;1438;1723;1362;1910;1248;1759;1170;1911;1069;1923;931;1997;825;2030;1402;2153;1275;2415;1151;2573;1134;2625;1038;650;1224
MA-0195-S8_RF6.dw.png;MA-0195;35.0573932;-5.343475347;2024;Mediterranean;colony;New material;925;1146;1001;1150;1138;1456;1180;1266;1236;958;1440;1479;1626;1600;1580;1528;1757;1423;1637;1338;1780;1221;1799;1071;1868;947;1884;1582;2021;1471;2358;1323;2472;1309;2502;1194;412;1377
MA-0195-S8_RF7.dw.png;MA-0195;35.0573932;-5.343475347;2024;Mediterranean;colony;New material;1161;1283;1232;1281;1364;1558;1391;1373;1417;1097;1619;1575;1787;1676;1728;1608;1879;1496;1793;1432;1913;1331;1936;1189;1997;1090;2021;1645;2131;1532;2389;1413;2514;1390;2530;1289;718;1540
MA-0195-S8_RF8.dw.png;MA-0195;35.0573932;-5.343475347;2024;Mediterranean;colony;New material;1076;1186;1129;1182;1300;1462;1297;1269;1341;973;1567;1468;1774;1580;1709;1499;1868;1376;1747;1304;1899;1199;1908;1047;1967;930;2017;1536;2152;1403;2439;1260;2577;1235;2605;1134;615;1452
MA-0195-S8_RF9.dw.png;MA-0195;35.0573932;-5.343475347;2024;Mediterranean;colony;New material;1056;1155;1131;1150;1281;1431;1284;1235;1323;950;1547;1428;1735;1545;1678;1465;1832;1343;1733;1278;1874;1157;1893;1016;1964;906;1972;1508;2075;1386;2409;1223;2546;1207;2571;1102;602;1439
MA-0196-S9_LF1.dw.png;MA-0196;35.03298332;-5.356425073;2024;Mediterranean;colony;New material;1165;1118;1246;1114;1408;1400;1409;1207;1449;930;1670;1405;1843;1513;1787;1436;1922;1310;1835;1244;1976;1137;1990;1000;2067;884;2090;1469;2201;1341;2468;1198;2632;1175;2652;1067;756;1404
MA-0196-S9_LF10.dw.png;MA-0196;35.03298332;-5.356425073;2024;Mediterranean;colony;New material;1110;1100;1180;1096;1320;1390;1326;1186;1415;921;1622;1416;1787;1528;1740;1453;1895;1352;1803;1277;1934;1163;1966;1037;2032;927;2021;1503;2134;1398;2450;1273;2571;1261;2602;1161;669;1366
MA-0196-S9_LF2.dw.png;MA-0196;35.03298332;-5.356425073;2024;Mediterranean;colony;New material;1083;1129;1167;1129;1325;1429;1328;1234;1390;934;1608;1461;1780;1584;1730;1500;1903;1380;1820;1324;1942;1194;1963;1043;2018;939;2048;1549;2185;1429;2508;1287;2597;1279;2627;1186;626;1390
MA-0196-S9_LF3.dw.png;MA-0196;35.03298332;-5.356425073;2024;Mediterranean;colony;New material;1014;1154;1078;1157;1183;1436;1207;1254;1293;1003;1446;1482;1620;1613;1575;1533;1732;1432;1646;1358;1795;1257;1827;1110;1891;1008;1888;1601;2008;1498;2317;1380;2457;1373;2499;1281;523;1350
MA-0196-S9_LF4.dw.png;MA-0196;35.03298332;-5.356425073;2024;Mediterranean;colony;New material;1056;1231;1136;1226;1299;1524;1304;1325;1352;1037;1608;1536;1781;1640;1719;1567;1879;1445;1759;1369;1907;1262;1934;1126;1996;1007;2029;1601;2157;1482;2428;1344;2555;1325;2576;1212;611;1531
MA-0196-S9_LF5.dw.png;MA-0196;35.03298332;-5.356425073;2024;Mediterranean;colony;New material;973;1045;1043;1041;1163;1315;1212;1140;1252;856;1460;1345;1640;1466;1580;1385;1753;1285;1642;1201;1798;1104;1820;966;1890;879;1898;1449;2013;1339;2294;1225;2418;1219;2441;1111;534;1288
MA-0196-S9_LF6.dw.png;MA-0196;35.03298332;-5.356425073;2024;Mediterranean;colony;New material;1093;1210;1167;1203;1364;1478;1333;1287;1375;999;1618;1477;1798;1581;1737;1502;1894;1391;1784;1321;1922;1207;1931;1060;1993;950;2047;1541;2176;1411;2447;1270;2584;1250;2605;1159;675;1511
MA-0196-S9_LF7.dw.png;MA-0196;35.03298332;-5.356425073;2024;Mediterranean;colony;New material;1181;1239;1247;1234;1431;1530;1438;1339;1461;1048;1705;1544;1881;1650;1822;1578;1994;1461;1886;1392;2011;1277;2029;1140;2101;1024;2123;1623;2238;1505;2529;1369;2658;1355;2692;1248;731;1505
MA-0196-S9_LF8.dw.png;MA-0196;35.03298332;-5.356425073;2024;Mediterranean;colony;New material;1018;1194;1099;1188;1263;1462;1267;1278;1298;985;1544;1466;1726;1561;1673;1491;1819;1378;1714;1313;1837;1200;1840;1059;1891;949;1968;1523;2072;1402;2354;1260;2480;1242;2511;1145;597;1496
MA-0196-S9_LF9.dw.png;MA-0196;35.03298332;-5.356425073;2024;Mediterranean;colony;New material;1035;1249;1105;1240;1275;1526;1281;1339;1293;1051;1546;1530;1734;1644;1680;1565;1843;1448;1720;1376;1850;1261;1860;1119;1928;1011;1976;1597;2099;1471;2363;1326;2498;1306;2531;1204;574;1536
MA-0196-S9_RF1.dw.png;MA-0196;35.03298332;-5.356425073;2024;Mediterranean;colony;New material;1122;958;1198;950;1374;1230;1363;1039;1399;761;1636;1231;1821;1340;1755;1259;1897;1137;1805;1071;1946;968;1964;830;2024;730;2065;1298;2170;1172;2446;1038;2598;1023;2621;923;711;1241
MA-0196-S9_RF10.dw.png;MA-0196;35.03298332;-5.356425073;2024;Mediterranean;colony;New material;1048;1180;1120;1166;1275;1441;1282;1237;1339;952;1597;1428;1781;1520;1718;1449;1867;1327;1763;1263;1875;1131;1891;998;1944;892;1998;1468;2096;1348;2390;1185;2514;1166;2536;1065;652;1508
MA-0196-S9_RF2.dw.png;MA-0196;35.03298332;-5.356425073;2024;Mediterranean;colony;New material;1021;1169;1101;1168;1264;1460;1274;1267;1308;967;1550;1479;1717;1598;1661;1510;1828;1388;1734;1322;1872;1201;1886;1051;1944;943;1975;1560;2109;1433;2433;1283;2531;1267;2556;1168;570;1443
MA-0196-S9_RF3.dw.png;MA-0196;35.03298332;-5.356425073;2024;Mediterranean;colony;New material;1030;1270;1099;1266;1236;1541;1243;1354;1297;1082;1504;1553;1704;1663;1649;1594;1795;1478;1689;1410;1835;1299;1848;1157;1896;1044;1971;1624;2078;1507;2370;1357;2496;1335;2524;1239;578;1521
MA-0196-S9_RF4.dw.png;MA-0196;35.03298332;-5.356425073;2024;Mediterranean;colony;New material;1120;1344;1197;1334;1374;1624;1380;1429;1410;1137;1673;1623;1857;1720;1789;1651;1947;1519;1814;1450;1959;1335;1980;1196;2051;1072;2101;1671;2221;1542;2495;1392;2614;1371;2625;1256;690;1660
MA-0196-S9_RF5.dw.png;MA-0196;35.03298332;-5.356425073;2024;Mediterranean;colony;New material;1017;1124;1089;1113;1260;1408;1262;1204;1298;918;1524;1414;1703;1519;1644;1437;1803;1319;1686;1245;1842;1139;1858;996;1938;896;1951;1481;2065;1358;2339;1227;2466;1209;2484;1094;580;1390
MA-0196-S9_RF6.dw.png;MA-0196;35.03298332;-5.356425073;2024;Mediterranean;colony;New material;1045;1229;1124;1224;1292;1504;1289;1318;1335;1030;1564;1514;1745;1616;1680;1541;1832;1440;1729;1371;1872;1258;1894;1110;1958;1002;1999;1582;2129;1471;2412;1334;2533;1320;2565;1220;613;1510
MA-0196-S9_RF7.dw.png;MA-0196;35.03298332;-5.356425073;2024;Mediterranean;colony;New material;957;1138;1021;1131;1207;1414;1219;1226;1219;931;1482;1412;1675;1516;1616;1442;1783;1317;1655;1243;1786;1131;1801;998;1868;878;1921;1470;2038;1342;2309;1201;2427;1183;2463;1075;517;1427
MA-0196-S9_RF8.dw.png;MA-0196;35.03298332;-5.356425073;2024;Mediterranean;colony;New material;780;1099;860;1093;1031;1362;1035;1182;1055;886;1313;1358;1502;1453;1444;1380;1589;1263;1480;1203;1600;1086;1600;945;1649;832;1743;1406;1844;1284;2121;1133;2246;1112;2274;1015;365;1413
MA-0196-S9_RF9.dw.png;MA-0196;35.03298332;-5.356425073;2024;Mediterranean;colony;New material;877;1173;948;1164;1130;1437;1114;1251;1139;959;1415;1431;1604;1533;1534;1457;1695;1334;1568;1261;1695;1142;1702;999;1757;888;1833;1482;1952;1349;2216;1183;2345;1154;2376;1049;414;1472
A-int-0265-01.dw.png;A-int-0265;36.7389979;3.069291;1952;A. m. intermissa;colony;Ruttner. 1988;174;161;190;157;225;200;226;167;214;112;280;190;317;203;305;191;324;162;302;155;320;128;318;101;325;78;357;186;372;158;421;118;445;107;444;87;103;225
A-int-0265-02.dw.png;A-int-0265;36.7389979;3.069291;1952;A. m. intermissa;colony;Ruttner. 1988;168;133;181;129;218;173;217;141;206;86;260;163;298;176;285;164;307;138;284;128;303;105;303;79;310;57;337;161;352;133;395;99;420;89;421;69;98;197
A-int-0265-04.dw.png;A-int-0265;36.7389979;3.069291;1952;A. m. intermissa;colony;Ruttner. 1988;183;161;198;156;232;202;229;166;225;112;281;193;323;205;311;194;331;166;308;157;327;129;327;104;335;80;365;190;380;160;428;123;452;116;454;95;109;224
A-int-0265-05.dw.png;A-int-0265;36.7389979;3.069291;1952;A. m. intermissa;colony;Ruttner. 1988;181;170;196;165;235;205;229;174;217;121;276;194;321;204;306;193;326;166;301;159;318;133;318;110;325;86;357;188;373;158;417;120;439;109;434;91;121;237
A-int-0265-06.dw.png;A-int-0265;36.7389979;3.069291;1952;A. m. intermissa;colony;Ruttner. 1988;202;157;215;155;253;202;247;170;246;115;295;197;335;213;322;201;343;174;326;166;343;138;346;112;354;91;376;201;397;171;440;139;464;132;464;113;126;213
A-int-0265-07.dw.png;A-int-0265;36.7389979;3.069291;1952;A. m. intermissa;colony;Ruttner. 1988;190;161;203;157;239;201;237;169;230;115;282;196;324;211;310;198;330;170;311;162;330;135;332;109;341;87;364;198;383;168;428;133;451;126;451;105;118;219
A-int-0265-08.dw.png;A-int-0265;36.7389979;3.069291;1952;A. m. intermissa;colony;Ruttner. 1988;193;134;206;133;236;183;238;151;239;96;279;184;315;204;303;190;330;168;310;154;334;134;341;110;354;91;353;199;376;175;432;150;456;147;459;127;115;182
A-int-0265-09.dw.png;A-int-0265;36.7389979;3.069291;1952;A. m. intermissa;colony;Ruttner. 1988;186;157;198;154;233;204;233;171;232;113;281;201;318;217;306;205;331;180;306;165;329;143;334;119;346;96;357;208;378;182;432;151;456;146;461;126;105;212
A-int-0265-10.dw.png;A-int-0265;36.7389979;3.069291;1952;A. m. intermissa;colony;Ruttner. 1988;193;178;210;176;239;224;242;190;243;134;291;220;330;236;318;223;343;200;324;190;343;163;346;138;356;115;371;226;391;201;441;170;465;164;470;143;116;231
A-int-0265-11.dw.png;A-int-0265;36.7389979;3.069291;1952;A. m. intermissa;colony;Ruttner. 1988;205;159;220;156;245;204;254;172;254;111;300;200;339;217;327;204;352;179;331;169;356;142;359;117;371;93;381;207;402;181;458;148;482;144;483;122;126;215
A-int-0265-12.dw.png;A-int-0265;36.7389979;3.069291;1952;A. m. intermissa;colony;Ruttner. 1988;199;145;214;144;239;195;244;161;249;105;291;193;328;210;317;198;343;174;323;162;344;139;348;115;361;93;367;203;389;179;444;150;468;147;469;127;116;198
A-int-0265-14.dw.png;A-int-0265;36.7389979;3.069291;1952;A. m. intermissa;colony;Ruttner. 1988;163;150;181;148;206;197;209;164;216;112;257;197;291;216;282;204;310;181;291;170;314;148;316;122;326;101;335;208;355;186;408;159;436;155;438;135;78;200
A-int-0265-15.dw.png;A-int-0265;36.7389979;3.069291;1952;A. m. intermissa;colony;Ruttner. 1988;170;147;187;145;210;194;216;160;218;111;262;192;298;209;289;197;313;175;292;163;315;141;317;118;325;96;338;201;358;177;408;149;430;144;431;124;90;202
A-int-0266-01.dw.png;A-int-0266;35.7;-0.633333333;1952;A. m. intermissa;colony;Ruttner. 1988;177;252;193;251;222;298;226;264;222;208;273;295;311;312;295;299;326;273;305;262;329;239;328;211;338;189;354;301;373;274;424;242;448;237;450;217;103;309
A-int-0266-02.dw.png;A-int-0266;35.7;-0.633333333;1952;A. m. intermissa;colony;Ruttner. 1988;189;294;204;293;233;343;236;308;238;252;285;343;320;363;306;347;339;325;316;311;341;290;341;262;357;242;362;355;385;329;439;299;462;297;468;277;113;344
A-int-0266-03.dw.png;A-int-0266;35.7;-0.633333333;1952;A. m. intermissa;colony;Ruttner. 1988;145;287;164;286;194;337;196;300;197;243;248;334;291;351;275;337;303;313;280;301;307;277;309;247;321;226;331;341;352;315;413;280;435;277;436;255;66;343
A-int-0266-04.dw.png;A-int-0266;35.7;-0.633333333;1952;A. m. intermissa;colony;Ruttner. 1988;164;265;181;265;206;323;212;286;221;228;257;327;297;351;282;334;313;314;292;298;324;281;331;251;346;230;339;347;366;324;425;300;452;300;455;278;77;307
A-int-0266-05.dw.png;A-int-0266;35.7;-0.633333333;1952;A. m. intermissa;colony;Ruttner. 1988;184;406;197;400;240;444;233;407;220;351;291;427;337;434;318;425;340;393;317;388;333;358;327;329;331;304;375;413;387;383;435;336;458;324;457;304;123;480
A-int-0266-06.dw.png;A-int-0266;35.7;-0.633333333;1952;A. m. intermissa;colony;Ruttner. 1988;197;301;211;300;239;356;243;317;248;260;297;357;332;377;319;361;348;338;329;325;354;302;356;272;369;250;376;369;398;343;458;314;482;311;487;290;118;351
A-int-0266-07.dw.png;A-int-0266;35.7;-0.633333333;1952;A. m. intermissa;colony;Ruttner. 1988;145;322;161;319;201;367;190;329;188;273;250;357;289;370;271;357;299;329;274;320;298;294;298;265;307;242;331;353;350;323;399;285;417;279;417;257;72;389
A-int-0266-08.dw.png;A-int-0266;35.7;-0.633333333;1952;A. m. intermissa;colony;Ruttner. 1988;164;236;180;233;218;283;208;243;208;187;269;274;305;288;288;275;320;247;294;237;317;211;318;183;329;160;349;272;369;243;419;207;438;201;440;178;89;300
A-int-0266-09.dw.png;A-int-0266;35.7;-0.633333333;1952;A. m. intermissa;colony;Ruttner. 1988;170;231;188;233;212;291;213;251;230;198;264;299;298;325;286;308;322;288;298;271;329;253;337;224;351;204;338;323;369;299;428;279;453;278;461;258;83;272
A-int-0266-10.dw.png;A-int-0266;35.7;-0.633333333;1952;A. m. intermissa;colony;Ruttner. 1988;179;228;197;230;218;289;219;249;238;197;269;297;303;326;290;308;327;289;303;272;336;255;345;226;360;206;345;325;374;303;434;283;460;284;468;264;90;266
A-int-0267-01.dw.png;A-int-0267;35.58333333;0.083333333;1952;A. m. intermissa;colony;Ruttner. 1988;191;282;211;281;233;333;234;297;243;242;284;333;321;353;312;339;345;316;319;301;345;281;349;253;360;233;371;344;395;317;441;292;471;289;473;268;112;336
A-int-0267-03.dw.png;A-int-0267;35.58333333;0.083333333;1952;A. m. intermissa;colony;Ruttner. 1988;157;301;175;300;202;357;206;318;213;261;254;356;288;376;277;361;311;338;291;325;313;302;315;274;330;251;336;369;360;343;412;315;439;313;444;292;75;351
A-int-0267-04.dw.png;A-int-0267;35.58333333;0.083333333;1952;A. m. intermissa;colony;Ruttner. 1988;166;351;182;348;211;399;214;363;218;308;273;398;308;416;296;403;331;378;303;364;326;341;330;315;342;294;358;405;376;381;422;351;453;346;456;325;90;406
A-int-0267-05.dw.png;A-int-0267;35.58333333;0.083333333;1952;A. m. intermissa;colony;Ruttner. 1988;185;276;204;274;230;326;232;290;234;233;283;324;319;342;307;329;336;302;316;291;337;266;339;237;349;214;367;332;389;304;435;274;464;270;463;247;105;334
A-int-0267-06.dw.png;A-int-0267;35.58333333;0.083333333;1952;A. m. intermissa;colony;Ruttner. 1988;181;410;198;406;227;453;229;415;221;360;283;443;323;455;308;443;332;412;310;405;329;377;326;349;332;324;366;439;385;406;426;371;453;361;448;339;110;478
A-int-0267-08.dw.png;A-int-0267;35.58333333;0.083333333;1952;A. m. intermissa;colony;Ruttner. 1988;181;393;196;393;220;442;227;407;230;351;278;441;315;460;301;445;328;421;308;410;330;385;330;359;342;335;361;450;379;423;422;395;451;391;457;369;98;447
A-int-0267-09.dw.png;A-int-0267;35.58333333;0.083333333;1952;A. m. intermissa;colony;Ruttner. 1988;150;268;164;267;193;321;195;284;204;228;248;321;286;343;274;328;304;304;282;292;309;269;311;240;325;218;330;336;357;308;409;283;437;280;445;258;70;318
A-int-0267-10.dw.png;A-int-0267;35.58333333;0.083333333;1952;A. m. intermissa;colony;Ruttner. 1988;185;348;199;348;230;404;231;367;241;310;282;406;318;430;307;414;336;391;318;379;344;356;347;328;362;305;363;425;391;397;444;372;474;371;478;349;101;395
A-int-0267-12.dw.png;A-int-0267;35.58333333;0.083333333;1952;A. m. intermissa;colony;Ruttner. 1988;157;432;174;430;205;483;203;444;209;390;259;480;292;498;278;484;310;457;289;447;311;422;312;394;324;371;334;487;355;459;406;429;439;424;440;403;79;492
A-int-0267-13.dw.png;A-int-0267;35.58333333;0.083333333;1952;A. m. intermissa;colony;Ruttner. 1988;169;234;187;233;212;286;214;248;217;190;264;286;302;306;290;291;321;265;303;254;324;227;324;197;336;173;351;295;372;268;423;236;450;232;449;208;85;293
A-int-0268-01.dw.png;A-int-0268;35.58333333;0.05;1952;A. m. intermissa;colony;Ruttner. 1988;204;193;215;187;261;226;251;192;238;140;309;208;351;216;337;206;352;176;330;171;344;140;337;114;342;88;392;193;406;161;446;115;465;105;463;85;144;270
A-int-0268-02.dw.png;A-int-0268;35.58333333;0.05;1952;A. m. intermissa;colony;Ruttner. 1988;209;181;222;176;259;224;254;188;249;133;315;215;357;227;342;216;369;187;341;176;360;150;359;121;367;98;400;211;422;180;466;140;489;132;488;111;134;246
A-int-0268-03.dw.png;A-int-0268;35.58333333;0.05;1952;A. m. intermissa;colony;Ruttner. 1988;190;173;205;170;234;218;232;183;235;129;283;214;322;231;309;217;335;194;312;181;337;158;340;133;350;109;366;221;384;194;434;162;463;155;464;136;108;227
A-int-0268-04.dw.png;A-int-0268;35.58333333;0.05;1952;A. m. intermissa;colony;Ruttner. 1988;189;174;201;171;234;216;232;182;231;127;284;210;325;227;311;214;338;188;313;177;336;151;337;123;347;101;369;213;391;185;443;147;464;143;467;123;118;234
A-int-0268-05.dw.png;A-int-0268;35.58333333;0.05;1952;A. m. intermissa;colony;Ruttner. 1988;178;188;192;184;229;232;229;196;222;139;283;223;326;237;311;225;338;196;309;185;330;158;332;130;339;106;369;220;389;190;433;154;460;145;459;125;105;253
A-int-0268-06.dw.png;A-int-0268;35.58333333;0.05;1952;A. m. intermissa;colony;Ruttner. 1988;176;183;188;180;221;224;216;189;215;135;270;215;314;229;297;216;319;189;296;180;320;153;320;126;328;100;357;212;374;183;423;145;447;136;447;115;101;249
A-int-0268-07.dw.png;A-int-0268;35.58333333;0.05;1952;A. m. intermissa;colony;Ruttner. 1988;182;153;198;151;223;201;225;165;231;110;276;201;315;220;302;206;333;182;308;169;333;145;337;119;349;96;361;210;384;183;436;153;462;147;464;126;98;204
A-int-0268-08.dw.png;A-int-0268;35.58333333;0.05;1952;A. m. intermissa;colony;Ruttner. 1988;203;158;218;157;235;209;244;175;255;122;288;212;327;237;313;220;341;200;323;186;352;166;360;143;375;120;371;232;399;209;452;187;477;186;483;166;119;202
A-int-0268-09.dw.png;A-int-0268;35.58333333;0.05;1952;A. m. intermissa;colony;Ruttner. 1988;179;153;193;150;230;198;226;164;225;109;278;195;317;212;304;199;326;175;308;164;327;139;330;114;340;92;358;202;375;177;425;144;456;136;457;116;105;208
A-int-0268-10.dw.png;A-int-0268;35.58333333;0.05;1952;A. m. intermissa;colony;Ruttner. 1988;192;165;205;165;225;216;229;180;241;126;275;219;314;242;301;227;328;205;312;190;337;170;342;143;356;120;359;237;383;213;440;188;464;185;469;165;104;211
A-int-0268-11.dw.png;A-int-0268;35.58333333;0.05;1952;A. m. intermissa;colony;Ruttner. 1988;188;173;203;170;237;217;235;181;232;124;287;210;328;226;312;213;342;185;317;174;340;147;341;118;351;96;371;212;394;181;445;143;467;137;469;117;117;236
A-int-0268-12.dw.png;A-int-0268;35.58333333;0.05;1952;A. m. intermissa;colony;Ruttner. 1988;191;159;204;156;233;206;234;172;240;117;287;204;329;223;315;209;341;185;319;172;342;149;345;124;355;102;372;213;392;188;445;158;475;152;476;132;112;213
A-int-0268-13.dw.png;A-int-0268;35.58333333;0.05;1952;A. m. intermissa;colony;Ruttner. 1988;189;194;202;190;236;236;235;201;229;145;285;228;328;243;313;231;339;201;316;192;338;164;337;136;346;112;369;227;392;196;440;156;464;147;463;127;118;256
A-int-0268-14.dw.png;A-int-0268;35.58333333;0.05;1952;A. m. intermissa;colony;Ruttner. 1988;198;147;211;145;242;197;241;161;249;108;293;198;329;218;319;204;348;181;326;167;350;144;351;117;362;95;375;209;399;185;454;155;474;152;479;132;117;199
A-int-0268-15.dw.png;A-int-0268;35.58333333;0.05;1952;A. m. intermissa;colony;Ruttner. 1988;161;130;173;133;178;190;195;161;223;113;229;212;261;246;253;229;286;217;271;197;302;184;315;163;333;146;303;255;331;241;395;235;422;240;433;224;67;146
A-int-0269-01.dw.png;A-int-0269;35.861111;0.075;1952;A. m. intermissa;colony;Ruttner. 1988;168;139;183;137;209;186;211;151;214;97;256;184;298;203;286;190;310;167;286;153;316;130;318;105;330;82;339;196;359;170;411;141;438;138;443;117;89;192
A-int-0269-02.dw.png;A-int-0269;35.861111;0.075;1952;A. m. intermissa;colony;Ruttner. 1988;193;137;207;137;228;191;231;156;244;100;272;197;309;223;299;208;332;188;314;173;342;151;349;126;361;104;353;221;380;199;440;179;465;180;474;161;111;183
A-int-0269-03.dw.png;A-int-0269;35.861111;0.075;1952;A. m. intermissa;colony;Ruttner. 1988;171;162;188;161;219;212;217;176;222;119;265;210;308;228;296;214;321;190;299;177;323;154;326;128;338;105;349;219;372;192;427;160;450;155;455;137;92;221
A-int-0269-04.dw.png;A-int-0269;35.861111;0.075;1952;A. m. intermissa;colony;Ruttner. 1988;174;164;192;161;222;214;218;175;223;118;270;211;309;230;299;216;328;189;301;176;328;151;330;124;341;100;356;218;377;190;431;156;454;151;455;130;91;224
A-int-0269-05.dw.png;A-int-0269;35.861111;0.075;1952;A. m. intermissa;colony;Ruttner. 1988;195;139;209;140;225;192;238;161;247;106;277;200;312;227;302;211;335;192;319;178;343;157;350;133;364;112;353;227;381;205;435;187;461;187;471;169;105;179
A-int-0269-06.dw.png;A-int-0269;35.861111;0.075;1952;A. m. intermissa;colony;Ruttner. 1988;169;158;185;156;214;208;211;170;218;114;267;202;308;222;295;207;321;183;296;171;320;146;323;120;334;96;348;211;370;183;423;151;447;145;448;125;88;219
A-int-0269-07.dw.png;A-int-0269;35.861111;0.075;1952;A. m. intermissa;colony;Ruttner. 1988;176;151;194;148;220;200;219;163;228;108;272;197;314;217;302;203;329;179;307;167;331;143;334;117;347;94;357;209;378;182;434;151;458;146;461;126;94;206
A-int-0269-08.dw.png;A-int-0269;35.861111;0.075;1952;A. m. intermissa;colony;Ruttner. 1988;173;155;187;151;215;198;219;164;216;109;268;192;309;209;296;195;323;171;301;161;321;134;323;111;330;88;352;197;373;169;420;137;445;131;447;110;101;217
A-int-0269-09.dw.png;A-int-0269;35.861111;0.075;1952;A. m. intermissa;colony;Ruttner. 1988;188;153;200;151;227;200;227;165;232;112;274;197;313;218;302;204;331;179;308;167;333;144;334;119;344;95;352;208;375;183;429;153;453;147;458;128;104;205
A-int-0269-10.dw.png;A-int-0269;35.861111;0.075;1952;A. m. intermissa;colony;Ruttner. 1988;202;161;214;158;245;209;243;172;246;114;293;205;333;224;319;211;349;186;324;173;352;146;357;119;366;95;372;216;397;187;453;157;479;153;484;131;129;222
A-int-0269-11.dw.png;A-int-0269;35.861111;0.075;1952;A. m. intermissa;colony;Ruttner. 1988;190;153;205;150;235;201;239;166;239;108;289;197;329;216;316;203;343;180;318;167;343;142;345;117;354;95;372;208;392;183;445;151;473;146;477;126;114;210
A-int-0269-12.dw.png;A-int-0269;35.861111;0.075;1952;A. m. intermissa;colony;Ruttner. 1988;182;150;196;148;231;199;228;162;228;107;279;195;318;213;305;200;328;175;307;163;330;137;334;112;344;88;357;203;375;177;429;145;454;140;460;119;109;211
A-int-0269-13.dw.png;A-int-0269;35.861111;0.075;1952;A. m. intermissa;colony;Ruttner. 1988;174;165;189;160;223;207;218;171;213;114;266;200;310;215;296;203;323;173;299;163;322;136;322;108;328;84;352;200;372;170;422;134;448;127;451;106;108;232
A-int-0269-14.dw.png;A-int-0269;35.861111;0.075;1952;A. m. intermissa;colony;Ruttner. 1988;161;163;175;159;201;208;208;175;207;120;258;206;296;224;284;210;313;188;288;176;311;152;314;128;323;105;339;215;360;190;413;160;435;157;439;137;88;219
A-int-0270-03.dw.png;A-int-0270;34.83333333;0.166666667;1952;A. m. intermissa;colony;Ruttner. 1988;233;182;249;181;285;230;281;195;286;140;336;228;375;245;362;231;388;207;363;196;391;171;390;143;401;122;414;236;436;208;484;177;518;170;520;148;155;239
A-int-0270-04.dw.png;A-int-0270;34.83333333;0.166666667;1952;A. m. intermissa;colony;Ruttner. 1988;217;413;233;412;266;464;266;427;270;372;318;464;358;482;344;469;372;444;348;433;375;409;375;379;387;359;401;474;418;449;467;419;502;414;505;392;137;467
A-int-0270-06.dw.png;A-int-0270;34.83333333;0.166666667;1952;A. m. intermissa;colony;Ruttner. 1988;139;338;155;338;179;391;183;355;191;302;234;393;273;415;260;400;290;376;271;364;295;341;299;312;309;293;316;407;339;380;388;353;423;351;426;330;54;388
A-int-0270-07.dw.png;A-int-0270;34.83333333;0.166666667;1952;A. m. intermissa;colony;Ruttner. 1988;193;363;211;362;238;415;240;378;244;324;293;417;331;436;319;422;347;398;328;385;350;362;353;333;361;313;376;429;399;400;445;373;479;368;482;347;113;413
A-int-0270-08.dw.png;A-int-0270;34.83333333;0.166666667;1952;A. m. intermissa;colony;Ruttner. 1988;198;325;216;324;231;373;243;339;250;283;289;377;328;400;314;384;345;362;324;350;354;327;357;298;369;278;372;395;398;369;447;343;481;342;485;321;112;371
A-int-0270-09.dw.png;A-int-0270;34.83333333;0.166666667;1952;A. m. intermissa;colony;Ruttner. 1988;202;300;215;297;244;343;248;307;243;253;298;335;338;350;324;337;350;310;328;301;351;274;348;248;355;224;380;335;397;305;443;271;476;260;477;239;120;364
A-int-0270-10.dw.png;A-int-0270;34.83333333;0.166666667;1952;A. m. intermissa;colony;Ruttner. 1988;209;305;225;302;256;348;257;312;249;256;309;338;351;351;335;339;360;310;338;303;358;275;356;249;359;225;393;333;411;303;455;268;487;258;488;236;131;374
A-int-0270-11.dw.png;A-int-0270;34.83333333;0.166666667;1952;A. m. intermissa;colony;Ruttner. 1988;262;240;277;237;309;286;310;249;307;194;363;279;406;293;391;281;420;254;389;244;416;220;415;191;422;171;449;278;468;250;515;215;539;210;538;188;190;304
A-int-0270-12.dw.png;A-int-0270;34.83333333;0.166666667;1952;A. m. intermissa;colony;Ruttner. 1988;158;389;173;387;206;435;207;399;201;344;256;428;300;442;285;429;312;403;285;393;311;369;309;341;317;319;344;426;361;400;405;365;434;358;433;337;85;452
A-int-0270-13.dw.png;A-int-0270;34.83333333;0.166666667;1952;A. m. intermissa;colony;Ruttner. 1988;204;270;220;270;238;324;251;290;259;234;294;331;334;356;321;340;357;319;334;304;364;285;369;257;381;236;378;353;403;328;460;307;487;308;496;287;119;313
A-int-0404-01.dw.png;A-int-0404;36.4297736;10.5659293;1970;A. m. intermissa;colony;Ruttner. 1988;164;380;177;374;231;408;216;376;195;322;271;391;314;399;297;389;323;352;290;349;308;318;301;291;304;265;357;373;369;339;411;290;434;278;430;257;109;464
A-int-0404-02.dw.png;A-int-0404;36.4297736;10.5659293;1970;A. m. intermissa;colony;Ruttner. 1988;221;238;235;237;264;293;267;257;278;201;313;296;352;323;339;305;375;284;351;268;381;249;387;222;402;200;398;318;425;292;486;268;510;268;515;247;131;283
A-int-0404-03.dw.png;A-int-0404;36.4297736;10.5659293;1970;A. m. intermissa;colony;Ruttner. 1988;158;178;173;184;184;243;197;209;221;157;227;261;257;296;250;275;287;265;270;243;306;233;316;207;337;190;303;305;334;288;397;279;426;287;436;269;62;197
A-int-0404-04.dw.png;A-int-0404;36.4297736;10.5659293;1970;A. m. intermissa;colony;Ruttner. 1988;240;205;254;208;275;269;283;233;300;178;319;282;345;313;338;294;380;282;359;259;391;248;402;221;421;203;394;320;424;302;489;290;514;296;526;278;147;233
A-int-0404-05.dw.png;A-int-0404;36.4297736;10.5659293;1970;A. m. intermissa;colony;Ruttner. 1988;177;326;192;323;228;371;226;336;225;279;277;366;316;383;301;369;334;343;312;334;334;308;333;277;344;255;361;370;382;341;441;304;467;299;468;278;101;388
A-int-0404-06.dw.png;A-int-0404;36.4297736;10.5659293;1970;A. m. intermissa;colony;Ruttner. 1988;184;250;200;248;235;297;233;262;234;205;283;293;323;311;308;296;340;272;319;261;341;236;342;206;354;183;369;299;390;271;448;236;476;231;478;210;107;311
A-int-0404-07.dw.png;A-int-0404;36.4297736;10.5659293;1970;A. m. intermissa;colony;Ruttner. 1988;197;419;217;417;251;467;246;428;246;370;299;463;341;480;326;466;357;439;328;427;353;404;355;373;367;350;387;468;408;439;457;405;484;401;487;379;122;480
A-int-0404-08.dw.png;A-int-0404;36.4297736;10.5659293;1970;A. m. intermissa;colony;Ruttner. 1988;174;343;190;339;227;385;223;349;217;293;275;377;318;390;300;377;330;349;302;342;322;315;320;287;331;264;357;377;376;346;429;309;453;303;455;281;101;403
A-int-0404-09.dw.png;A-int-0404;36.4297736;10.5659293;1970;A. m. intermissa;colony;Ruttner. 1988;217;306;231;300;274;337;264;302;245;250;319;318;365;322;344;314;371;279;338;277;354;246;347;221;354;195;399;301;411;266;456;218;479;206;476;186;158;383
A-int-0404-10.dw.png;A-int-0404;36.4297736;10.5659293;1970;A. m. intermissa;colony;Ruttner. 1988;214;338;233;335;262;383;262;346;261;290;314;377;357;394;342;380;372;356;343;344;369;320;369;290;379;268;403;381;419;356;472;322;503;316;504;294;141;397
A-int-0502-01.dw.png;A-int-0502;36.4297736;10.5659293;;A. m. intermissa;colony;Ruttner. 1988;177;304;192;302;232;351;222;314;223;259;279;348;315;365;301;352;326;325;304;315;331;291;330;263;341;238;358;353;379;328;436;295;460;290;467;269;106;365
A-int-0502-02.dw.png;A-int-0502;36.4297736;10.5659293;;A. m. intermissa;colony;Ruttner. 1988;175;325;190;324;225;377;219;341;226;284;271;380;306;402;296;386;326;363;303;350;330;330;334;302;348;280;350;397;375;373;438;346;459;346;469;327;97;377
A-int-0502-03.dw.png;A-int-0502;36.4297736;10.5659293;;A. m. intermissa;colony;Ruttner. 1988;224;266;237;265;273;315;268;277;270;222;326;312;364;329;349;315;378;290;356;280;378;255;381;227;393;203;408;318;431;290;484;259;511;254;515;232;149;327
A-int-0502-04.dw.png;A-int-0502;36.4297736;10.5659293;;A. m. intermissa;colony;Ruttner. 1988;198;311;212;310;242;366;244;328;252;273;292;370;328;393;317;378;352;357;330;343;355;322;361;294;374;273;375;389;402;366;458;344;486;343;496;324;116;359
A-int-0502-05.dw.png;A-int-0502;36.4297736;10.5659293;;A. m. intermissa;colony;Ruttner. 1988;202;272;221;272;241;327;252;291;257;230;300;332;338;353;326;338;360;315;333;301;364;280;367;251;383;229;386;347;411;322;470;296;496;294;503;273;118;321
A-int-0502-06.dw.png;A-int-0502;36.4297736;10.5659293;;A. m. intermissa;colony;Ruttner. 1988;198;285;213;284;242;339;245;302;252;244;297;342;335;363;322;348;355;325;327;311;358;290;361;261;377;238;383;355;406;330;467;302;490;300;496;279;114;333
A-int-0502-07.dw.png;A-int-0502;36.4297736;10.5659293;;A. m. intermissa;colony;Ruttner. 1988;189;277;206;275;222;325;235;291;240;235;280;330;321;353;309;338;339;316;321;304;346;281;352;254;366;233;372;348;392;324;451;302;483;300;488;281;113;323
A-int-0502-08.dw.png;A-int-0502;36.4297736;10.5659293;;A. m. intermissa;colony;Ruttner. 1988;182;293;200;293;216;343;228;310;233;254;270;348;309;372;298;356;329;337;312;324;338;301;344;275;358;254;361;368;380;346;442;324;472;323;477;304;106;337
A-int-0502-09.dw.png;A-int-0502;36.4297736;10.5659293;;A. m. intermissa;colony;Ruttner. 1988;177;225;193;225;222;280;225;240;229;183;277;283;317;304;304;289;340;265;309;250;340;228;343;197;356;175;366;296;389;270;445;243;470;240;472;216;95;278
A-int-0502-10.dw.png;A-int-0502;36.4297736;10.5659293;;A. m. intermissa;colony;Ruttner. 1988;228;369;242;367;267;423;274;385;280;327;325;427;365;449;351;434;387;411;359;396;390;374;394;344;407;323;414;443;437;418;494;393;519;391;524;369;140;418
A-int-0503-01.dw.png;A-int-0503;36.4297736;10.5659293;;A. m. intermissa;colony;Ruttner. 1988;165;173;180;169;215;218;215;182;209;126;267;212;303;229;293;215;321;188;294;176;318;151;320;124;324;99;349;216;372;184;423;148;444;143;444;121;88;231
A-int-0503-02.dw.png;A-int-0503;36.4297736;10.5659293;;A. m. intermissa;colony;Ruttner. 1988;164;135;182;140;185;195;201;167;225;118;227;213;258;247;253;231;283;221;270;201;302;194;314;169;333;154;298;257;327;244;386;241;413;249;422;233;72;146
A-int-0503-03.dw.png;A-int-0503;36.4297736;10.5659293;;A. m. intermissa;colony;Ruttner. 1988;185;169;197;165;233;213;230;176;224;120;283;206;327;220;315;208;341;180;316;169;337;142;337;115;344;91;375;205;392;177;447;141;466;134;468;114;115;232
A-int-0503-04.dw.png;A-int-0503;36.4297736;10.5659293;;A. m. intermissa;colony;Ruttner. 1988;167;187;182;181;221;224;220;192;206;139;267;213;309;224;297;213;318;184;294;176;314;150;311;124;316;100;348;208;365;179;409;139;432;129;428;110;101;250
A-int-0503-05.dw.png;A-int-0503;36.4297736;10.5659293;;A. m. intermissa;colony;Ruttner. 1988;189;176;202;174;234;224;234;188;236;133;281;222;326;243;315;229;344;202;321;190;343;166;341;140;353;115;374;232;392;205;447;174;469;169;473;148;111;230
A-int-0503-06.dw.png;A-int-0503;36.4297736;10.5659293;;A. m. intermissa;colony;Ruttner. 1988;206;141;221;143;228;199;244;168;266;114;280;219;309;251;300;232;341;219;317;195;349;182;362;157;379;139;355;257;384;238;445;228;473;232;484;215;114;160
A-int-0503-07.dw.png;A-int-0503;36.4297736;10.5659293;;A. m. intermissa;colony;Ruttner. 1988;176;148;192;146;215;198;226;168;228;113;268;204;300;225;290;211;325;190;304;176;328;156;331;131;344;109;347;221;369;198;431;173;456;172;459;155;94;189
A-int-0503-08.dw.png;A-int-0503;36.4297736;10.5659293;;A. m. intermissa;colony;Ruttner. 1988;185;155;203;152;222;202;229;170;230;117;268;203;307;226;294;210;329;191;306;176;334;156;336;129;345;108;353;219;375;194;431;169;457;165;464;146;102;201
A-int-0503-09.dw.png;A-int-0503;36.4297736;10.5659293;;A. m. intermissa;colony;Ruttner. 1988;197;148;211;151;218;207;233;178;255;129;260;225;290;261;282;242;319;235;303;212;332;203;347;181;366;164;333;270;357;256;418;249;445;254;455;239;104;159
A-int-0550-01.dw.png;A-int-0550;35.11666667;-4.3;1973;A. m. intermissa;colony;Ruttner. 1988;212;157;227;156;243;212;249;173;265;122;294;220;329;245;321;230;354;211;337;194;363;172;368;147;382;124;373;242;399;223;463;200;491;199;498;178;126;193
A-int-0550-02.dw.png;A-int-0550;35.11666667;-4.3;1973;A. m. intermissa;colony;Ruttner. 1988;160;120;176;120;201;174;200;135;212;80;254;177;286;196;277;182;305;160;284;145;311;121;314;94;324;71;330;189;355;165;408;137;437;133;441;111;82;167
A-int-0550-03.dw.png;A-int-0550;35.11666667;-4.3;1973;A. m. intermissa;colony;Ruttner. 1988;160;138;173;136;204;189;203;152;207;98;254;189;291;209;281;195;313;171;291;158;315;132;316;105;326;82;335;199;360;175;417;144;445;139;449;117;76;190
A-int-0550-04.dw.png;A-int-0550;35.11666667;-4.3;1973;A. m. intermissa;colony;Ruttner. 1988;181;105;198;105;214;162;224;125;233;71;268;167;302;189;291;174;330;154;309;138;334;116;339;91;349;70;350;184;373;162;434;135;462;134;463;113;87;148
A-int-0550-05.dw.png;A-int-0550;35.11666667;-4.3;1973;A. m. intermissa;colony;Ruttner. 1988;189;131;203;130;232;184;232;146;237;92;285;183;322;201;310;189;337;164;319;152;341;127;344;99;352;78;366;192;389;166;444;135;473;131;478;110;105;186
A-int-0550-06.dw.png;A-int-0550;35.11666667;-4.3;1973;A. m. intermissa;colony;Ruttner. 1988;178;157;193;154;223;210;223;172;230;116;275;212;311;233;300;218;327;194;310;182;338;157;339;129;348;105;356;225;378;201;435;172;465;167;470;146;92;207
A-int-0550-07.dw.png;A-int-0550;35.11666667;-4.3;1973;A. m. intermissa;colony;Ruttner. 1988;164;143;179;141;204;196;211;159;215;103;263;200;295;222;285;206;321;184;299;169;322;145;327;117;336;93;343;215;369;192;425;163;454;160;459;141;78;195
A-int-0550-08.dw.png;A-int-0550;35.11666667;-4.3;1973;A. m. intermissa;colony;Ruttner. 1988;180;105;197;103;227;158;228;120;230;67;278;159;310;181;301;165;332;143;312;126;338;104;342;76;352;54;360;172;382;149;440;121;469;117;475;96;95;157
A-int-0550-09.dw.png;A-int-0550;35.11666667;-4.3;1973;A. m. intermissa;colony;Ruttner. 1988;169;160;186;157;218;210;214;171;213;117;270;205;309;222;296;208;324;181;302;168;326;144;326;116;334;91;355;209;376;182;425;148;458;140;460;118;90;223
A-int-0550-10.dw.png;A-int-0550;35.11666667;-4.3;1973;A. m. intermissa;colony;Ruttner. 1988;154;123;168;120;196;172;198;136;205;81;245;171;282;190;268;176;297;153;280;140;304;116;306;90;317;66;326;180;346;156;405;124;435;118;437;98;72;176
A-int-0550-11.dw.png;A-int-0550;35.11666667;-4.3;1973;A. m. intermissa;colony;Ruttner. 1988;177;143;190;141;221;198;221;160;228;101;274;199;312;220;299;206;330;181;311;165;335;141;340;111;349;89;356;211;381;187;444;154;468;151;473;130;91;202
A-int-0550-12.dw.png;A-int-0550;35.11666667;-4.3;1973;A. m. intermissa;colony;Ruttner. 1988;187;152;203;149;235;206;237;167;242;108;289;206;320;225;309;211;341;186;323;172;349;146;351;116;358;94;367;215;390;191;451;157;479;152;483;132;103;208
A-int-0550-13.dw.png;A-int-0550;35.11666667;-4.3;1973;A. m. intermissa;colony;Ruttner. 1988;201;170;216;166;253;217;247;178;249;121;305;211;344;226;331;214;357;184;336;171;360;147;360;118;369;95;390;212;410;184;468;144;493;138;494;116;126;235
A-int-0550-14.dw.png;A-int-0550;35.11666667;-4.3;1973;A. m. intermissa;colony;Ruttner. 1988;192;163;204;161;240;212;237;177;237;118;286;211;323;229;310;215;338;192;319;178;341;152;343;125;352;103;366;220;388;195;448;160;472;155;475;135;109;219
A-int-0550-15.dw.png;A-int-0550;35.11666667;-4.3;1973;A. m. intermissa;colony;Ruttner. 1988;199;163;214;160;246;210;241;171;247;114;303;205;334;220;322;208;353;181;329;169;354;141;354;111;360;90;381;208;399;182;457;145;484;137;487;118;119;223
A-int-0551-01.dw.png;A-int-0551;34.88333333;-4.216666667;1973;A. m. intermissa;colony;Ruttner. 1988;145;137;163;130;196;176;196;137;185;85;257;159;296;167;283;157;306;127;282;118;298;88;295;63;297;39;338;146;353;115;398;70;417;61;417;40;79;207
A-int-0551-02.dw.png;A-int-0551;34.88333333;-4.216666667;1973;A. m. intermissa;colony;Ruttner. 1988;165;125;180;122;213;170;212;134;211;82;272;164;309;179;297;165;327;138;298;126;322;100;322;74;328;52;353;163;372;135;426;97;452;93;454;71;85;186
A-int-0551-03.dw.png;A-int-0551;34.88333333;-4.216666667;1973;A. m. intermissa;colony;Ruttner. 1988;146;122;161;118;190;168;194;132;195;77;254;164;288;179;278;166;308;139;283;128;304;103;306;77;311;52;338;164;357;140;410;103;432;97;431;74;66;180
A-int-0551-04.dw.png;A-int-0551;34.88333333;-4.216666667;1973;A. m. intermissa;colony;Ruttner. 1988;147;116;165;114;196;165;196;128;195;74;251;160;285;176;274;163;303;137;278;125;300;100;300;73;311;50;330;163;350;136;401;102;425;97;426;75;70;175
A-int-0551-05.dw.png;A-int-0551;34.88333333;-4.216666667;1973;A. m. intermissa;colony;Ruttner. 1988;121;108;134;105;161;157;167;119;171;64;225;153;260;169;249;156;278;130;255;117;276;92;278;66;286;43;307;156;328;132;385;96;406;92;406;71;41;169
A-int-0551-06.dw.png;A-int-0551;34.88333333;-4.216666667;1973;A. m. intermissa;colony;Ruttner. 1988;145;121;162;119;186;173;191;136;198;80;246;173;281;190;270;177;304;154;279;139;304;116;307;89;315;68;328;181;352;155;406;126;431;123;435;103;61;176
A-int-0551-07.dw.png;A-int-0551;34.88333333;-4.216666667;1973;A. m. intermissa;colony;Ruttner. 1988;131;122;147;119;179;169;179;131;176;75;237;164;274;179;262;165;290;137;266;126;288;100;290;75;294;49;319;164;340;136;392;101;417;95;417;72;53;184
A-int-0551-08.dw.png;A-int-0551;34.88333333;-4.216666667;1973;A. m. intermissa;colony;Ruttner. 1988;111;105;125;103;146;155;158;120;163;64;210;156;244;176;234;162;263;137;245;125;267;101;269;77;280;54;290;167;313;143;367;112;394;107;398;86;26;155
A-int-0551-09.dw.png;A-int-0551;34.88333333;-4.216666667;1973;A. m. intermissa;colony;Ruttner. 1988;105;112;119;111;145;164;150;126;156;73;202;163;237;179;226;166;258;143;238;130;257;106;259;80;269;59;285;169;305;146;355;114;382;108;383;87;26;165
A-int-0551-10.dw.png;A-int-0551;34.88333333;-4.216666667;1973;A. m. intermissa;colony;Ruttner. 1988;122;124;138;121;169;171;172;135;169;81;228;166;265;182;252;169;283;143;257;131;277;106;277;79;284;56;311;168;328;144;382;107;403;103;402;82;47;185
A-int-0652-01.dw.png;A-int-0652;35.3041574;-0.1899909;1952;A. m. intermissa;colony;Ruttner. 1988;227;182;241;180;267;233;270;196;276;138;317;233;359;255;348;240;375;215;354;201;381;179;385;148;395;125;408;246;430;221;489;187;514;183;519;163;143;235
A-int-0652-02.dw.png;A-int-0652;35.3041574;-0.1899909;1952;A. m. intermissa;colony;Ruttner. 1988;194;280;211;280;240;339;241;302;253;245;285;345;318;369;309;353;339;332;321;317;349;299;355;268;369;249;365;366;389;343;446;320;473;320;481;300;110;319
A-int-0652-03.dw.png;A-int-0652;35.3041574;-0.1899909;1952;A. m. intermissa;colony;Ruttner. 1988;135;285;153;284;184;336;183;297;187;240;234;334;274;353;261;338;293;314;267;300;292;278;294;249;305;226;320;343;341;316;394;286;416;283;421;259;52;338
A-int-0652-05.dw.png;A-int-0652;35.3041574;-0.1899909;1952;A. m. intermissa;colony;Ruttner. 1988;162;316;178;315;205;368;208;332;217;276;259;370;296;390;287;376;313;352;290;340;318;317;321;288;334;266;342;382;364;358;420;329;450;326;457;305;78;365
A-int-0652-07.dw.png;A-int-0652;35.3041574;-0.1899909;1952;A. m. intermissa;colony;Ruttner. 1988;199;350;219;348;247;401;248;363;257;306;304;398;343;416;332;402;361;377;338;365;363;341;364;312;375;289;390;405;411;377;464;343;484;340;490;318;118;405
A-int-0652-08.dw.png;A-int-0652;35.3041574;-0.1899909;1952;A. m. intermissa;colony;Ruttner. 1988;219;272;236;272;262;329;263;290;278;236;314;334;349;356;338;342;372;321;347;305;376;284;381;254;394;232;396;352;417;330;481;303;506;301;515;281;129;315
A-int-0652-09.dw.png;A-int-0652;35.3041574;-0.1899909;1952;A. m. intermissa;colony;Ruttner. 1988;216;259;234;256;261;307;268;273;266;216;317;307;352;322;340;310;366;287;346;275;368;251;371;224;383;202;395;314;415;290;470;259;501;255;504;234;136;309
A-int-0652-10.dw.png;A-int-0652;35.3041574;-0.1899909;1952;A. m. intermissa;colony;Ruttner. 1988;217;337;234;336;261;393;264;354;277;302;313;397;345;417;335;404;372;382;345;367;372;346;378;316;389;297;394;413;416;389;475;364;498;364;507;344;132;382
A-int-0652-11.dw.png;A-int-0652;35.3041574;-0.1899909;1952;A. m. intermissa;colony;Ruttner. 1988;170;324;186;322;219;375;221;339;223;282;266;375;301;393;290;380;318;354;300;343;323;319;324;290;335;269;350;383;369;358;425;329;450;326;457;305;87;378
A-int-0943-01.dw.png;A-int-0943;31.4813615;-7.4352336;1981;A. m. intermissa;colony;Ruttner. 1988;187;240;198;233;242;262;229;233;213;182;289;238;326;240;309;233;323;200;303;197;312;170;302;146;301;124;356;214;365;182;400;130;415;119;414;99;142;319
A-int-0943-02.dw.png;A-int-0943;31.4813615;-7.4352336;1981;A. m. intermissa;colony;Ruttner. 1988;179;152;192;149;226;195;227;165;229;110;277;192;310;208;297;194;324;171;301;160;325;138;328;111;336;90;349;196;366;171;419;138;440;133;443;113;105;206
A-int-0943-03.dw.png;A-int-0943;31.4813615;-7.4352336;1981;A. m. intermissa;colony;Ruttner. 1988;168;141;180;139;210;182;209;152;215;99;262;177;294;193;283;180;306;158;288;149;308;126;307;103;315;83;333;181;348;159;399;130;426;125;430;107;96;195
A-int-0943-04.dw.png;A-int-0943;31.4813615;-7.4352336;1981;A. m. intermissa;colony;Ruttner. 1988;173;145;186;144;211;195;214;160;224;107;261;197;294;217;283;203;313;182;295;168;321;147;324;123;336;103;338;210;357;188;411;163;435;159;440;140;93;192
A-int-0943-05.dw.png;A-int-0943;31.4813615;-7.4352336;1981;A. m. intermissa;colony;Ruttner. 1988;188;152;201;150;232;196;228;163;234;112;280;194;315;210;303;198;331;174;310;163;332;140;333;115;341;94;354;200;373;176;424;144;447;139;454;117;109;204
A-int-0943-06.dw.png;A-int-0943;31.4813615;-7.4352336;1981;A. m. intermissa;colony;Ruttner. 1988;156;148;168;143;204;187;199;154;200;103;255;180;287;195;277;182;300;159;279;151;299;125;300;101;307;81;327;182;343;157;391;125;410;120;413;100;88;205
A-int-0943-07.dw.png;A-int-0943;31.4813615;-7.4352336;1981;A. m. intermissa;colony;Ruttner. 1988;158;144;174;141;197;188;198;155;207;105;246;187;278;206;267;192;300;172;279;159;301;140;304;115;314;96;321;198;341;175;392;149;415;145;422;127;81;189
A-int-0943-08.dw.png;A-int-0943;31.4813615;-7.4352336;1981;A. m. intermissa;colony;Ruttner. 1988;162;139;175;139;198;186;204;155;213;104;245;188;277;208;268;193;297;176;279;161;301;143;304;120;314;101;320;202;337;180;389;157;411;154;416;135;87;187
A-int-0943-09.dw.png;A-int-0943;31.4813615;-7.4352336;1981;A. m. intermissa;colony;Ruttner. 1988;188;159;201;158;230;207;230;175;238;121;274;207;307;228;295;213;324;191;306;180;333;155;336;131;348;109;347;220;366;197;424;167;444;163;448;145;109;207
A-int-0943-10.dw.png;A-int-0943;31.4813615;-7.4352336;1981;A. m. intermissa;colony;Ruttner. 1988;160;156;173;154;202;201;201;169;206;118;248;199;281;218;271;204;303;183;281;171;304;151;306;127;316;109;323;209;344;186;390;161;414;155;419;136;84;206
A-int-0943-11.dw.png;A-int-0943;31.4813615;-7.4352336;1981;A. m. intermissa;colony;Ruttner. 1988;182;168;194;163;234;203;230;172;219;116;282;193;320;204;305;193;325;166;303;156;323;130;320;103;328;81;356;187;369;160;414;120;439;109;438;89;119;233
A-int-0943-12.dw.png;A-int-0943;31.4813615;-7.4352336;1981;A. m. intermissa;colony;Ruttner. 1988;162;197;175;191;213;226;206;196;195;146;260;211;298;217;284;209;302;180;282;176;295;148;290;125;293;102;332;198;344;170;383;131;404;119;401;99;104;267
A-int-0943-13.dw.png;A-int-0943;31.4813615;-7.4352336;1981;A. m. intermissa;colony;Ruttner. 1988;167;203;179;198;216;235;212;202;200;152;262;220;301;227;287;217;309;189;287;182;302;156;296;131;300;109;340;205;352;177;389;139;411;127;410;108;108;274
A-int-0943-14.dw.png;A-int-0943;31.4813615;-7.4352336;1981;A. m. intermissa;colony;Ruttner. 1988;162;144;174;142;207;188;204;155;206;101;258;184;292;198;281;186;300;162;285;155;303;131;303;104;313;85;329;187;344;164;394;131;416;125;419;106;87;197
A-int-0943-15.dw.png;A-int-0943;31.4813615;-7.4352336;1981;A. m. intermissa;colony;Ruttner. 1988;167;130;182;133;203;189;211;159;232;108;250;202;276;229;268;212;300;200;286;183;314;169;323;144;340;126;318;232;346;215;401;202;428;203;437;185;83;158
A-int-0944-01.dw.png;A-int-0944;34.2668928;-6.6353993;1981;A. m. intermissa;colony;Ruttner. 1988;158;155;174;151;203;199;207;165;205;114;254;195;290;213;278;200;303;173;285;164;310;138;309;113;315;90;331;202;350;175;403;140;429;134;428;113;82;215
A-int-0944-02.dw.png;A-int-0944;34.2668928;-6.6353993;1981;A. m. intermissa;colony;Ruttner. 1988;187;181;200;176;237;216;233;185;225;132;284;206;321;216;307;205;329;175;309;167;327;140;321;115;326;91;363;196;374;169;418;129;446;116;447;97;120;249
A-int-0944-03.dw.png;A-int-0944;34.2668928;-6.6353993;1981;A. m. intermissa;colony;Ruttner. 1988;160;149;175;146;205;196;205;161;207;112;256;194;290;214;279;200;305;176;288;165;308;143;310;117;318;96;329;205;352;178;403;151;428;145;430;126;84;201
A-int-0944-04.dw.png;A-int-0944;34.2668928;-6.6353993;1981;A. m. intermissa;colony;Ruttner. 1988;186;143;203;142;225;192;233;159;235;107;281;193;310;211;301;199;329;177;312;164;335;144;337;118;348;98;352;205;375;181;421;159;451;155;455;135;103;193
A-int-0944-05.dw.png;A-int-0944;34.2668928;-6.6353993;1981;A. m. intermissa;colony;Ruttner. 1988;173;150;189;146;220;196;219;162;224;109;270;194;307;212;296;198;319;175;304;165;327;139;328;113;339;92;347;203;364;179;419;148;447;143;449;122;98;205
A-int-0944-06.dw.png;A-int-0944;34.2668928;-6.6353993;1981;A. m. intermissa;colony;Ruttner. 1988;153;143;169;141;197;192;198;157;206;105;245;191;285;212;273;199;297;174;282;163;308;139;310;112;320;93;327;204;346;179;402;151;431;147;435;128;78;197
A-int-0944-07.dw.png;A-int-0944;34.2668928;-6.6353993;1981;A. m. intermissa;colony;Ruttner. 1988;164;161;178;157;215;207;213;172;207;118;266;204;300;220;291;208;317;182;293;171;316;145;316;120;323;96;343;209;362;182;409;152;435;145;437;124;94;224
A-int-0944-08.dw.png;A-int-0944;34.2668928;-6.6353993;1981;A. m. intermissa;colony;Ruttner. 1988;185;139;200;140;209;192;229;165;242;114;262;204;289;231;282;215;312;198;301;185;331;167;338;144;352;126;332;233;357;212;416;197;441;199;451;181;93;168
A-int-0944-09.dw.png;A-int-0944;34.2668928;-6.6353993;1981;A. m. intermissa;colony;Ruttner. 1988;171;148;187;147;208;197;215;161;223;109;260;197;298;218;286;203;312;180;298;169;320;146;320;120;329;97;340;210;361;185;411;159;436;154;442;133;88;201
A-int-0944-10.dw.png;A-int-0944;34.2668928;-6.6353993;1981;A. m. intermissa;colony;Ruttner. 1988;156;144;169;141;203;189;203;156;200;102;252;187;290;204;278;191;303;166;284;155;306;130;306;106;315;82;333;194;351;168;403;139;429;132;431;113;85;200
A-int-0944-11.dw.png;A-int-0944;34.2668928;-6.6353993;1981;A. m. intermissa;colony;Ruttner. 1988;143;177;159;171;192;208;193;178;177;128;245;193;281;202;266;192;284;163;264;156;282;128;274;104;274;82;318;182;332;151;366;114;394;99;392;79;87;246
A-int-0944-12.dw.png;A-int-0944;34.2668928;-6.6353993;1981;A. m. intermissa;colony;Ruttner. 1988;168;218;179;211;227;243;216;212;197;164;271;223;311;227;298;218;311;187;288;183;302;154;293;129;293;106;347;202;358;170;392;126;412;112;408;93;121;298
A-int-0944-13.dw.png;A-int-0944;34.2668928;-6.6353993;1981;A. m. intermissa;colony;Ruttner. 1988;177;149;192;146;224;193;225;159;224;105;277;187;312;203;299;190;326;164;307;153;329;128;327;103;334;80;351;191;372;163;421;130;444;123;447;103;105;207
A-int-0944-14.dw.png;A-int-0944;34.2668928;-6.6353993;1981;A. m. intermissa;colony;Ruttner. 1988;160;161;171;156;217;196;209;164;196;113;264;182;304;192;289;181;308;152;288;146;302;118;296;92;300;70;338;174;352;145;395;104;420;91;420;72;98;235
A-int-0944-15.dw.png;A-int-0944;34.2668928;-6.6353993;1981;A. m. intermissa;colony;Ruttner. 1988;153;171;168;165;205;206;202;173;190;124;255;193;293;202;280;191;298;163;280;156;293;131;288;105;292;83;327;185;341;155;382;117;409;105;408;85;94;239
A-int-1348-01.dw.png;A-int-1348;37.03333333;9.233333333;;A. m. intermissa;colony;Ruttner. 1988;174;148;189;145;224;194;222;161;219;104;269;193;306;211;294;197;321;172;295;161;319;139;321;114;332;89;347;201;366;176;418;145;440;140;442;121;100;205
A-int-1348-02.dw.png;A-int-1348;37.03333333;9.233333333;;A. m. intermissa;colony;Ruttner. 1988;178;155;192;151;232;201;226;165;224;108;282;198;321;215;309;202;338;174;307;162;331;136;334;110;344;85;366;202;385;174;433;142;459;136;460;115;105;216
A-int-1348-03.dw.png;A-int-1348;37.03333333;9.233333333;;A. m. intermissa;colony;Ruttner. 1988;162;146;176;144;206;196;205;161;210;104;252;198;288;220;277;206;311;184;284;170;310;148;314;123;328;101;331;215;354;189;405;167;435;162;438;142;79;192
A-int-1348-04.dw.png;A-int-1348;37.03333333;9.233333333;;A. m. intermissa;colony;Ruttner. 1988;174;162;189;156;222;204;224;171;220;115;268;202;312;221;297;207;325;182;297;169;327;146;328;119;339;96;356;211;374;184;424;153;452;147;454;126;102;221
A-int-1348-05.dw.png;A-int-1348;37.03333333;9.233333333;;A. m. intermissa;colony;Ruttner. 1988;163;155;183;152;209;203;215;168;211;111;262;201;300;220;287;206;316;181;290;169;313;144;317;119;329;94;341;211;360;184;411;154;438;147;441;126;89;213
A-int-1348-06.dw.png;A-int-1348;37.03333333;9.233333333;;A. m. intermissa;colony;Ruttner. 1988;169;158;183;154;218;205;219;169;217;110;266;203;305;223;293;208;324;183;294;168;319;145;322;117;334;95;353;212;373;185;423;154;451;149;453;129;94;212
A-int-1348-07.dw.png;A-int-1348;37.03333333;9.233333333;;A. m. intermissa;colony;Ruttner. 1988;188;146;204;142;237;191;237;157;238;101;284;189;324;206;312;193;342;168;316;157;338;134;340;108;352;87;364;197;385;169;429;142;460;134;462;115;116;200
A-int-1348-08.dw.png;A-int-1348;37.03333333;9.233333333;;A. m. intermissa;colony;Ruttner. 1988;187;148;202;145;234;196;237;162;239;103;284;194;325;212;312;199;341;174;317;162;340;138;342;111;353;90;366;203;387;175;436;145;462;139;465;119;117;205
A-int-1348-09.dw.png;A-int-1348;37.03333333;9.233333333;;A. m. intermissa;colony;Ruttner. 1988;168;150;184;148;218;199;217;163;215;108;267;195;307;213;293;200;320;177;293;165;318;141;320;114;330;92;345;204;366;179;415;149;442;145;445;121;96;208
A-int-1348-10.dw.png;A-int-1348;37.03333333;9.233333333;;A. m. intermissa;colony;Ruttner. 1988;178;169;194;165;227;215;228;181;224;123;278;210;317;227;303;214;331;189;304;177;331;152;333;125;342;101;363;216;382;188;430;158;460;149;461;130;106;230
A-int-1352-01.dw.png;A-int-1352;37.03333333;9.233333333;;A. m. intermissa;colony;Ruttner. 1988;177;151;193;149;219;192;224;162;223;107;269;190;310;207;296;193;321;170;300;160;323;135;323;111;332;87;350;196;369;170;423;139;447;133;449;114;103;207
A-int-1352-02.dw.png;A-int-1352;37.03333333;9.233333333;;A. m. intermissa;colony;Ruttner. 1988;192;150;208;147;231;195;239;160;238;104;289;191;331;209;315;196;342;170;321;159;343;135;343;109;353;85;370;200;393;172;446;141;469;136;471;118;114;210
A-int-1352-03.dw.png;A-int-1352;37.03333333;9.233333333;;A. m. intermissa;colony;Ruttner. 1988;166;178;179;174;212;219;213;185;205;130;260;211;306;225;292;214;317;185;290;176;311;149;310;123;316;99;347;211;365;182;415;145;437;137;439;116;95;244
A-int-1352-04.dw.png;A-int-1352;37.03333333;9.233333333;;A. m. intermissa;colony;Ruttner. 1988;165;152;181;149;209;197;217;165;211;109;263;194;307;211;294;198;319;175;294;162;318;138;317;114;326;89;350;201;367;175;419;144;444;140;446;119;89;208
A-int-1352-05.dw.png;A-int-1352;37.03333333;9.233333333;;A. m. intermissa;colony;Ruttner. 1988;173;154;187;151;222;200;225;167;219;110;277;196;315;213;301;201;330;176;306;165;326;139;327;114;335;91;360;202;377;176;427;145;454;139;457;120;94;209
A-int-1352-06.dw.png;A-int-1352;37.03333333;9.233333333;;A. m. intermissa;colony;Ruttner. 1988;174;161;187;158;215;204;219;171;217;116;267;198;307;214;293;201;319;176;297;165;317;141;318;116;327;94;347;202;364;173;414;141;437;134;438;114;102;221
A-int-1352-07.dw.png;A-int-1352;37.03333333;9.233333333;;A. m. intermissa;colony;Ruttner. 1988;184;158;202;154;230;200;235;168;229;113;282;195;323;212;310;199;336;173;313;164;335;138;335;112;342;87;365;201;383;173;432;140;458;134;460;114;108;213
A-int-1352-08.dw.png;A-int-1352;37.03333333;9.233333333;;A. m. intermissa;colony;Ruttner. 1988;163;129;180;126;204;175;210;143;211;88;252;174;292;193;281;180;306;156;289;144;312;121;316;97;326;74;336;184;358;159;407;131;432;127;433;107;84;183
A-int-1352-09.dw.png;A-int-1352;37.03333333;9.233333333;;A. m. intermissa;colony;Ruttner. 1988;152;142;168;138;203;186;204;151;197;93;250;180;293;197;279;184;304;158;279;147;305;122;305;95;313;71;335;185;354;158;406;126;434;119;436;98;83;209
A-int-1352-10.dw.png;A-int-1352;37.03333333;9.233333333;;A. m. intermissa;colony;Ruttner. 1988;176;131;191;130;209;179;222;148;224;93;261;183;299;206;289;191;321;172;299;157;325;136;330;110;342;89;343;201;363;178;423;153;445;150;451;131;91;176
A-int-1505-01.dw.png;A-int-1505;35.73333333;0.583333333;;A. m. intermissa;colony;Ruttner. 1988;168;158;180;154;215;199;215;167;210;112;260;193;303;208;290;195;312;170;292;160;312;137;314;110;324;87;346;194;366;168;413;134;435;127;437;111;103;216
A-int-1505-02.dw.png;A-int-1505;35.73333333;0.583333333;;A. m. intermissa;colony;Ruttner. 1988;172;160;187;155;223;204;220;168;214;109;273;193;312;208;301;196;327;170;303;158;324;132;325;103;333;79;356;193;373;168;426;129;453;119;450;99;99;225
A-int-1505-03.dw.png;A-int-1505;35.73333333;0.583333333;;A. m. intermissa;colony;Ruttner. 1988;181;161;194;158;219;208;223;173;226;120;271;207;308;227;298;213;323;189;304;177;328;154;332;130;342;108;350;219;371;194;421;166;447;162;451;141;105;211
A-int-1505-04.dw.png;A-int-1505;35.73333333;0.583333333;;A. m. intermissa;colony;Ruttner. 1988;184;182;199;178;233;226;232;192;227;136;283;219;320;236;309;223;331;196;310;186;334;158;334;129;344;105;366;222;386;194;437;157;460;151;462;130;111;241
A-int-1505-05.dw.png;A-int-1505;35.73333333;0.583333333;;A. m. intermissa;colony;Ruttner. 1988;173;181;185;177;220;219;218;186;214;132;270;211;308;225;295;213;317;185;298;176;317;149;318;122;326;100;352;209;366;181;415;144;437;137;437;117;106;241
A-int-1505-06.dw.png;A-int-1505;35.73333333;0.583333333;;A. m. intermissa;colony;Ruttner. 1988;201;185;214;181;251;223;245;190;243;135;297;214;339;228;325;215;349;189;322;179;343;151;345;124;353;102;378;211;396;182;438;146;464;135;463;116;136;249
A-int-1505-07.dw.png;A-int-1505;35.73333333;0.583333333;;A. m. intermissa;colony;Ruttner. 1988;170;157;180;155;215;202;211;169;207;118;259;198;298;213;286;201;309;178;287;168;309;143;313;117;319;95;339;203;359;177;413;143;433;136;434;117;97;213
A-int-1505-08.dw.png;A-int-1505;35.73333333;0.583333333;;A. m. intermissa;colony;Ruttner. 1988;198;167;210;164;243;213;241;177;240;123;290;207;331;222;319;210;348;185;320;173;342;149;343;123;352;103;376;208;393;184;440;151;461;145;464;126;123;226
A-int-1505-09.dw.png;A-int-1505;35.73333333;0.583333333;;A. m. intermissa;colony;Ruttner. 1988;173;159;184;158;219;209;215;173;214;118;264;206;305;222;294;210;320;185;298;173;320;149;324;122;334;101;351;212;372;187;426;156;447;151;450;130;95;215
A-int-1505-10.dw.png;A-int-1505;35.73333333;0.583333333;;A. m. intermissa;colony;Ruttner. 1988;175;151;188;148;227;199;219;164;221;108;271;198;308;215;298;203;323;179;302;166;324;144;331;116;341;95;356;205;377;181;428;152;452;147;456;128;105;207
A-int-1505-11.dw.png;A-int-1505;35.73333333;0.583333333;;A. m. intermissa;colony;Ruttner. 1988;174;152;189;150;220;200;219;165;220;110;270;197;306;215;295;202;327;178;301;163;325;140;328;112;339;88;355;203;374;179;430;146;453;141;456;121;95;204
A-int-1505-12.dw.png;A-int-1505;35.73333333;0.583333333;;A. m. intermissa;colony;Ruttner. 1988;192;148;203;146;233;195;236;163;236;109;284;194;320;212;309;199;334;178;314;165;337;142;342;116;352;94;360;205;379;182;437;150;461;146;463;128;117;196
A-int-1505-13.dw.png;A-int-1505;35.73333333;0.583333333;;A. m. intermissa;colony;Ruttner. 1988;192;165;205;161;237;210;237;174;233;117;287;204;326;219;313;208;336;182;318;170;339;146;341;117;350;96;374;206;392;181;441;149;464;144;465;124;116;221
A-int-1505-14.dw.png;A-int-1505;35.73333333;0.583333333;;A. m. intermissa;colony;Ruttner. 1988;204;143;218;140;255;189;254;156;251;100;298;187;339;203;329;192;356;168;332;154;354;133;358;106;368;84;385;192;406;169;460;139;484;133;489;115;131;197
A-int-1505-15.dw.png;A-int-1505;35.73333333;0.583333333;;A. m. intermissa;colony;Ruttner. 1988;188;166;199;162;236;210;236;178;227;120;287;203;323;216;310;205;335;180;313;169;333;144;334;117;338;93;365;202;384;177;435;141;456;135;458;116;118;230
A-int-1814-01.dw.png;A-int-1814;33.88333333;-5.616666667;1992;A. m. intermissa;colony;Ruttner. 1988;178;145;190;142;229;191;222;156;225;99;276;183;318;201;305;187;327;163;305;152;327;128;329;102;339;79;359;189;376;164;426;131;456;124;460;104;105;205
A-int-1814-02.dw.png;A-int-1814;33.88333333;-5.616666667;1992;A. m. intermissa;colony;Ruttner. 1988;191;147;203;145;239;192;235;159;233;105;285;188;322;205;310;193;337;167;317;156;337;131;337;108;347;84;363;194;382;168;430;137;458;129;461;110;116;203
A-int-1814-03.dw.png;A-int-1814;33.88333333;-5.616666667;1992;A. m. intermissa;colony;Ruttner. 1988;170;156;185;154;218;203;211;167;215;113;265;198;300;214;286;201;313;177;291;165;317;140;318;113;328;90;340;203;362;176;412;144;437;138;437;116;94;215
A-int-1814-04.dw.png;A-int-1814;33.88333333;-5.616666667;1992;A. m. intermissa;colony;Ruttner. 1988;169;143;183;141;210;190;215;157;216;103;265;189;302;207;293;195;318;171;296;159;319;138;322;111;331;91;347;197;368;174;416;146;441;141;444;120;95;196
A-int-1814-05.dw.png;A-int-1814;33.88333333;-5.616666667;1992;A. m. intermissa;colony;Ruttner. 1988;179;148;190;146;220;192;220;159;220;106;271;188;306;203;293;192;323;166;300;155;322;130;321;104;329;83;347;193;365;167;419;130;444;122;446;103;103;206
A-int-1814-06.dw.png;A-int-1814;33.88333333;-5.616666667;1992;A. m. intermissa;colony;Ruttner. 1988;193;159;203;155;241;204;239;168;230;113;290;199;327;214;317;202;344;176;322;165;341;139;341;112;349;89;368;202;391;176;439;146;464;139;468;119;119;218
A-int-1814-07.dw.png;A-int-1814;33.88333333;-5.616666667;1992;A. m. intermissa;colony;Ruttner. 1988;204;155;219;151;248;200;251;166;251;112;303;195;337;210;328;198;357;173;333;162;356;139;356;112;361;90;381;197;401;173;448;141;473;134;477;114;128;211
A-int-1814-08.dw.png;A-int-1814;33.88333333;-5.616666667;1992;A. m. intermissa;colony;Ruttner. 1988;211;159;226;156;252;203;258;171;257;117;304;199;345;217;330;203;358;179;337;166;361;143;362;117;372;94;390;205;410;178;460;145;487;137;487;117;135;215
A-int-1814-09.dw.png;A-int-1814;33.88333333;-5.616666667;1992;A. m. intermissa;colony;Ruttner. 1988;182;164;194;161;230;207;225;174;224;121;281;201;314;215;305;204;330;178;305;168;327;145;328;119;336;99;355;202;375;177;424;145;442;139;442;120;105;220
A-int-1814-10.dw.png;A-int-1814;33.88333333;-5.616666667;1992;A. m. intermissa;colony;Ruttner. 1988;170;150;185;148;207;197;212;164;217;111;259;196;293;213;283;201;307;179;288;168;311;144;314;119;323;96;336;205;352;182;399;153;427;147;431;127;89;200
A-int-1814-11.dw.png;A-int-1814;33.88333333;-5.616666667;1992;A. m. intermissa;colony;Ruttner. 1988;178;147;192;144;223;190;225;159;222;109;273;186;309;202;299;190;323;167;307;159;323;136;323;111;329;90;351;191;367;168;413;139;438;133;441;114;106;202
A-int-1814-12.dw.png;A-int-1814;33.88333333;-5.616666667;1992;A. m. intermissa;colony;Ruttner. 1988;176;152;187;149;222;196;220;161;220;105;273;190;308;204;296;194;321;168;302;159;323;134;321;108;332;87;353;191;370;167;413;136;440;129;443;110;108;212
A-int-1814-13.dw.png;A-int-1814;33.88333333;-5.616666667;1992;A. m. intermissa;colony;Ruttner. 1988;184;152;195;149;228;199;225;164;229;109;275;197;310;214;301;203;325;176;310;165;331;140;329;114;337;91;353;203;372;179;428;144;450;140;452;120;101;208
A-int-1814-14.dw.png;A-int-1814;33.88333333;-5.616666667;1992;A. m. intermissa;colony;Ruttner. 1988;179;163;193;161;225;213;225;177;225;119;274;211;310;228;300;217;324;190;306;179;330;153;331;126;338;103;351;219;374;194;431;160;452;156;457;135;97;221
A-int-2232-01.dw.png;A-int-2232;30.56666667;-8.033333333;1996;A. m. intermissa;colony;Ruttner. 1988;189;148;202;145;234;190;233;156;230;104;285;182;324;196;314;186;336;158;313;147;332;124;332;99;337;78;363;183;384;155;431;119;455;111;455;93;118;208
A-int-2232-02.dw.png;A-int-2232;30.56666667;-8.033333333;1996;A. m. intermissa;colony;Ruttner. 1988;171;148;184;145;218;191;217;157;212;104;271;185;307;199;296;188;320;160;299;149;319;127;319;101;327;79;350;186;370;157;420;124;444;117;442;97;100;208
A-int-2232-03.dw.png;A-int-2232;30.56666667;-8.033333333;1996;A. m. intermissa;colony;Ruttner. 1988;161;146;177;143;204;192;208;159;210;104;259;189;298;206;287;194;315;169;294;157;317;134;315;106;324;84;345;196;370;169;417;140;441;135;442;115;82;200
A-int-2232-04.dw.png;A-int-2232;30.56666667;-8.033333333;1996;A. m. intermissa;colony;Ruttner. 1988;169;149;183;146;212;196;213;160;216;106;266;190;300;205;289;194;318;169;294;155;318;132;319;106;329;86;343;194;367;167;419;133;442;128;441;108;94;211
A-int-2232-05.dw.png;A-int-2232;30.56666667;-8.033333333;1996;A. m. intermissa;colony;Ruttner. 1988;158;147;172;144;205;197;202;159;207;108;260;194;291;210;283;199;308;174;284;161;306;138;309;113;319;93;333;200;356;173;403;146;426;141;426;121;85;204
A-int-2232-06.dw.png;A-int-2232;30.56666667;-8.033333333;1996;A. m. intermissa;colony;Ruttner. 1988;180;153;195;149;229;199;224;164;226;112;278;197;316;215;305;203;339;178;310;163;335;142;337;116;345;95;363;204;385;178;436;149;462;143;464;123;99;210
A-int-2232-07.dw.png;A-int-2232;30.56666667;-8.033333333;1996;A. m. intermissa;colony;Ruttner. 1988;160;159;176;155;208;205;207;167;209;112;267;198;304;213;290;200;320;172;297;161;320;134;319;106;326;84;352;197;375;166;419;133;445;125;446;105;84;222
A-int-2232-08.dw.png;A-int-2232;30.56666667;-8.033333333;1996;A. m. intermissa;colony;Ruttner. 1988;174;157;191;154;220;204;220;167;223;114;273;201;312;218;301;205;328;179;306;167;329;143;331;117;339;96;356;208;380;179;427;148;455;143;455;122;94;211
A-int-2232-09.dw.png;A-int-2232;30.56666667;-8.033333333;1996;A. m. intermissa;colony;Ruttner. 1988;164;150;177;146;211;196;205;159;209;106;261;192;301;208;288;195;314;170;291;158;314;134;315;108;325;88;344;197;364;171;413;142;438;137;440;118;91;208
A-int-2232-10.dw.png;A-int-2232;30.56666667;-8.033333333;1996;A. m. intermissa;colony;Ruttner. 1988;197;149;212;145;243;198;243;160;245;107;300;194;332;210;322;198;348;172;328;159;348;136;349;109;358;87;377;199;399;171;448;143;471;137;472;116;123;206
A-int-2232-11.dw.png;A-int-2232;30.56666667;-8.033333333;1996;A. m. intermissa;colony;Ruttner. 1988;174;136;189;133;217;186;219;149;225;97;273;184;307;202;296;189;322;163;304;152;326;127;329;102;339;81;352;193;374;165;420;137;449;132;451;112;98;193
A-int-2232-12.dw.png;A-int-2232;30.56666667;-8.033333333;1996;A. m. intermissa;colony;Ruttner. 1988;160;152;177;149;212;197;207;161;210;105;263;192;302;208;290;196;313;169;289;156;313;133;315;106;324;82;344;196;364;167;416;134;443;128;443;107;87;212
A-int-2232-13.dw.png;A-int-2232;30.56666667;-8.033333333;1996;A. m. intermissa;colony;Ruttner. 1988;158;148;173;145;206;192;203;157;203;105;258;187;293;202;283;190;309;163;287;152;309;128;309;103;316;82;337;188;355;162;404;128;428;121;428;101;88;209
A-int-2232-14.dw.png;A-int-2232;30.56666667;-8.033333333;1996;A. m. intermissa;colony;Ruttner. 1988;192;143;206;141;241;193;234;155;242;103;290;191;325;209;315;196;342;171;316;156;343;134;346;109;355;87;367;199;390;171;441;143;466;139;468;119;110;201
A-int-2232-15.dw.png;A-int-2232;30.56666667;-8.033333333;1996;A. m. intermissa;colony;Ruttner. 1988;183;161;198;157;234;206;227;170;226;118;282;200;320;215;309;203;334;176;310;165;334;141;333;115;342;95;364;202;384;175;429;144;455;138;456;119;115;222
A-maj-0712-01.dw.png;A-maj-0712;35.11666667;-4.3;1976;A. m. major;colony;Ruttner. 1988;163;226;177;223;220;279;212;238;210;181;272;276;306;292;293;280;327;253;297;240;325;215;327;183;335;161;355;281;378;252;434;220;455;217;461;195;82;290
A-maj-0712-02.dw.png;A-maj-0712;35.11666667;-4.3;1976;A. m. major;colony;Ruttner. 1988;212;299;229;299;251;357;252;315;270;266;306;365;338;388;327;374;365;351;342;336;370;314;376;285;389;263;386;384;417;359;474;335;499;335;508;313;119;346
A-maj-0712-03.dw.png;A-maj-0712;35.11666667;-4.3;1976;A. m. major;colony;Ruttner. 1988;212;295;228;293;259;352;257;309;266;253;313;353;349;373;337;359;373;336;347;321;377;296;383;268;390;245;398;366;424;340;487;311;505;310;517;290;125;349
A-maj-0712-04.dw.png;A-maj-0712;35.11666667;-4.3;1976;A. m. major;colony;Ruttner. 1988;204;321;217;319;256;375;249;334;257;280;305;375;342;394;330;380;362;355;336;341;366;318;368;288;378;267;391;384;416;357;474;326;494;323;501;303;119;376
A-maj-0712-05.dw.png;A-maj-0712;35.11666667;-4.3;1976;A. m. major;colony;Ruttner. 1988;219;294;234;290;274;344;267;305;269;248;323;341;358;359;346;346;374;319;351;308;379;282;380;252;387;228;403;348;427;320;486;286;508;283;518;262;140;354
A-maj-0712-06.dw.png;A-maj-0712;35.11666667;-4.3;1976;A. m. major;colony;Ruttner. 1988;220;327;231;325;270;382;265;342;267;290;315;383;348;401;336;388;369;365;346;352;374;328;376;297;385;277;394;394;419;368;477;340;500;338;509;317;136;379
A-maj-0712-07.dw.png;A-maj-0712;35.11666667;-4.3;1976;A. m. major;colony;Ruttner. 1988;197;324;211;322;243;380;239;338;251;284;296;382;329;403;318;389;355;367;327;351;358;328;361;298;370;276;379;398;407;372;463;346;485;345;495;326;108;373
A-maj-0712-08.dw.png;A-maj-0712;35.11666667;-4.3;1976;A. m. major;colony;Ruttner. 1988;188;218;202;217;234;278;234;237;247;180;287;286;319;308;309;293;345;272;322;255;353;232;360;201;375;180;366;305;396;280;463;256;490;256;500;235;92;261
A-maj-0712-10.dw.png;A-maj-0712;35.11666667;-4.3;1976;A. m. major;colony;Ruttner. 1988;180;332;196;332;226;394;228;355;240;297;280;402;307;424;298;408;335;390;311;372;342;352;347;321;360;300;354;422;385;398;445;376;468;375;479;355;87;374
A-maj-0712-11.dw.png;A-maj-0712;35.11666667;-4.3;1976;A. m. major;colony;Ruttner. 1988;179;243;192;242;223;300;223;261;232;205;275;304;310;326;300;312;335;291;307;273;342;252;348;221;356;201;358;322;389;296;447;271;470;270;478;250;88;293
A-sah-0713-01.dw.png;A-sah-0713;30.36666667;-5.833333333;1976;A. m. sahariensis;colony;Ruttner. 1988;193;163;210;163;228;216;242;184;248;129;283;220;318;242;303;227;334;207;313;193;344;171;350;144;365;124;355;237;376;216;439;189;462;187;471;167;107;207
A-sah-0713-02.dw.png;A-sah-0713;30.36666667;-5.833333333;1976;A. m. sahariensis;colony;Ruttner. 1988;174;134;194;130;222;178;222;142;220;89;271;171;311;185;297;173;319;146;305;138;324;111;325;86;331;62;349;172;367;146;421;112;444;104;446;85;105;195
A-sah-0713-03.dw.png;A-sah-0713;30.36666667;-5.833333333;1976;A. m. sahariensis;colony;Ruttner. 1988;171;114;188;111;219;157;218;122;219;66;270;150;307;165;293;153;315;127;298;117;319;90;320;64;327;40;344;153;360;126;415;89;440;82;439;61;104;176
A-sah-0713-04.dw.png;A-sah-0713;30.36666667;-5.833333333;1976;A. m. sahariensis;colony;Ruttner. 1988;148;116;163;113;194;161;194;124;194;70;248;154;284;168;271;156;295;128;277;119;297;92;298;65;304;43;321;155;342;126;394;91;420;83;423;63;76;178
A-sah-0713-05.dw.png;A-sah-0713;30.36666667;-5.833333333;1976;A. m. sahariensis;colony;Ruttner. 1988;159;140;177;137;198;185;204;152;207;101;251;183;290;201;277;187;304;165;283;153;307;130;309;103;319;81;328;191;347;167;400;137;426;131;432;112;83;194
A-sah-0713-06.dw.png;A-sah-0713;30.36666667;-5.833333333;1976;A. m. sahariensis;colony;Ruttner. 1988;165;155;180;153;206;204;207;167;217;114;258;203;295;221;283;208;308;185;293;174;317;150;319;122;328;101;337;212;353;192;414;158;440;155;442;138;80;208
A-sah-0713-07.dw.png;A-sah-0713;30.36666667;-5.833333333;1976;A. m. sahariensis;colony;Ruttner. 1988;130;125;147;124;169;175;181;141;185;86;229;177;265;196;253;182;280;161;262;148;287;125;292;100;305;78;302;189;320;167;383;140;407;136;413;117;49;176
A-sah-0713-08.dw.png;A-sah-0713;30.36666667;-5.833333333;1976;A. m. sahariensis;colony;Ruttner. 1988;182;140;198;138;218;189;226;154;231;102;274;188;308;206;295;193;323;173;306;162;329;140;334;114;344;91;347;199;367;177;423;151;452;149;456;128;98;188
A-sah-0713-09.dw.png;A-sah-0713;30.36666667;-5.833333333;1976;A. m. sahariensis;colony;Ruttner. 1988;162;118;176;116;198;167;206;131;209;77;251;166;286;184;274;171;305;148;283;136;307;110;311;82;320;61;329;175;349;149;402;116;425;113;431;93;80;171
A-sah-0713-10.dw.png;A-sah-0713;30.36666667;-5.833333333;1976;A. m. sahariensis;colony;Ruttner. 1988;161;136;174;132;206;177;206;144;204;90;257;172;294;188;283;175;309;151;286;140;308;113;308;88;314;67;336;173;354;148;404;114;428;108;432;88;89;196
A-sah-0715-01.dw.png;A-sah-0715;31.96666667;-4.416666667;1976;A. m. sahariensis;colony;Ruttner. 1988;170;164;185;161;215;208;214;174;211;120;265;204;302;221;288;208;314;184;289;171;314;146;318;119;331;97;344;210;364;182;416;150;437;145;441;124;99;221
A-sah-0715-02.dw.png;A-sah-0715;31.96666667;-4.416666667;1976;A. m. sahariensis;colony;Ruttner. 1988;158;138;172;135;199;183;206;151;203;95;252;180;289;197;278;185;302;163;284;152;308;125;312;98;322;75;330;188;348;163;402;129;428;124;434;103;78;191
A-sah-0715-03.dw.png;A-sah-0715;31.96666667;-4.416666667;1976;A. m. sahariensis;colony;Ruttner. 1988;123;159;138;154;173;200;174;166;167;110;224;192;267;206;255;195;276;168;251;159;275;131;275;103;283;81;304;194;324;166;372;128;395;121;397;99;61;221
A-sah-0715-04.dw.png;A-sah-0715;31.96666667;-4.416666667;1976;A. m. sahariensis;colony;Ruttner. 1988;152;145;165;139;205;187;200;152;196;97;252;181;292;197;277;183;303;157;280;147;299;121;299;92;308;69;332;184;350;155;400;119;419;113;423;91;85;203
A-sah-0715-05.dw.png;A-sah-0715;31.96666667;-4.416666667;1976;A. m. sahariensis;colony;Ruttner. 1988;135;123;148;120;175;171;176;136;177;86;224;171;257;190;246;177;271;154;251;141;276;118;279;91;291;71;298;183;321;157;373;128;394;124;401;104;65;176
A-sah-0715-06.dw.png;A-sah-0715;31.96666667;-4.416666667;1976;A. m. sahariensis;colony;Ruttner. 1988;149;138;162;134;193;185;195;150;199;97;247;185;286;205;276;191;304;166;285;154;308;129;310;101;319;80;333;195;354;170;407;139;431;135;435;114;72;190
A-sah-0715-07.dw.png;A-sah-0715;31.96666667;-4.416666667;1976;A. m. sahariensis;colony;Ruttner. 1988;163;142;177;141;203;192;206;155;212;103;251;192;290;214;277;198;307;178;283;162;311;140;317;113;331;90;332;207;354;182;411;151;435;148;441;130;88;192
A-sah-0715-08.dw.png;A-sah-0715;31.96666667;-4.416666667;1976;A. m. sahariensis;colony;Ruttner. 1988;148;141;161;138;191;185;190;148;189;96;240;180;282;197;269;183;293;158;270;146;296;119;297;91;310;69;324;183;341;156;398;118;418;113;422;92;78;201
A-sah-0715-09.dw.png;A-sah-0715;31.96666667;-4.416666667;1976;A. m. sahariensis;colony;Ruttner. 1988;157;114;172;111;203;161;206;127;207;71;254;157;295;177;282;162;308;139;290;130;309;103;311;76;322;53;334;167;357;140;411;107;428;103;433;82;87;169
A-sah-0715-10.dw.png;A-sah-0715;31.96666667;-4.416666667;1976;A. m. sahariensis;colony;Ruttner. 1988;138;124;154;123;175;174;183;142;189;88;227;177;263;199;251;184;283;166;262;152;287;129;291;103;301;82;306;194;328;171;379;147;403;146;410;126;67;175
A-sah-0716-01.dw.png;A-sah-0716;31.46666667;-4.166666667;1976;A. m. sahariensis;colony;Ruttner. 1988;165;232;179;228;218;275;214;239;208;184;272;264;313;278;300;265;317;238;300;230;320;202;317;176;323;149;349;264;368;235;414;199;444;190;445;168;103;303
A-sah-0716-02.dw.png;A-sah-0716;31.46666667;-4.166666667;1976;A. m. sahariensis;colony;Ruttner. 1988;213;348;225;346;269;396;260;360;256;301;318;390;357;405;341;392;370;366;347;356;371;328;368;299;378;274;402;391;421;363;470;326;498;319;504;298;138;411
A-sah-0716-03.dw.png;A-sah-0716;31.46666667;-4.166666667;1976;A. m. sahariensis;colony;Ruttner. 1988;158;268;174;266;202;317;203;281;210;225;263;316;300;333;285;321;316;296;289;282;317;259;321;232;328;210;343;324;364;297;416;267;445;263;453;243;78;323
A-sah-0716-04.dw.png;A-sah-0716;31.46666667;-4.166666667;1976;A. m. sahariensis;colony;Ruttner. 1988;203;347;219;345;250;397;250;360;257;305;306;398;340;418;328;404;355;380;332;367;360;344;363;317;376;293;382;411;408;384;456;357;482;353;492;333;126;403
A-sah-0716-05.dw.png;A-sah-0716;31.46666667;-4.166666667;1976;A. m. sahariensis;colony;Ruttner. 1988;214;280;230;278;256;330;261;294;266;235;314;330;351;350;337;335;368;310;348;298;372;273;374;245;386;223;392;342;416;314;473;283;492;281;501;258;133;330
A-sah-0716-06.dw.png;A-sah-0716;31.46666667;-4.166666667;1976;A. m. sahariensis;colony;Ruttner. 1988;217;335;231;333;263;382;262;349;266;295;312;382;348;402;334;387;363;365;344;354;369;330;370;301;379;279;389;393;413;367;462;339;488;335;496;314;138;386
A-sah-0716-07.dw.png;A-sah-0716;31.46666667;-4.166666667;1976;A. m. sahariensis;colony;Ruttner. 1988;226;305;238;304;273;356;276;321;274;266;325;355;360;375;350;362;378;339;358;329;380;304;380;275;393;252;403;368;428;342;480;315;507;312;517;293;145;359
A-sah-0716-09.dw.png;A-sah-0716;31.46666667;-4.166666667;1976;A. m. sahariensis;colony;Ruttner. 1988;201;347;214;346;247;400;245;362;252;308;301;400;336;420;326;406;350;382;331;369;356;347;360;318;371;295;378;414;403;387;456;358;480;355;488;334;119;394
A-sah-0716-10.dw.png;A-sah-0716;31.46666667;-4.166666667;1976;A. m. sahariensis;colony;Ruttner. 1988;233;347;247;346;278;401;279;364;288;310;337;402;369;423;358;408;386;386;369;374;394;352;397;324;409;302;411;416;437;390;490;364;516;361;527;339;150;397
A-sah-0716-11.dw.png;A-sah-0716;31.46666667;-4.166666667;1976;A. m. sahariensis;colony;Ruttner. 1988;201;233;215;232;247;285;252;249;254;189;305;286;345;305;332;292;363;267;343;256;365;228;366;198;377;174;390;296;412;270;472;237;498;233;506;212;116;288
A-sah-0717-01.dw.png;A-sah-0717;31.46666667;-4.166666667;1976;A. m. sahariensis;colony;Ruttner. 1988;204;195;218;193;247;240;246;205;248;154;301;236;338;249;323;238;347;216;330;208;349;181;348;153;355;130;376;237;393;213;443;179;466;174;473;155;131;254
A-sah-0717-02.dw.png;A-sah-0717;31.46666667;-4.166666667;1976;A. m. sahariensis;colony;Ruttner. 1988;202;271;217;270;250;325;251;288;256;232;304;326;337;345;322;330;349;307;334;297;362;274;365;245;377;224;383;339;405;314;460;287;489;285;494;264;118;321
A-sah-0717-03.dw.png;A-sah-0717;31.46666667;-4.166666667;1976;A. m. sahariensis;colony;Ruttner. 1988;188;331;203;331;229;387;237;353;245;294;282;393;317;417;304;400;336;380;316;365;347;343;354;314;366;294;361;414;388;390;444;365;471;364;480;344;99;375
A-sah-0717-04.dw.png;A-sah-0717;31.46666667;-4.166666667;1976;A. m. sahariensis;colony;Ruttner. 1988;218;287;234;286;264;346;260;306;273;252;310;351;347;377;337;361;367;341;342;323;376;305;383;277;399;256;393;375;424;351;474;333;508;333;513;312;133;330
A-sah-0717-05.dw.png;A-sah-0717;31.46666667;-4.166666667;1976;A. m. sahariensis;colony;Ruttner. 1988;267;244;282;244;307;302;313;266;326;212;357;308;390;332;379;316;409;298;395;285;425;264;432;239;445;219;440;330;464;308;522;289;548;289;556;271;180;287
A-sah-0717-06.dw.png;A-sah-0717;31.46666667;-4.166666667;1976;A. m. sahariensis;colony;Ruttner. 1988;251;272;262;273;277;328;286;294;307;245;330;340;361;367;353;351;389;336;372;320;398;302;405;275;420;256;408;369;436;349;495;334;516;336;528;319;157;302
A-sah-0717-07.dw.png;A-sah-0717;31.46666667;-4.166666667;1976;A. m. sahariensis;colony;Ruttner. 1988;223;258;239;258;258;316;276;283;283;224;315;325;346;349;336;333;371;316;351;299;381;280;390;251;404;232;394;348;422;327;479;308;507;307;517;289;134;297
A-sah-0717-08.dw.png;A-sah-0717;31.46666667;-4.166666667;1976;A. m. sahariensis;colony;Ruttner. 1988;210;291;223;288;261;338;263;303;259;245;313;333;350;349;335;335;359;309;344;300;369;274;367;245;378;224;395;336;417;308;471;274;495;268;496;248;134;351
A-sah-0717-09.dw.png;A-sah-0717;31.46666667;-4.166666667;1976;A. m. sahariensis;colony;Ruttner. 1988;231;258;246;257;279;313;278;275;286;219;332;312;370;333;359;319;385;298;360;284;385;261;390;234;403;212;411;327;435;302;485;276;509;272;518;252;154;312
A-sah-0717-10.dw.png;A-sah-0717;31.46666667;-4.166666667;1976;A. m. sahariensis;colony;Ruttner. 1988;244;256;258;257;280;318;285;280;299;224;331;327;362;353;352;336;384;320;367;304;397;284;407;257;423;236;407;355;436;332;492;316;521;316;535;299;152;292
